{
    "power": {
        "sounds": [
            {
                "name": "pointblank:power",
                "stream": false
            }
        ]
    },
    "magicbullet": {
        "sounds": [
            {
                "name": "pointblank:magicbullet",
                "stream": false
            }
        ]
    },
    "magicload": {
        "sounds": [
            {
                "name": "pointblank:magicload",
                "stream": false
            }
        ]
    },
    "magiccharge": {
        "sounds": [
            {
                "name": "pointblank:magiccharge",
                "stream": false
            }
        ]
    },
    "shellout": {
        "sounds": [
            {
                "name": "pointblank:shellout",
                "stream": false
            }
        ]
    },
    "powercharge": {
        "sounds": [
            {
                "name": "pointblank:powercharge",
                "stream": false
            }
        ]
    },
    "magic": {
        "sounds": [
            {
                "name": "pointblank:magic",
                "stream": false
            }
        ]
    },
    "cog4": {
        "sounds": [
            {
                "name": "pointblank:cog4",
                "stream": false
            }
        ]
    },
    "metalhit": {
        "sounds": [
            {
                "name": "pointblank:metalhit",
                "stream": false
            }
        ]
    },
    "cog3": {
        "sounds": [
            {
                "name": "pointblank:cog3",
                "stream": false
            }
        ]
    },
    "rocketlaunch": {
        "sounds": [
            {
                "name": "pointblank:rocketlaunch",
                "stream": false
            }
        ]
    },
    "cta": {
        "sounds": [
            {
                "name": "pointblank:cta",
                "stream": false
            }
        ]
    },
    "powershot1": {
        "sounds": [
            {
                "name": "pointblank:powershot1",
                "stream": false
            }
        ]
    },
    "magout2": {
        "sounds": [
            {
                "name": "pointblank:magout2",
                "stream": false
            }
        ]
    },
    "cog1": {
        "sounds": [
            {
                "name": "pointblank:cog1",
                "stream": false
            }
        ]
    },
    "magout1": {
        "sounds": [
            {
                "name": "pointblank:magout1",
                "stream": false
            }
        ]
    },
    "steamcharge": {
        "sounds": [
            {
                "name": "pointblank:steamcharge",
                "stream": false
            }
        ]
    },
    "steamshot11": {
        "sounds": [
            {
                "name": "pointblank:steamshot11",
                "stream": false
            }
        ]
    },
    "steamshot": {
        "sounds": [
            {
                "name": "pointblank:steamshot",
                "stream": false
            }
        ]
    },
    "steamshot10": {
        "sounds": [
            {
                "name": "pointblank:steamshot10",
                "stream": false
            }
        ]
    },
    "steamshot9": {
        "sounds": [
            {
                "name": "pointblank:steamshot9",
                "stream": false
            }
        ]
    },
    "steamshot8": {
        "sounds": [
            {
                "name": "pointblank:steamshot8",
                "stream": false
            }
        ]
    },
    "steamshot7": {
        "sounds": [
            {
                "name": "pointblank:steamshot7",
                "stream": false
            }
        ]
    },
    "steamshot6": {
        "sounds": [
            {
                "name": "pointblank:steamshot6",
                "stream": false
            }
        ]
    },
    "steamshot5": {
        "sounds": [
            {
                "name": "pointblank:steamshot5",
                "stream": false
            }
        ]
    },
    "steamshot4": {
        "sounds": [
            {
                "name": "pointblank:steamshot4",
                "stream": false
            }
        ]
    },
    "bulletin": {
        "sounds": [
            {
                "name": "pointblank:bulletin",
                "stream": false
            }
        ]
    },
    "load2": {
        "sounds": [
            {
                "name": "pointblank:load2",
                "stream": false
            }
        ]
    },
    "load": {
        "sounds": [
            {
                "name": "pointblank:load",
                "stream": false
            }
        ]
    },
    "magon": {
        "sounds": [
            {
                "name": "pointblank:magon",
                "stream": false
            }
        ]
    },
    "magout": {
        "sounds": [
            {
                "name": "pointblank:magout",
                "stream": false
            }
        ]
    },
    "steamshot2": {
        "sounds": [
            {
                "name": "pointblank:steamshot2",
                "stream": false
            }
        ]
    },
    "result2": {
        "sounds": [
            {
                "name": "pointblank:result2",
                "stream": false
            }
        ]
    },
    "close": {
        "sounds": [
            {
                "name": "pointblank:close",
                "stream": false
            }
        ]
    },
    "steamshot3": {
        "sounds": [
            {
                "name": "pointblank:steamshot3",
                "stream": false
            }
        ]
    }
}