{
  "type": "kinetic_pixel:firearmforgeh",
  "ingredients": [
    {
      "item": "kinetic_pixel:enderalloycompressionsheet"
    },
    {
      "item": "minecraft:amethyst_shard"
    },
    {
      "item": "minecraft:amethyst_shard"
    },
    {
      "item": "minecraft:amethyst_shard"
    },
    {
      "item": "create:iron_sheet"
    },
    {
      "item": "create:iron_sheet"
    },
    {
      "tag": "kinetic_pixel:jei_empty_tag"
    },
    {
      "tag": "kinetic_pixel:jei_empty_tag"
    },
    {
      "tag": "kinetic_pixel:jei_empty_tag"
    },
    {
      "tag": "kinetic_pixel:jei_empty_tag"
    },
    {
      "item": "minecraft:blaze_rod"
    },
    {
      "item": "create:electron_tube"
    },
    {
      "item": "create:cogwheel"
    },
    {
      "item": "create:precision_mechanism"
    },
    {
      "item": "create:iron_sheet"
    },
    {
      "item": "kinetic_pixel:enderalloycompressionsheet"
    },
    {
      "item": "kinetic_pixel:enderalloycompressionsheet"
    },
    {
      "item": "kinetic_pixel:enderalloycompressionsheet"
    },
    {
      "item": "kinetic_pixel:enderalloycompressionsheet"
    },
    {
      "item": "kinetic_pixel:enderalloycompressionsheet"
    },
    {
      "item": "kinetic_pixel:strikerexciter"
    },
    {
      "item": "create:iron_sheet"
    },
    {
      "tag": "kinetic_pixel:jei_empty_tag"
    },
    {
      "item": "kinetic_pixel:enderalloycompressionsheet"
    },
    {
      "tag": "kinetic_pixel:jei_empty_tag"
    },
    {
      "tag": "kinetic_pixel:jei_empty_tag"
    },
    {
      "item": "kinetic_pixel:ammunitionbox"
    },
    {
     "item": "kinetic_pixel:ammunitionbox"
    },
    {
      "item": "kinetic_pixel:enderalloycompressionsheet"
    },
    {
      "tag": "kinetic_pixel:jei_empty_tag"
    },
    {
      "item": "create:iron_sheet"
    },
    {
      "item": "kinetic_pixel:enderalloycompressionsheet"
    }
  ],
  "output": {
    "item": "pointblank:e_vortex",
    "count": 1
  }
}