{
    "type": "create:mechanical_crafting",
    "acceptMirrored": false,
    "key": {
      "A": {
        "item": "kinetic_pixel:specialsteelingot"
      },
      "B": {
        "item": "create:chute"
      },
      "C": {
        "item": "kinetic_pixel:barrel"
      },
      "D": {
        "item": "kinetic_pixel:componenttemplate"
      }
    },
    "pattern": [
      "AA A",
      " D C",
      "AABA"
    ],
    "result": {
      "item": "pointblank:highpressuresuppressorii"
    }
  }