{
  "type": "kinetic_pixel:firearmforgest",
  "ingredients": [
    {
      "tag": "kinetic_pixel:jei_empty_tag"
    },
    {
      "tag": "kinetic_pixel:jei_empty_tag"
    },
    {
      "item": "kinetic_pixel:andesitealloycompressionsheet"
    },
    {
      "item": "kinetic_pixel:andesitealloycompressionsheet"
    },
    {
      "item": "create:iron_sheet"
    },
    {
      "item": "create:iron_sheet"
    },
    {
      "tag": "kinetic_pixel:jei_empty_tag"
    },
    {
      "tag": "kinetic_pixel:jei_empty_tag"
    },
    {
      "tag": "kinetic_pixel:jei_empty_tag"
    },
    {
      "item": "kinetic_pixel:barrel"
    },
    {
      "item": "kinetic_pixel:barrel"
    },
    {
      "item": "kinetic_pixel:barrel"
    },
    {
      "item": "kinetic_pixel:andesitealloycompressionsheet"
    },
    {
      "item": "create:cogwheel"
    },
    {
      "item": "kinetic_pixel:ammunitionbox"
    },
    {
      "item": "kinetic_pixel:ammunitionbox"
    },
    {
      "tag": "kinetic_pixel:jei_empty_tag"
    },
    {
      "item": "kinetic_pixel:andesitealloycompressionsheet"
    },
    {
      "item": "kinetic_pixel:gascylinder"
    },
    {
      "item": "kinetic_pixel:gascylinder"
    },
    {
      "item": "create:cogwheel"
    },
    {
      "item": "kinetic_pixel:pistonexciter"
    },
    {
      "tag": "kinetic_pixel:jei_empty_tag"
    },
    {
      "item": "kinetic_pixel:andesitealloycompressionsheet"
    },
    {
      "tag": "kinetic_pixel:jei_empty_tag"
    },
    {
      "tag": "kinetic_pixel:jei_empty_tag"
    },
    {
      "tag": "kinetic_pixel:jei_empty_tag"
    },
    {
      "tag": "kinetic_pixel:jei_empty_tag"
    },
    {
      "tag": "kinetic_pixel:jei_empty_tag"
    },
    {
      "item": "minecraft:iron_ingot"
    },
    {
      "item": "minecraft:iron_ingot"
    },
    {
      "tag": "kinetic_pixel:jei_empty_tag"
    }
  ],
  "output": {
    "item": "pointblank:st_rasword",
    "count": 1
  }
}