{
  "type": "kinetic_pixel:firearmforgex",
  "ingredients": [
    {
      "item": "kinetic_pixel:specialsteelcompressionsheet"
    },
    {
      "item": "kinetic_pixel:specialsteelcompressionsheet"
    },
    {
      "item": "kinetic_pixel:specialsteelcompressionsheet"
    },
    {
      "item": "kinetic_pixel:specialsteelcompressionsheet"
    },
    {
      "item": "create:iron_sheet"
    },
    {
      "item": "kinetic_pixel:ammunitionbox"
    },
    {
      "tag": "kinetic_pixel:jei_empty_tag"
    },
    {
      "tag": "kinetic_pixel:jei_empty_tag"
    },
    {
      "tag": "kinetic_pixel:jei_empty_tag"
    },
    {
      "item": "kinetic_pixel:barrel"
    },
    {
      "item": "kinetic_pixel:barrel"
    },
    {
      "item": "kinetic_pixel:barrel"
    },
    {
      "item": "kinetic_pixel:gascylinder"
    },
    {
      "item": "kinetic_pixel:ammunitionbox"
    },
    {
      "item": "create:cogwheel"
    },
    {
      "item": "create:iron_sheet"
    },
    {
      "item": "kinetic_pixel:specialsteelcompressionsheet"
    },
    {
      "item": "kinetic_pixel:specialsteelcompressionsheet"
    },
    {
      "item": "kinetic_pixel:specialsteelcompressionsheet"
    },
    {
      "item": "create:precision_mechanism"
    },
    {
      "item": "kinetic_pixel:pistonexciter"
    },
    {
      "tag": "kinetic_pixel:jei_empty_tag"
    },
    {
      "item": "create:iron_sheet"
    },
    {
      "item": "create:iron_sheet"
    },
    {
      "item": "kinetic_pixel:specialsteelcompressionsheet"
    },
    {
      "tag": "kinetic_pixel:jei_empty_tag"
    },
    {
      "tag": "kinetic_pixel:jei_empty_tag"
    },
    {
      "item": "kinetic_pixel:specialsteelcompressionsheet"
    },
    {
     "item": "create:iron_sheet"
    },
    {
      "item": "create:iron_sheet"
    },
    {
      "item": "create:iron_sheet"
    },
    {
      "tag": "kinetic_pixel:jei_empty_tag"
    }
  ],
  "output": {
    "item": "pointblank:x_pulse",
    "count": 1
  }
}