{
	"format_version": "1.8.0",
	"animations": {
		"animation.model.draw": {
			"loop": true,
			"animation_length": 1.2,
			"bones": {
				"main": {
					"rotation": {
						"0.0": {
							"vector": [32.09413, -54.38778, -8.29667]
						},
						"0.35": {
							"vector": [0.50518, -5.08075, 6.8716],
							"easing": "easeOutSine"
						},
						"0.5": {
							"vector": [0.32389, -0.60235, -2.1558],
							"easing": "linear"
						},
						"0.6": {
							"vector": [0, 0, 0],
							"easing": "linear"
						}
					},
					"position": {
						"0.0": {
							"vector": [0, -17.3, 0]
						},
						"0.25": {
							"vector": [-0.4, -2.525, -1.625],
							"easing": "linear"
						},
						"0.4": {
							"vector": [-0.05, 0, -2.49],
							"easing": "linear"
						},
						"0.55": {
							"vector": [0, 0, 0],
							"easing": "linear"
						}
					}
				},
				"leftarm": {
					"rotation": {
						"0.0": {
							"vector": [0, 0, 0]
						},
						"0.2": {
							"vector": [1, 0, -22]
						},
						"0.4": {
							"vector": [0, 0, 0]
						}
					},
					"position": {
						"0.0": {
							"vector": [0, 0, 0]
						},
						"0.2": {
							"vector": [3.53901, 3.6754, 5.59783]
						},
						"0.4": {
							"vector": [0, 0, 0]
						}
					}
				}
			},
			"sound_effects": {
				"0.0": {
					"effect": "draw"
				}
			}
		},
		"animation.model.inspect": {
			"loop": true,
			"animation_length": 4.26667,
			"bones": {
				"main": {
					"rotation": {
						"0.0": {
							"vector": [0, 0, 0]
						},
						"0.1667": {
							"vector": [-8.41746, -13.59608, -21.21259],
							"easing": "linear"
						},
						"0.3": {
							"vector": [-8.39812, -20.10111, -31.77688]
						},
						"0.4333": {
							"vector": [-9.55676, -20.88889, -28.55629]
						},
						"0.5333": {
							"vector": [-8.77652, -21.21647, -30.72851]
						},
						"0.7667": {
							"vector": [-9.4227, -20.94881, -28.93303]
						},
						"1.0": {
							"vector": [-3.1216, -20.98207, -46.44405]
						},
						"1.1333": {
							"vector": [-4.564, -20.73064, -42.44007]
						},
						"1.2333": {
							"vector": [-4.86325, -20.9153, -41.60203]
						},
						"1.3333": {
							"vector": [-4.58308, -20.97575, -42.38574]
						},
						"1.4667": {
							"vector": [-4.01131, -21.08802, -43.97908]
						},
						"1.6": {
							"vector": [-4.38767, -21.01662, -42.9316]
						},
						"1.7": {
							"vector": [-4.18847, -21.05622, -43.48691],
							"easing": "linear"
						},
						"2.0333": {
							"vector": [-16.91438, 5.38499, 54.40399],
							"easing": "linear"
						},
						"2.1667": {
							"vector": [-15.22513, 5.80082, 60.04554]
						},
						"2.3": {
							"vector": [-15.70981, 5.86025, 59.48558]
						},
						"2.4333": {
							"vector": [-15.93602, 7.03904, 62.69373]
						},
						"2.5667": {
							"vector": [-15.60896, 7.75082, 65.23442]
						},
						"2.7333": {
							"vector": [-15.71675, 7.52491, 64.42194]
						},
						"2.9": {
							"vector": [-15.56389, 7.84019, 65.55973]
						},
						"3.1": {
							"vector": [-15.61778, 7.73186, 65.16659]
						},
						"3.2667": {
							"vector": [-15.9801, 6.93689, 62.33342]
						},
						"3.4": {
							"vector": [-8.86998, 2.42135, 33.56191]
						},
						"3.5333": {
							"vector": [0, -1.75, -2.75]
						},
						"3.7": {
							"vector": [0, 0, 0]
						}
					},
					"position": {
						"0.0": {
							"vector": [0, 0, 0]
						},
						"0.3": {
							"vector": [-0.475, 1.475, -8.7]
						},
						"0.4": {
							"vector": [-0.195, 1, -7.7]
						},
						"0.5333": {
							"vector": [-0.03, 0.725, -7.7]
						},
						"0.7": {
							"vector": [0, 1.125, -7.7]
						},
						"0.9": {
							"vector": [0.125, 1.4, -8.275]
						},
						"1.2": {
							"vector": [-0.02, 1.475, -8]
						},
						"1.4": {
							"vector": [0.11, 1.425, -8.175]
						},
						"1.6667": {
							"vector": [0.275, 1.25, -7.975]
						},
						"1.8": {
							"vector": [-0.13, -1.19, -8.65]
						},
						"1.9667": {
							"vector": [-0.545, -1.325, -11.15]
						},
						"2.1333": {
							"vector": [-0.415, -1.395, -10.545]
						},
						"2.2667": {
							"vector": [-0.525, -1.455, -9.17]
						},
						"2.4": {
							"vector": [-0.49, -1.43, -9.85]
						},
						"2.5667": {
							"vector": [-0.455, -1.5, -9.24]
						},
						"2.7667": {
							"vector": [-0.53, -1.5, -9.27]
						},
						"3.0": {
							"vector": [-0.49, -1.41, -9.3]
						},
						"3.2333": {
							"vector": [-0.545, -1.325, -9.325]
						},
						"3.3667": {
							"vector": [-1.005, -0.61, -7.41]
						},
						"3.6333": {
							"vector": [0, 0, 0]
						}
					}
				},
				"leftarm": {
					"rotation": {
						"0.0": {
							"vector": [0, 0, 0]
						},
						"0.1667": {
							"vector": [0, 0, -2.5]
						},
						"1.7333": {
							"vector": [0, 0, -2.5]
						},
						"2.0333": {
							"vector": [-20, 0, -45]
						},
						"3.3": {
							"vector": [-20, 0, -45]
						},
						"3.5667": {
							"vector": [0, 0, 0]
						}
					},
					"position": {
						"0.0": {
							"vector": [0, 0, 0]
						},
						"0.1667": {
							"vector": [11.23986, -30.20851, 24.64864]
						},
						"1.7333": {
							"vector": [11.23986, -30.20851, 24.64864]
						},
						"2.0333": {
							"vector": [7.35, 6.25, 2.33]
						},
						"3.3": {
							"vector": [7.35, 6.25, 2.33]
						},
						"3.5667": {
							"vector": [0, 0, 0]
						}
					}
				},
				"bone": {
					"rotation": {
						"2.1333": {
							"vector": [0, 0, 0]
						},
						"2.2333": {
							"vector": [0, 45, 0]
						},
						"2.7667": {
							"vector": [0, 45, 0]
						},
						"2.9": {
							"vector": [0, 0, 0]
						}
					},
					"position": {
						"0.0": {
							"vector": [0, 0, 0]
						},
						"2.1333": {
							"vector": [0, 0, 0]
						},
						"2.2333": {
							"vector": [-5, 0, 1]
						},
						"2.7667": {
							"vector": [-5, 0, 1]
						},
						"2.9": {
							"vector": [0, 0, 0]
						}
					}
				},
				"bone2": {
					"rotation": {
						"2.1333": {
							"vector": [0, 0, 0]
						},
						"2.2333": {
							"vector": [0, -45, 0]
						},
						"2.7667": {
							"vector": [0, -45, 0]
						},
						"2.9": {
							"vector": [0, 0, 0]
						}
					},
					"position": {
						"2.1333": {
							"vector": [0, 0, 0]
						},
						"2.2333": {
							"vector": [5, 0, 1]
						},
						"2.7667": {
							"vector": [5, 0, 1]
						},
						"2.9": {
							"vector": [0, 0, 0]
						}
					}
				},
				"bone5": {
					"rotation": {
						"2.1333": {
							"vector": [0, 0, 0]
						},
						"2.2333": {
							"vector": [0, -42.5, 0]
						},
						"2.7667": {
							"vector": [0, -42.5, 0]
						},
						"2.9": {
							"vector": [0, 0, 0]
						}
					}
				}
			},
			"sound_effects": {
				"0.0": {
					"effect": "inspect_up"
				},
				"0.8": {
					"effect": "inspect_foley"
				},
				"1.3667": {
					"effect": "inspect_turn"
				},
				"2.0": {
					"effect": "cog1"
				},
				"2.7667": {
					"effect": "close"
				},
				"3.2667": {
					"effect": "inspect_down"
				}
			}
		},
		"animation.model.reloadempty": {
			"loop": true,
			"animation_length": 3.46667,
			"bones": {
				"main": {
					"rotation": {
						"0.0": {
							"vector": [0, 0, 0]
						},
						"0.1333": {
							"vector": [-5, 0, 32.5]
						},
						"0.3333": {
							"vector": [-5, 0, 32.5]
						},
						"0.5": {
							"vector": [-12.5, 0, 32.5]
						},
						"0.6667": {
							"vector": [-5, 0, 32.5]
						},
						"0.9": {
							"vector": [0, 0, 0]
						},
						"1.1333": {
							"vector": [-5.21485, -2.95862, -15.29475]
						},
						"1.2667": {
							"vector": [-5.32661, -2.7519, -13.05148]
						},
						"1.3667": {
							"vector": [-6.02889, 0.16976, 5.24751]
						},
						"1.4667": {
							"vector": [-6.24711, -1.203, -0.38662]
						},
						"1.6": {
							"vector": [-6.11401, -0.24184, -2.94553]
						},
						"1.7333": {
							"vector": [-5.5641, -3.67217, -16.73407]
						},
						"1.8667": {
							"vector": [-9.13595, -7.55317, -28.24841]
						},
						"2.0": {
							"vector": [-8.4828, -8.28104, -32.98754]
						},
						"2.1": {
							"vector": [-9.07014, -7.63227, -28.74648]
						},
						"2.2333": {
							"vector": [-6.70888, -8.74921, -39.37529]
						},
						"2.3333": {
							"vector": [-6.67274, -8.47385, -33.47033]
						},
						"2.4667": {
							"vector": [-5.35749, -3.38984, -21.36846]
						},
						"2.5667": {
							"vector": [0, 0, 0]
						},
						"2.7333": {
							"vector": [0.13906, -0.04789, 34.17497]
						},
						"2.9667": {
							"vector": [5.13906, -0.04789, 34.17497]
						},
						"3.2333": {
							"vector": [0.65978, 0.18913, -3.84963]
						},
						"3.4333": {
							"vector": [0, 0, 0]
						}
					},
					"position": {
						"0.0": {
							"vector": [0, 0, 0]
						},
						"0.1": {
							"vector": [11, 0, 2]
						},
						"0.4333": {
							"vector": [11, 0, 3]
						},
						"0.6667": {
							"vector": [11, 0, 2]
						},
						"0.8667": {
							"vector": [5.5, 0, 0]
						},
						"1.0667": {
							"vector": [0, 0, 0]
						},
						"1.1333": {
							"vector": [-0.575, 0, 0]
						},
						"1.2333": {
							"vector": [-0.38, 0.875, 0.35]
						},
						"1.3667": {
							"vector": [-0.705, -3.5, -0.675]
						},
						"1.5": {
							"vector": [-1.2, -2.62, -1.475]
						},
						"1.6667": {
							"vector": [-0.705, -1.9, -1.575]
						},
						"1.8": {
							"vector": [-0.55, -1.27, -3.6]
						},
						"1.9333": {
							"vector": [-0.7, -0.55, -1.85]
						},
						"2.0333": {
							"vector": [-0.85, -0.45, -1.3]
						},
						"2.1": {
							"vector": [-1.025, -0.475, -1.3]
						},
						"2.2": {
							"vector": [-1.075, -0.2, -1.3]
						},
						"2.2333": {
							"vector": [-1.575, 0.5, -0.775]
						},
						"2.3667": {
							"vector": [-1.075, -0.225, -1.025]
						},
						"2.5": {
							"vector": [-0.43, -0.51, -0.98]
						},
						"2.6": {
							"vector": [-0.505, -0.985, -1.855]
						},
						"2.7": {
							"vector": [7.035, -0.92, -0.73]
						},
						"2.8667": {
							"vector": [7.035, -0.92, -0.73]
						},
						"2.9667": {
							"vector": [7.035, -0.92, -1.73]
						},
						"3.1333": {
							"vector": [0.34, -0.865, -2.46]
						},
						"3.3333": {
							"vector": [0, 0, 0]
						}
					}
				},
				"bullet": {
					"position": {
						"1.0667": {
							"vector": [0, -1, 0]
						},
						"1.7333": {
							"vector": [0, -1, 0]
						},
						"1.7667": {
							"vector": [0, 0, 0]
						}
					}
				},
				"leftarm": {
					"rotation": {
						"1.0667": {
							"vector": [0, 0, 0]
						},
						"1.1333": {
							"vector": [-19.45644, -5.86858, 7.49224]
						},
						"1.2": {
							"vector": [-19.1063, -9.63723, 4.18713]
						},
						"1.3": {
							"vector": [-15.03103, -13.37925, 0.82083]
						},
						"1.4": {
							"vector": [43.07804, 15.85303, 7.64839]
						},
						"1.9": {
							"vector": [9.84584, 4.15599, 15.03241]
						},
						"1.9667": {
							"vector": [9.84584, 4.15599, 15.03241]
						},
						"2.0333": {
							"vector": [6.77665, 5.80251, 14.43551]
						},
						"2.1": {
							"vector": [6.85598, 4.18921, 15.11822]
						},
						"2.1667": {
							"vector": [0.91192, 3.09309, 15.72168]
						},
						"2.3": {
							"vector": [0.91192, 3.09309, 15.72168]
						},
						"2.5": {
							"vector": [0, 0, 0]
						}
					},
					"position": {
						"1.0667": {
							"vector": [0, 0, 0]
						},
						"1.1333": {
							"vector": [0, -8.975, 1.45]
						},
						"1.2": {
							"vector": [0, -9.975, 4.45]
						},
						"1.3": {
							"vector": [-0.575, -9.975, 6.425]
						},
						"1.4": {
							"vector": [-3.58, -9.97, 13.38]
						},
						"1.7667": {
							"vector": [-6.055, -14.32, 12.98]
						},
						"1.9": {
							"vector": [-3.435, -4.77, 11.98]
						},
						"1.9667": {
							"vector": [-3.435, -4.77, 11.98]
						},
						"2.0333": {
							"vector": [-3.805, -7.595, 11.755]
						},
						"2.1": {
							"vector": [-3.9, -5.575, 10.76]
						},
						"2.1667": {
							"vector": [-3.9, -4.175, 9.76]
						},
						"2.3": {
							"vector": [-3.9, -6.175, 12.76]
						},
						"2.5": {
							"vector": [0, 0, 0]
						}
					}
				},
				"magazine": {
					"rotation": {
						"1.0667": {
							"vector": [0, 0, 0]
						},
						"1.3": {
							"vector": [0, 0, 0]
						},
						"1.7333": {
							"vector": [0, 0, 0]
						},
						"1.8667": {
							"vector": [-8.5, -2, 1.25]
						},
						"1.9667": {
							"vector": [-8.44764, 1.25068, -0.24794]
						},
						"2.0333": {
							"vector": [0.10142, 1.24766, 2.00259]
						},
						"2.1": {
							"vector": [0, 0, -0.75]
						},
						"2.1667": {
							"vector": [0, 0, 0]
						}
					},
					"position": {
						"1.0667": {
							"vector": [0, 0, 0]
						},
						"1.3": {
							"vector": [0, 0, 0]
						},
						"1.4": {
							"vector": [0, -23, 0]
						},
						"1.7333": {
							"vector": [0, -23, 0]
						},
						"1.8667": {
							"vector": [0.725, -7.55, -1.9]
						},
						"1.9667": {
							"vector": [0.125, -7.605, -2.075]
						},
						"2.0333": {
							"vector": [-0.645, -7.1, 0]
						},
						"2.1": {
							"vector": [0, -6.025, 0]
						},
						"2.1667": {
							"vector": [0, 0, 0]
						}
					}
				},
				"rightarm": {
					"rotation": {
						"0.1333": {
							"vector": [0, 0, 0]
						},
						"0.2333": {
							"vector": [0, 7.5, 0]
						},
						"0.3": {
							"vector": [-0.13276, 2.60691, 1.0373]
						},
						"0.3667": {
							"vector": [-0.13276, 2.60691, 1.0373]
						},
						"0.6667": {
							"vector": [0, 7.5, 0]
						},
						"0.8": {
							"vector": [0, 0, 0]
						},
						"2.6": {
							"vector": [0, 0, 0]
						},
						"2.7": {
							"vector": [0, 7.5, 0]
						},
						"2.7667": {
							"vector": [-0.13276, 2.60691, 1.0373]
						},
						"3.1667": {
							"vector": [0, 0, 0]
						}
					},
					"position": {
						"0.1333": {
							"vector": [0, 0, 0]
						},
						"0.2333": {
							"vector": [-11, 6, -2]
						},
						"0.3": {
							"vector": [-9, 6, -8]
						},
						"0.3667": {
							"vector": [-9, 6, -8]
						},
						"0.5": {
							"vector": [-9, 6, 0]
						},
						"0.5667": {
							"vector": [-9, 6, 0]
						},
						"0.6667": {
							"vector": [-11, 6, -2]
						},
						"0.8": {
							"vector": [0, 0, 0]
						},
						"2.6": {
							"vector": [0, 0, 0]
						},
						"2.7": {
							"vector": [-9, 3, 5]
						},
						"2.7667": {
							"vector": [-9, 6, 2]
						},
						"2.9333": {
							"vector": [-9, 6, -7.14]
						},
						"3.0667": {
							"vector": [-9, 2, 0]
						},
						"3.1667": {
							"vector": [0, 0, 0]
						}
					}
				},
				"spinny": {
					"rotation": {
						"0.3667": {
							"vector": [0, 0, 0]
						},
						"0.5667": {
							"vector": [0, 0, -97.5]
						},
						"2.7667": {
							"vector": [0, 0, -97.5]
						},
						"2.9667": {
							"vector": [0, 0, 0]
						}
					}
				},
				"bone4": {
					"position": {
						"0.3667": {
							"vector": [0, 0, 0]
						},
						"0.5": {
							"vector": [0, 0, 6]
						},
						"2.7667": {
							"vector": [0, 0, 6]
						},
						"2.9": {
							"vector": [0, 0, 0]
						}
					}
				}
			},
			"sound_effects": {
				"0.3333": {
					"effect": "boltback"
				},
				"1.2333": {
					"effect": "m4_magout"
				},
				"1.4333": {
					"effect": "foley_start"
				},
				"1.9": {
					"effect": "m4_magin"
				},
				"2.5667": {
					"effect": "foley_end"
				},
				"2.7": {
					"effect": "boltforward"
				}
			}
		},
		"animation.model.reload": {
			"loop": true,
			"animation_length": 1.6,
			"bones": {
				"main": {
					"rotation": {
						"0.0": {
							"vector": [0, 0, 0]
						},
						"0.1333": {
							"vector": [-5.21485, -2.95862, -15.29475]
						},
						"0.2": {
							"vector": [-5.32661, -2.7519, -13.05148]
						},
						"0.3": {
							"vector": [-6.02889, 0.16976, 5.24751]
						},
						"0.4": {
							"vector": [-6.24711, -1.203, -0.38662]
						},
						"0.5333": {
							"vector": [-6.11401, -0.24184, -2.94553]
						},
						"0.6667": {
							"vector": [-5.5641, -3.67217, -16.73407]
						},
						"0.8": {
							"vector": [-9.13595, -7.55317, -28.24841]
						},
						"0.9333": {
							"vector": [-8.4828, -8.28104, -32.98754]
						},
						"1.0667": {
							"vector": [-9.07014, -7.63227, -28.74648]
						},
						"1.1667": {
							"vector": [-6.70888, -8.74921, -39.37529]
						},
						"1.2667": {
							"vector": [-6.67274, -8.47385, -33.47033]
						},
						"1.4333": {
							"vector": [0.65978, 0.18913, -3.84963]
						},
						"1.5333": {
							"vector": [0, 0, 0]
						}
					},
					"position": {
						"0.0": {
							"vector": [0, 0, 0]
						},
						"0.0667": {
							"vector": [-0.575, 0, 0]
						},
						"0.1667": {
							"vector": [-0.38, 0.875, 0.35]
						},
						"0.3": {
							"vector": [-0.705, -3.5, -0.675]
						},
						"0.4333": {
							"vector": [-1.2, -2.62, -1.475]
						},
						"0.6": {
							"vector": [-0.705, -1.9, -1.575]
						},
						"0.7333": {
							"vector": [-0.55, -1.27, -3.6]
						},
						"0.8667": {
							"vector": [-0.7, -0.55, -1.85]
						},
						"0.9667": {
							"vector": [-0.85, -0.45, -1.3]
						},
						"1.0333": {
							"vector": [-1.025, -0.475, -1.3]
						},
						"1.1333": {
							"vector": [-1.075, -0.2, -1.3]
						},
						"1.2": {
							"vector": [-1.575, 0.5, -0.775]
						},
						"1.3": {
							"vector": [-1.075, -0.225, -1.025]
						},
						"1.3667": {
							"vector": [-0.23, -0.81, -2.13]
						},
						"1.4667": {
							"vector": [0.34, -0.865, -2.46]
						},
						"1.5333": {
							"vector": [0, 0, 0]
						}
					}
				},
				"leftarm": {
					"rotation": {
						"0.0": {
							"vector": [0, 0, 0]
						},
						"0.0667": {
							"vector": [-19.45644, -5.86858, 7.49224]
						},
						"0.1333": {
							"vector": [-19.1063, -9.63723, 4.18713]
						},
						"0.2333": {
							"vector": [-15.03103, -13.37925, 0.82083]
						},
						"0.3333": {
							"vector": [43.07804, 15.85303, 7.64839]
						},
						"0.8333": {
							"vector": [9.84584, 4.15599, 15.03241]
						},
						"0.9": {
							"vector": [9.77665, 5.80251, 14.43551]
						},
						"0.9667": {
							"vector": [6.77665, 5.80251, 14.43551]
						},
						"1.0333": {
							"vector": [6.85598, 4.18921, 15.11822]
						},
						"1.1": {
							"vector": [0.91192, 3.09309, 15.72168]
						},
						"1.2333": {
							"vector": [0.91192, 3.09309, 15.72168]
						},
						"1.4667": {
							"vector": [0, 0, 0]
						}
					},
					"position": {
						"0.0": {
							"vector": [0, 0, 0]
						},
						"0.0667": {
							"vector": [0, -8.975, 1.45]
						},
						"0.1333": {
							"vector": [0, -6.975, 4.45]
						},
						"0.2333": {
							"vector": [-0.575, -6.975, 6.425]
						},
						"0.3": {
							"vector": [-2.58, -4.97, 15.4]
						},
						"0.3333": {
							"vector": [-3.58, -3.97, 15.38]
						},
						"0.7": {
							"vector": [-4.055, -12.32, 14.98]
						},
						"0.8": {
							"vector": [-4.39, -4.02, 12.58]
						},
						"0.9333": {
							"vector": [-4.5, -5.22, 11.38]
						},
						"1.0": {
							"vector": [-4.06, -5.82, 11.53]
						},
						"1.0667": {
							"vector": [-3.62, -3.42, 11.4]
						},
						"1.1": {
							"vector": [-3.4, -1.97, 10.17]
						},
						"1.2": {
							"vector": [-2.59, -3.43, 7.7]
						},
						"1.3": {
							"vector": [-1.22, -9.89, 3.54]
						},
						"1.4667": {
							"vector": [0, 0, 0]
						}
					}
				},
				"magazine": {
					"rotation": {
						"0.0": {
							"vector": [0, 0, 0]
						},
						"0.2333": {
							"vector": [0, 0, 0]
						},
						"0.6667": {
							"vector": [0, 0, 0]
						},
						"0.8": {
							"vector": [-8.5, -2, 1.25]
						},
						"0.9": {
							"vector": [-8.44764, 1.25068, -0.24794]
						},
						"0.9667": {
							"vector": [0.10142, 1.24766, 2.00259]
						},
						"1.0333": {
							"vector": [0, 0, -0.75]
						},
						"1.1": {
							"vector": [0, 0, 0]
						}
					},
					"position": {
						"0.0": {
							"vector": [0, 0, 0]
						},
						"0.2333": {
							"vector": [0, 0, 0]
						},
						"0.3333": {
							"vector": [0, -23, 0]
						},
						"0.6667": {
							"vector": [0, -23, 0]
						},
						"0.8": {
							"vector": [0.725, -7.55, -1.9]
						},
						"0.9": {
							"vector": [0.125, -7.605, -2.075]
						},
						"0.9667": {
							"vector": [-0.645, -7.1, 0]
						},
						"1.0333": {
							"vector": [0, -6.025, 0]
						},
						"1.1": {
							"vector": [0, 0, 0]
						}
					}
				}
			},
			"sound_effects": {
				"0.1667": {
					"effect": "m4_magout"
				},
				"0.3667": {
					"effect": "foley_start"
				},
				"0.8333": {
					"effect": "m4_magin"
				},
				"1.5": {
					"effect": "foley_end"
				}
			}
		},
		"animation.model.fire": {
			"animation_length": 0.375,
			"bones": {
				"main": {
					"rotation": {
						"0.0": {
							"vector": [0, 0, 0]
						},
						"0.0417": {
							"vector": [-2.49527, 0.21782, 2.4905]
						},
						"0.375": {
							"vector": [0, 0, 0]
						}
					},
					"position": {
						"0.0": {
							"vector": [0, 0, 0]
						},
						"0.0417": {
							"vector": [0, 0, 2]
						},
						"0.375": {
							"vector": [0, 0, 0]
						}
					}
				},
				"bone4": {
					"position": {
						"0.0": {
							"vector": [0, 0, 0]
						},
						"0.0417": {
							"vector": [0, 0, 6]
						},
						"0.125": {
							"vector": [0, 0, 6]
						},
						"0.2083": {
							"vector": [0, 0, 0]
						}
					}
				}
			}
		},
		"animation.model.completefire": {
			"animation_length": 1,
			"sound_effects": {
				"0.0": {
					"effect": "cog4"
				}
			}
		}
	},
	"geckolib_format_version": 2
}