{
	"format_version": "1.8.0",
	"animations": {
		"animation.model.fire": {
			"loop": true,
			"animation_length": 0.08333,
			"bones": {
				"bone2": {
					"rotation": {
						"0.0": {
							"vector": [0, 0, 0]
						},
						"0.0417": {
							"vector": [-5.0656, -15.48844, 45.2712],
							"easing": "linear"
						},
						"0.0833": {
							"vector": [0, 0, 0]
						}
					}
				}
			}
		},
		"animation.model.reloadempty": {
			"loop": true,
			"animation_length": 2.0333,
			"bones": {
				"main": {
					"rotation": {
						"0.0": {
							"vector": [0, 0, 0]
						},
						"0.1333": {
							"vector": [-5.21485, -2.95862, -15.29475]
						},
						"0.2": {
							"vector": [-5.32661, -2.7519, -13.05148]
						},
						"0.3": {
							"vector": [-6.02889, 0.16976, 5.24751]
						},
						"0.4": {
							"vector": [-6.24711, -1.203, -0.38662]
						},
						"0.5333": {
							"vector": [-6.11401, -0.24184, -2.94553]
						},
						"0.6667": {
							"vector": [-5.5641, -3.67217, -16.73407]
						},
						"0.8": {
							"vector": [-9.13595, -7.55317, -28.24841]
						},
						"0.9333": {
							"vector": [-8.4828, -8.28104, -32.98754]
						},
						"1.0667": {
							"vector": [-9.07014, -7.63227, -28.74648]
						},
						"1.1667": {
							"vector": [-6.70888, -8.74921, -39.37529]
						},
						"1.2667": {
							"vector": [-6.67274, -8.47385, -33.47033]
						},
						"1.4": {
							"vector": [-6.12603, -1.62541, -3.94012]
						},
						"1.5667": {
							"vector": [0, 0, 0]
						}
					},
					"position": {
						"0.0": {
							"vector": [0, 0, 0]
						},
						"0.0667": {
							"vector": [-0.575, 0, 0]
						},
						"0.1667": {
							"vector": [-0.38, 0.875, 0.35]
						},
						"0.3": {
							"vector": [-0.705, -3.5, -0.675]
						},
						"0.4333": {
							"vector": [-1.2, -2.62, -1.475]
						},
						"0.6": {
							"vector": [-0.705, -1.9, -1.575]
						},
						"0.7333": {
							"vector": [-0.55, -1.27, -3.6]
						},
						"0.8667": {
							"vector": [-0.7, -0.55, -1.85]
						},
						"0.9667": {
							"vector": [-0.85, -0.45, -1.3]
						},
						"1.0333": {
							"vector": [-1.025, -0.475, -1.3]
						},
						"1.1333": {
							"vector": [-1.075, -0.2, -1.3]
						},
						"1.2": {
							"vector": [-1.575, 0.5, -0.775]
						},
						"1.3": {
							"vector": [-1.075, -0.225, -1.025]
						},
						"1.4333": {
							"vector": [-0.43, -0.51, -0.98]
						},
						"1.5": {
							"vector": [0, 0, 0]
						}
					}
				},
				"bullet": {
					"position": {
						"0.0": {
							"vector": [0, -1, 0]
						},
						"0.6667": {
							"vector": [0, -1, 0]
						},
						"0.7": {
							"vector": [0, 0, 0]
						}
					}
				},
				"leftarm": {
					"rotation": {
						"0.0": {
							"vector": [0, 0, 0]
						},
						"0.2": {
							"vector": [0, -50, 0]
						},
						"1.1333": {
							"vector": [0, -50, 0]
						},
						"1.2667": {
							"vector": [0, 0, 0]
						}
					},
					"position": {
						"0.0": {
							"vector": [0, 0, 0]
						},
						"0.1": {
							"vector": [17, 0, 0]
						},
						"0.1667": {
							"vector": [12.45, 5, 10]
						},
						"0.2": {
							"vector": [2.45, 2.67, 6]
						},
						"0.2667": {
							"vector": [16.45, 1, 6]
						},
						"0.5": {
							"vector": [19.07, -22.31, 8.69]
						},
						"0.7": {
							"vector": [21.45, -34, 10]
						},
						"1.0": {
							"vector": [10.45, 1, 10]
						},
						"1.1333": {
							"vector": [6.45, 3, 8]
						},
						"1.1667": {
							"vector": [8.45, 9, 9]
						},
						"1.2": {
							"vector": [9.78, 5.33, 10.33]
						},
						"1.2667": {
							"vector": [12.45, 10, 13]
						},
						"1.3": {
							"vector": [12.45, 10, 13]
						},
						"1.4667": {
							"vector": [15.45, 9, 13]
						},
						"1.6333": {
							"vector": [0, 0, 0]
						}
					}
				},
				"magazine": {
					"rotation": {
						"0.0": {
							"vector": [0, 0, 0]
						},
						"0.2333": {
							"vector": [0, 0, 0]
						},
						"0.3333": {
							"vector": [10, 0, 12.5]
						},
						"0.6667": {
							"vector": [0, 0, 0]
						},
						"1.0": {
							"vector": [-8.5, -2, 1.25]
						},
						"1.1": {
							"vector": [-8.44764, 1.25068, -0.24794]
						},
						"1.1667": {
							"vector": [0, 0, 0]
						},
						"1.2333": {
							"vector": [0, 0, 0]
						},
						"1.3": {
							"vector": [0, 0, 0]
						}
					},
					"position": {
						"0.0": {
							"vector": [0, 0, 0]
						},
						"0.2333": {
							"vector": [0, 0, 0]
						},
						"0.2667": {
							"vector": [14, 0, 0]
						},
						"0.3333": {
							"vector": [15, -6, 0]
						},
						"0.6667": {
							"vector": [22, -40, 4]
						},
						"1.0": {
							"vector": [9.725, 0.45, 3.1]
						},
						"1.1": {
							"vector": [6.125, 2.395, 2.925]
						},
						"1.1667": {
							"vector": [4, 0, 0]
						},
						"1.2333": {
							"vector": [0, 0, 0]
						},
						"1.3": {
							"vector": [0, 0, 0]
						}
					}
				},
				"spinny": {
					"rotation": {
						"1.3": {
							"vector": [0, 0, 0]
						},
						"1.4": {
							"vector": [0, 0, -150]
						}
					}
				}
			},
			"sound_effects": {
				"0.1667": {
					"effect": "m4_magout"
				},
				"0.3667": {
					"effect": "foley_start"
				},
				"1.1333": {
					"effect": "magon"
				},
				"1.5": {
					"effect": "foley_end"
				}
			}
		},
		"animation.model.reload": {
			"loop": true,
			"animation_length": 2.0333,
			"bones": {
				"main": {
					"rotation": {
						"0.0": {
							"vector": [0, 0, 0]
						},
						"0.1333": {
							"vector": [-5.21485, -2.95862, -15.29475]
						},
						"0.2": {
							"vector": [-5.32661, -2.7519, -13.05148]
						},
						"0.3": {
							"vector": [-6.02889, 0.16976, 5.24751]
						},
						"0.4": {
							"vector": [-6.24711, -1.203, -0.38662]
						},
						"0.5333": {
							"vector": [-6.11401, -0.24184, -2.94553]
						},
						"0.6667": {
							"vector": [-5.5641, -3.67217, -16.73407]
						},
						"0.8": {
							"vector": [-9.13595, -7.55317, -28.24841]
						},
						"0.9333": {
							"vector": [-8.4828, -8.28104, -32.98754]
						},
						"1.0667": {
							"vector": [-9.07014, -7.63227, -28.74648]
						},
						"1.1667": {
							"vector": [-6.70888, -8.74921, -39.37529]
						},
						"1.2667": {
							"vector": [-6.67274, -8.47385, -33.47033]
						},
						"1.4": {
							"vector": [-6.12603, -1.62541, -3.94012]
						},
						"1.5667": {
							"vector": [0, 0, 0]
						}
					},
					"position": {
						"0.0": {
							"vector": [0, 0, 0]
						},
						"0.0667": {
							"vector": [-0.575, 0, 0]
						},
						"0.1667": {
							"vector": [-0.38, 0.875, 0.35]
						},
						"0.3": {
							"vector": [-0.705, -3.5, -0.675]
						},
						"0.4333": {
							"vector": [-1.2, -2.62, -1.475]
						},
						"0.6": {
							"vector": [-0.705, -1.9, -1.575]
						},
						"0.7333": {
							"vector": [-0.55, -1.27, -3.6]
						},
						"0.8667": {
							"vector": [-0.7, -0.55, -1.85]
						},
						"0.9667": {
							"vector": [-0.85, -0.45, -1.3]
						},
						"1.0333": {
							"vector": [-1.025, -0.475, -1.3]
						},
						"1.1333": {
							"vector": [-1.075, -0.2, -1.3]
						},
						"1.2": {
							"vector": [-1.575, 0.5, -0.775]
						},
						"1.3": {
							"vector": [-1.075, -0.225, -1.025]
						},
						"1.4333": {
							"vector": [-0.43, -0.51, -0.98]
						},
						"1.5": {
							"vector": [0, 0, 0]
						}
					}
				},
				"bullet": {
					"position": {
						"0.0": {
							"vector": [0, -1, 0]
						},
						"0.6667": {
							"vector": [0, -1, 0]
						},
						"0.7": {
							"vector": [0, 0, 0]
						}
					}
				},
				"leftarm": {
					"rotation": {
						"0.0": {
							"vector": [0, 0, 0]
						},
						"0.2": {
							"vector": [0, -50, 0]
						},
						"1.1333": {
							"vector": [0, -50, 0]
						},
						"1.2667": {
							"vector": [0, 0, 0]
						}
					},
					"position": {
						"0.0": {
							"vector": [0, 0, 0]
						},
						"0.1": {
							"vector": [17, 0, 0]
						},
						"0.1667": {
							"vector": [12.45, 5, 10]
						},
						"0.2": {
							"vector": [2.45, 2.67, 6]
						},
						"0.2667": {
							"vector": [16.45, 1, 6]
						},
						"0.5": {
							"vector": [19.07, -22.31, 8.69]
						},
						"0.7": {
							"vector": [21.45, -34, 10]
						},
						"1.0": {
							"vector": [10.45, 1, 10]
						},
						"1.1333": {
							"vector": [6.45, 3, 8]
						},
						"1.1667": {
							"vector": [8.45, 9, 9]
						},
						"1.2": {
							"vector": [9.78, 5.33, 10.33]
						},
						"1.2667": {
							"vector": [12.45, 10, 13]
						},
						"1.3": {
							"vector": [12.45, 10, 13]
						},
						"1.4667": {
							"vector": [15.45, 9, 13]
						},
						"1.6333": {
							"vector": [0, 0, 0]
						}
					}
				},
				"magazine": {
					"rotation": {
						"0.0": {
							"vector": [0, 0, 0]
						},
						"0.2333": {
							"vector": [0, 0, 0]
						},
						"0.3333": {
							"vector": [10, 0, 12.5]
						},
						"0.6667": {
							"vector": [0, 0, 0]
						},
						"1.0": {
							"vector": [-8.5, -2, 1.25]
						},
						"1.1": {
							"vector": [-8.44764, 1.25068, -0.24794]
						},
						"1.1667": {
							"vector": [0, 0, 0]
						},
						"1.2333": {
							"vector": [0, 0, 0]
						},
						"1.3": {
							"vector": [0, 0, 0]
						}
					},
					"position": {
						"0.0": {
							"vector": [0, 0, 0]
						},
						"0.2333": {
							"vector": [0, 0, 0]
						},
						"0.2667": {
							"vector": [14, 0, 0]
						},
						"0.3333": {
							"vector": [15, -6, 0]
						},
						"0.6667": {
							"vector": [22, -40, 4]
						},
						"1.0": {
							"vector": [9.725, 0.45, 3.1]
						},
						"1.1": {
							"vector": [6.125, 2.395, 2.925]
						},
						"1.1667": {
							"vector": [4, 0, 0]
						},
						"1.2333": {
							"vector": [0, 0, 0]
						},
						"1.3": {
							"vector": [0, 0, 0]
						}
					}
				},
				"spinny": {
					"rotation": {
						"1.3": {
							"vector": [0, 0, 0]
						},
						"1.4": {
							"vector": [0, 0, -150]
						}
					}
				}
			},
			"sound_effects": {
				"0.1667": {
					"effect": "m4_magout"
				},
				"0.3667": {
					"effect": "foley_start"
				},
				"1.1333": {
					"effect": "magon"
				},
				"1.5": {
					"effect": "foley_end"
				}
			}
		},
		"animation.model.inspect": {
			"loop": true,
			"animation_length": 4.2667,
			"bones": {
				"main": {
					"rotation": {
						"0.0": {
							"vector": [0, 0, 0]
						},
						"0.1667": {
							"vector": [-8.41746, -13.59608, -21.21259],
							"easing": "linear"
						},
						"0.3": {
							"vector": [-8.39812, -20.10111, -31.77688]
						},
						"0.4333": {
							"vector": [-9.55676, -20.88889, -28.55629]
						},
						"0.5333": {
							"vector": [-8.77652, -21.21647, -30.72851]
						},
						"0.7": {
							"vector": [3.08266, -22.68329, -61.78235]
						},
						"0.7667": {
							"vector": [4.95218, -22.36909, -66.65863]
						},
						"0.9": {
							"vector": [5.22022, -20.96741, -68.50954]
						},
						"1.0": {
							"vector": [7.34898, -19.94357, -75.81605]
						},
						"1.1333": {
							"vector": [5.96645, -20.38602, -71.84901]
						},
						"1.2333": {
							"vector": [3.89985, -21.10749, -65.72704]
						},
						"1.3333": {
							"vector": [7.00554, -20.32338, -74.49178]
						},
						"1.4667": {
							"vector": [1.85099, -21.37278, -60.07534]
						},
						"1.6": {
							"vector": [-4.38767, -21.01662, -42.9316]
						},
						"1.7": {
							"vector": [-4.18847, -21.05622, -43.48691],
							"easing": "linear"
						},
						"2.0333": {
							"vector": [-16.91438, 5.38499, 54.40399],
							"easing": "linear"
						},
						"2.1667": {
							"vector": [-20.20925, 33.82554, 75.81192]
						},
						"2.4333": {
							"vector": [-28.03789, 28.8595, 67.16045]
						},
						"2.7333": {
							"vector": [-27.85847, 26.37326, 57.57113]
						},
						"3.1": {
							"vector": [-32.81406, 29.30771, 58.38136]
						},
						"3.2667": {
							"vector": [-15.9801, 6.93689, 62.33342]
						},
						"3.4": {
							"vector": [-8.86998, 2.42135, 33.56191]
						},
						"3.5333": {
							"vector": [0, -1.75, -2.75]
						},
						"3.7": {
							"vector": [0, 0, 0]
						}
					},
					"position": {
						"0.0": {
							"vector": [0, 0, 0]
						},
						"0.3": {
							"vector": [-0.475, 1.475, -8.7]
						},
						"0.4": {
							"vector": [-0.195, 1, -7.7]
						},
						"0.5333": {
							"vector": [-0.03, 0.725, -7.7]
						},
						"0.7": {
							"vector": [0, 1.125, -7.7]
						},
						"0.9": {
							"vector": [0.125, 1.4, -8.275]
						},
						"1.2": {
							"vector": [-0.02, 1.475, -8]
						},
						"1.4": {
							"vector": [0.11, 1.425, -8.175]
						},
						"1.6667": {
							"vector": [0.275, 1.25, -7.975]
						},
						"1.8": {
							"vector": [-0.13, -1.19, -8.65]
						},
						"1.9667": {
							"vector": [-0.545, -1.325, -11.15]
						},
						"2.1333": {
							"vector": [-0.415, -1.395, -10.545]
						},
						"2.2667": {
							"vector": [-0.525, -1.455, -9.17]
						},
						"2.4": {
							"vector": [-0.49, -1.43, -9.85]
						},
						"2.5667": {
							"vector": [-0.455, -1.5, -9.24]
						},
						"2.7667": {
							"vector": [-0.53, -1.5, -9.27]
						},
						"3.0": {
							"vector": [-0.49, -1.41, -9.3]
						},
						"3.2333": {
							"vector": [-0.545, -1.325, -9.325]
						},
						"3.3667": {
							"vector": [-1.005, -0.61, -7.41]
						},
						"3.6333": {
							"vector": [0, 0, 0]
						}
					}
				},
				"leftarm": {
					"rotation": {
						"0.0": {
							"vector": [0, 0, 0]
						},
						"0.1667": {
							"vector": [0, 0, -2.5]
						},
						"1.9": {
							"vector": [0, 0, 0]
						}
					},
					"position": {
						"0.0": {
							"vector": [0, 0, 0]
						},
						"0.1667": {
							"vector": [11.23986, -30.20851, 24.64864]
						},
						"1.0": {
							"vector": [-4.76, -34.21, 24.65]
						},
						"1.9": {
							"vector": [0, 0, 0]
						}
					}
				},
				"bone2": {
					"rotation": {
						"0.0": {
							"vector": [0, 0, 0]
						},
						"4.2667": {
							"vector": [0, 0, 0]
						}
					}
				}
			},
			"sound_effects": {
				"0.0": {
					"effect": "inspect_up"
				},
				"0.8": {
					"effect": "inspect_foley"
				},
				"1.3667": {
					"effect": "inspect_turn"
				},
				"3.2667": {
					"effect": "inspect_down"
				}
			}
		},
		"animation.model.draw": {
			"loop": true,
			"animation_length": 1.2,
			"bones": {
				"main": {
					"rotation": {
						"0.0": {
							"vector": [32.09413, -54.38778, -8.29667]
						},
						"0.35": {
							"vector": [0.50518, -5.08075, 6.8716],
							"easing": "easeOutSine"
						},
						"0.5": {
							"vector": [0.32389, -0.60235, -2.1558],
							"easing": "linear"
						},
						"0.6": {
							"vector": [0, 0, 0],
							"easing": "linear"
						}
					},
					"position": {
						"0.0": {
							"vector": [0, -17.3, 0]
						},
						"0.25": {
							"vector": [-0.4, -2.525, -1.625],
							"easing": "linear"
						},
						"0.4": {
							"vector": [-0.05, 0, -2.49],
							"easing": "linear"
						},
						"0.55": {
							"vector": [0, 0, 0],
							"easing": "linear"
						}
					}
				},
				"leftarm": {
					"rotation": {
						"0.0": {
							"vector": [0, 0, 0]
						},
						"0.2": {
							"vector": [1, 0, -22]
						},
						"0.4": {
							"vector": [0, 0, 0]
						}
					},
					"position": {
						"0.0": {
							"vector": [0, 0, 0]
						},
						"0.2": {
							"vector": [3.53901, 3.6754, 5.59783]
						},
						"0.4": {
							"vector": [0, 0, 0]
						}
					}
				}
			},
			"sound_effects": {
				"0.0": {
					"effect": "draw"
				}
			}
		},
		"animation.model.completefire": {
			"loop": true,
			"sound_effects": {
				"0.0": {
					"effect": "cog4"
				}
			}
		}
	},
	"geckolib_format_version": 2
}