{
	"format_version": "1.8.0",
	"animations": {
		"animation.model.draw": {
			"loop": true,
			"animation_length": 1.2,
			"bones": {
				"main": {
					"rotation": {
						"0.0": {
							"vector": [32.09413, -54.38778, -8.29667]
						},
						"0.35": {
							"vector": [0.50518, -5.08075, 6.8716],
							"easing": "easeOutSine"
						},
						"0.5": {
							"vector": [0.32389, -0.60235, -2.1558],
							"easing": "linear"
						},
						"0.6": {
							"vector": [0, 0, 0],
							"easing": "linear"
						}
					},
					"position": {
						"0.0": {
							"vector": [0, -17.3, 0]
						},
						"0.25": {
							"vector": [-0.4, -2.525, -1.625],
							"easing": "linear"
						},
						"0.4": {
							"vector": [-0.05, 0, -2.49],
							"easing": "linear"
						},
						"0.55": {
							"vector": [0, 0, 0],
							"easing": "linear"
						}
					}
				},
				"leftarm": {
					"rotation": {
						"0.0": {
							"vector": [0, 0, 0]
						},
						"0.2": {
							"vector": [1, 0, -22]
						},
						"0.4": {
							"vector": [0, 0, 0]
						}
					},
					"position": {
						"0.0": {
							"vector": [0, 0, 0]
						},
						"0.2": {
							"vector": [3.53901, 3.6754, 5.59783]
						},
						"0.4": {
							"vector": [0, 0, 0]
						}
					}
				}
			},
			"sound_effects": {
				"0.0": {
					"effect": "draw"
				}
			}
		},
		"animation.model.inspect": {
			"loop": true,
			"animation_length": 2.13333,
			"bones": {
				"main": {
					"rotation": {
						"0.0667": {
							"vector": [0, 0, 0]
						},
						"0.4": {
							"vector": [-40.144, -22.32924, -24.25045]
						},
						"0.6333": {
							"vector": [-40.144, -22.32924, -24.25045]
						},
						"0.8333": {
							"vector": [-40.144, -22.32924, -24.25045]
						},
						"1.0": {
							"vector": [-38.42684, -25.49671, -28.48347]
						},
						"1.3": {
							"vector": [-38.42684, -25.49671, -28.48347]
						},
						"1.5333": {
							"vector": [-40.144, -22.32924, -24.25045]
						},
						"1.9333": {
							"vector": [0, 0, 0]
						}
					},
					"position": {
						"0.0": {
							"vector": [0, 0, 0]
						},
						"0.3": {
							"vector": [-0.475, 1.475, -8.7]
						},
						"0.5": {
							"vector": [-3.195, 1, -7.7]
						},
						"0.7": {
							"vector": [-3.195, 1, -7.7]
						},
						"0.9": {
							"vector": [0.125, 1.4, -8.275]
						},
						"1.2": {
							"vector": [-0.02, 1.475, -8]
						},
						"1.4": {
							"vector": [0.11, 1.425, -8.175]
						},
						"1.6667": {
							"vector": [0.275, 1.25, -7.975]
						},
						"1.8": {
							"vector": [-0.13, -1.19, -8.65]
						},
						"1.9333": {
							"vector": [0, 0, 0]
						}
					}
				},
				"leftarm": {
					"rotation": {
						"vector": [0, 0, 0]
					},
					"position": {
						"0.1": {
							"vector": [0, 0, 0]
						},
						"0.3333": {
							"vector": [-5, -7, 19]
						},
						"0.8": {
							"vector": [-5, -5, 18]
						},
						"1.3": {
							"vector": [-5, -5, 19]
						},
						"1.6": {
							"vector": [-5, -4.2, 19]
						},
						"1.6333": {
							"vector": [-5, -3, 19]
						},
						"1.8667": {
							"vector": [0, 0, 0]
						}
					}
				}
			},
			"sound_effects": {
				"0.0": {
					"effect": "inspect_up"
				},
				"0.7": {
					"effect": "inspect_foley"
				},
				"1.6": {
					"effect": "inspect_down"
				}
			}
		},
		"animation.model.reloadempty": {
			"loop": true,
			"animation_length": 3,
			"bones": {
				"main": {
					"rotation": {
						"0.0": {
							"vector": [0, 0, 0]
						},
						"0.2": {
							"vector": [0, 0, 25]
						},
						"0.5667": {
							"vector": [0, 0, 25]
						},
						"0.6667": {
							"vector": [0, 0, 0]
						},
						"0.8333": {
							"vector": [0, -5, -32.5]
						},
						"1.0": {
							"vector": [0, -5, -32.5]
						},
						"1.3": {
							"vector": [-0.43688, -4.98093, -27.481]
						},
						"1.6": {
							"vector": [-0.14577, -4.99523, -30.82699]
						},
						"1.9333": {
							"vector": [-0.30084, -4.98894, -29.04487]
						},
						"2.3667": {
							"vector": [0, -5, -32.5]
						},
						"2.6": {
							"vector": [0, 0, 0]
						}
					},
					"position": {
						"0.0": {
							"vector": [0, 0, 0]
						},
						"0.2": {
							"vector": [11, 0, 2]
						},
						"0.3333": {
							"vector": [11, -1, 2]
						},
						"0.4333": {
							"vector": [11, 0.43, 2]
						},
						"0.5667": {
							"vector": [10, 0, 2]
						},
						"0.6667": {
							"vector": [0, 0, 0]
						},
						"0.8333": {
							"vector": [1, 0, -2]
						},
						"1.1667": {
							"vector": [0, 0, -2]
						},
						"1.4667": {
							"vector": [0, 1, -2]
						},
						"1.7667": {
							"vector": [1, 0, -2]
						},
						"2.1333": {
							"vector": [2, 0, -2]
						},
						"2.4667": {
							"vector": [2, -1, -2]
						},
						"2.5333": {
							"vector": [1, -1.5, -1]
						},
						"2.7333": {
							"vector": [0, 0, 0]
						}
					}
				},
				"leftarm": {
					"rotation": {
						"0.8": {
							"vector": [0, 0, 0]
						},
						"0.9667": {
							"vector": [0, 10, 0]
						},
						"2.5667": {
							"vector": [0, 2.32, 0]
						},
						"2.7667": {
							"vector": [0, 0, 0]
						}
					},
					"position": {
						"0.8": {
							"vector": [0, 0, 0]
						},
						"0.9667": {
							"vector": [9, -2, 15]
						},
						"1.0667": {
							"vector": [-1.48, -1.89, 20.2]
						},
						"1.1": {
							"vector": [-1.48, -1.89, 20.2]
						},
						"1.2333": {
							"vector": [6.48, -5.44, 18.65]
						},
						"1.4": {
							"vector": [16.49, -38.87, 16.71]
						},
						"1.8333": {
							"vector": [4.5, -10.12, 21.66]
						},
						"2.0": {
							"vector": [3.63, -3.78, 21.36]
						},
						"2.1667": {
							"vector": [-3.25, -1.43, 21.05]
						},
						"2.2333": {
							"vector": [-3.25, -1.43, 21.05]
						},
						"2.3667": {
							"vector": [-4.03, -1.18, 17.39]
						},
						"2.4333": {
							"vector": [-4.03, -1.18, 17.39]
						},
						"2.5667": {
							"vector": [5.92, -0.9, 9.3]
						},
						"2.7667": {
							"vector": [0, 0, 0]
						}
					}
				},
				"magazine": {
					"rotation": {
						"vector": [0, 0, 0]
					},
					"position": {
						"0.8": {
							"vector": [0, 0, 0]
						},
						"1.1": {
							"vector": [0, 0, 0]
						},
						"1.2333": {
							"vector": [9, 0, 0]
						},
						"1.4": {
							"vector": [20, -34, -4]
						},
						"1.8333": {
							"vector": [8, -6, 0]
						},
						"2.0": {
							"vector": [7, 0, 0]
						},
						"2.1667": {
							"vector": [0, 0, 0]
						}
					}
				},
				"g1": {
					"rotation": {
						"0.1": {
							"vector": [0, 0, 0]
						},
						"0.5333": {
							"vector": [0, 0, -247.5]
						},
						"2.1333": {
							"vector": [0, 0, -247.5]
						},
						"2.9333": {
							"vector": [0, 0, 0]
						}
					}
				},
				"g2": {
					"rotation": {
						"0.1": {
							"vector": [0, 0, 0]
						},
						"0.5333": {
							"vector": [0, 0, 315]
						},
						"2.1333": {
							"vector": [0, 0, 315]
						},
						"2.9333": {
							"vector": [0, 0, 0]
						}
					}
				},
				"bone": {
					"rotation": {
						"0.2333": {
							"vector": [0, 0, 0]
						},
						"0.3": {
							"vector": [0, 0, -70]
						},
						"0.4": {
							"vector": [0, 0, 0]
						}
					}
				},
				"bone3": {
					"rotation": {
						"0.2333": {
							"vector": [0, 0, 0]
						},
						"0.3": {
							"vector": [0, 22.5, 22.5]
						},
						"0.4333": {
							"vector": [77.5, 22.5, 22.5]
						},
						"0.7667": {
							"vector": [362.5, 22.5, 22.5]
						},
						"1.4": {
							"vector": [362.5, 22.5, 22.5]
						},
						"1.4667": {
							"vector": [0, 0, 0]
						}
					},
					"position": {
						"0.2333": {
							"vector": [0, 0, 0]
						},
						"0.2667": {
							"vector": [-9.5, 1, -3]
						},
						"0.3": {
							"vector": [-19, 10, -6]
						},
						"0.3667": {
							"vector": [-25, 8.67, -4.5]
						},
						"0.4333": {
							"vector": [-27, 5.33, -3]
						},
						"0.7667": {
							"vector": [-28, -37, 3]
						},
						"1.4": {
							"vector": [-28, -37, 3]
						},
						"1.4667": {
							"vector": [0, 0, 0]
						}
					}
				}
			},
			"sound_effects": {
				"0.0": {
					"effect": "cog3"
				},
				"0.2": {
					"effect": "shellout"
				},
				"0.7": {
					"effect": "foley_start"
				},
				"0.9": {
					"effect": "magout"
				},
				"1.5": {
					"effect": "foley_end"
				},
				"2.0": {
					"effect": "cog3"
				},
				"2.0667": {
					"effect": "close"
				}
			}
		},
		"animation.model.fire": {
			"animation_length": 0.41667,
			"bones": {
				"main": {
					"position": {
						"0.0": {
							"vector": [0, 0, 0]
						},
						"0.0417": {
							"vector": [0, 0, 1]
						},
						"0.125": {
							"vector": [0, 0, 0]
						}
					}
				},
				"bone2": {
					"rotation": {
						"0.0": {
							"vector": [0, 0, 0]
						},
						"0.0833": {
							"vector": [0, 0, -165]
						},
						"0.375": {
							"vector": [0, 0, 0]
						}
					}
				},
				"bone4": {
					"position": {
						"0.0": {
							"vector": [0, 0, 0]
						},
						"0.0833": {
							"vector": [0, 0, 6]
						},
						"0.3333": {
							"vector": [0, 0, 0]
						}
					}
				},
				"g1": {
					"rotation": {
						"0.0": {
							"vector": [0, 0, 0]
						},
						"0.0833": {
							"vector": [0, 0, 277.5]
						},
						"0.2083": {
							"vector": [0, 0, 0]
						}
					}
				},
				"g2": {
					"rotation": {
						"0.0": {
							"vector": [0, 0, 0]
						},
						"0.0833": {
							"vector": [0, 0, -117.5]
						},
						"0.2083": {
							"vector": [0, 0, 0]
						}
					}
				}
			}
		}
	},
	"geckolib_format_version": 2
}