{
	"format_version": "1.8.0",
	"animations": {
		"animation.model.draw": {
			"loop": true,
			"animation_length": 1.2,
			"bones": {
				"main": {
					"rotation": {
						"0.0": {
							"vector": [32.09413, -54.38778, -8.29667]
						},
						"0.35": {
							"vector": [0.50518, -5.08075, 6.8716],
							"easing": "easeOutSine"
						},
						"0.5": {
							"vector": [0.32389, -0.60235, -2.1558],
							"easing": "linear"
						},
						"0.6": {
							"vector": [0, 0, 0],
							"easing": "linear"
						}
					},
					"position": {
						"0.0": {
							"vector": [0, -17.3, 0]
						},
						"0.25": {
							"vector": [-0.4, -2.525, -1.625],
							"easing": "linear"
						},
						"0.4": {
							"vector": [-0.05, 0, -2.49],
							"easing": "linear"
						},
						"0.55": {
							"vector": [0, 0, 0],
							"easing": "linear"
						}
					}
				},
				"leftarm": {
					"rotation": {
						"0.0": {
							"vector": [0, 0, 0]
						},
						"0.2": {
							"vector": [1, 0, -22]
						},
						"0.4": {
							"vector": [0, 0, 0]
						}
					},
					"position": {
						"0.0": {
							"vector": [0, 0, 0]
						},
						"0.2": {
							"vector": [3.53901, 3.6754, 5.59783]
						},
						"0.4": {
							"vector": [0, 0, 0]
						}
					}
				}
			},
			"sound_effects": {
				"0.0": {
					"effect": "draw"
				}
			}
		},
		"animation.model.inspect": {
			"loop": true,
			"animation_length": 4.26667,
			"bones": {
				"main": {
					"rotation": {
						"0.0": {
							"vector": [0, 0, 0]
						},
						"0.1667": {
							"vector": [-8.41746, -13.59608, -21.21259],
							"easing": "linear"
						},
						"0.3": {
							"vector": [-8.39812, -20.10111, -31.77688]
						},
						"0.4333": {
							"vector": [-9.55676, -20.88889, -28.55629]
						},
						"0.5333": {
							"vector": [-8.77652, -21.21647, -30.72851]
						},
						"0.7": {
							"vector": [3.08266, -22.68329, -61.78235]
						},
						"0.7667": {
							"vector": [4.95218, -22.36909, -66.65863]
						},
						"0.9": {
							"vector": [5.22022, -20.96741, -68.50954]
						},
						"1.0": {
							"vector": [7.34898, -19.94357, -75.81605]
						},
						"1.1333": {
							"vector": [5.96645, -20.38602, -71.84901]
						},
						"1.2333": {
							"vector": [3.89985, -21.10749, -65.72704]
						},
						"1.3333": {
							"vector": [7.00554, -20.32338, -74.49178]
						},
						"1.4667": {
							"vector": [1.85099, -21.37278, -60.07534]
						},
						"1.6": {
							"vector": [-4.38767, -21.01662, -42.9316]
						},
						"1.7": {
							"vector": [-4.18847, -21.05622, -43.48691],
							"easing": "linear"
						},
						"2.0333": {
							"vector": [-16.91438, 5.38499, 54.40399],
							"easing": "linear"
						},
						"2.1667": {
							"vector": [-20.20925, 33.82554, 75.81192]
						},
						"2.4333": {
							"vector": [-28.03789, 28.8595, 67.16045]
						},
						"2.7333": {
							"vector": [-27.85847, 26.37326, 57.57113]
						},
						"3.1": {
							"vector": [-32.81406, 29.30771, 58.38136]
						},
						"3.2667": {
							"vector": [-15.9801, 6.93689, 62.33342]
						},
						"3.4": {
							"vector": [-8.86998, 2.42135, 33.56191]
						},
						"3.5333": {
							"vector": [0, -1.75, -2.75]
						},
						"3.7": {
							"vector": [0, 0, 0]
						}
					},
					"position": {
						"0.0": {
							"vector": [0, 0, 0]
						},
						"0.3": {
							"vector": [-0.475, 1.475, -8.7]
						},
						"0.4": {
							"vector": [-0.195, 1, -7.7]
						},
						"0.5333": {
							"vector": [-0.03, 0.725, -7.7]
						},
						"0.7": {
							"vector": [0, 1.125, -7.7]
						},
						"0.9": {
							"vector": [0.125, 1.4, -8.275]
						},
						"1.2": {
							"vector": [-0.02, 1.475, -8]
						},
						"1.4": {
							"vector": [0.11, 1.425, -8.175]
						},
						"1.6667": {
							"vector": [0.275, 1.25, -7.975]
						},
						"1.8": {
							"vector": [-0.13, -1.19, -8.65]
						},
						"1.9667": {
							"vector": [-0.545, -1.325, -11.15]
						},
						"2.1333": {
							"vector": [-0.415, -1.395, -10.545]
						},
						"2.2667": {
							"vector": [-0.525, -1.455, -9.17]
						},
						"2.4": {
							"vector": [-0.49, -1.43, -9.85]
						},
						"2.5667": {
							"vector": [-0.455, -1.5, -9.24]
						},
						"2.7667": {
							"vector": [-0.53, -1.5, -9.27]
						},
						"3.0": {
							"vector": [-0.49, -1.41, -9.3]
						},
						"3.2333": {
							"vector": [-0.545, -1.325, -9.325]
						},
						"3.3667": {
							"vector": [-1.005, -0.61, -7.41]
						},
						"3.6333": {
							"vector": [0, 0, 0]
						}
					}
				},
				"leftarm": {
					"rotation": {
						"0.0": {
							"vector": [0, 0, 0]
						},
						"0.1667": {
							"vector": [0, 0, -2.5]
						},
						"1.7333": {
							"vector": [0, 0, -2.5]
						},
						"2.1667": {
							"vector": [0, 0, -8.42]
						},
						"2.3667": {
							"vector": [0, 0, -115]
						},
						"2.4": {
							"vector": [0, 0, -110.98]
						},
						"2.5333": {
							"vector": [0, 0, -110.98]
						},
						"2.8667": {
							"vector": [0, 0, -110.98]
						},
						"3.3": {
							"vector": [0, 0, -2.5]
						},
						"3.5667": {
							"vector": [0, 0, 0]
						}
					},
					"position": {
						"0.0": {
							"vector": [0, 0, 0]
						},
						"0.1667": {
							"vector": [11.23986, -30.20851, 24.64864]
						},
						"1.0": {
							"vector": [-4.76, -34.21, 24.65]
						},
						"1.7333": {
							"vector": [11.23986, -30.20851, 24.64864]
						},
						"1.9667": {
							"vector": [26.21, 10.54, 17.4]
						},
						"2.1667": {
							"vector": [1.89, 45.47, 11.18]
						},
						"2.3667": {
							"vector": [-3.26, 34.44, 3.75]
						},
						"2.4": {
							"vector": [-2.74, 32.13, 4.5]
						},
						"2.5333": {
							"vector": [-2.74, 32.13, 10.5]
						},
						"2.8667": {
							"vector": [-2.74, 32.13, 10.5]
						},
						"3.3": {
							"vector": [50.23986, -8.20851, 24.64864]
						},
						"3.5667": {
							"vector": [0, 0, 0]
						}
					}
				},
				"bone": {
					"position": {
						"2.4": {
							"vector": [0, 0, 0]
						},
						"2.5333": {
							"vector": [0, 0, 8]
						},
						"2.8667": {
							"vector": [0, 0, 8]
						},
						"2.9333": {
							"vector": [0, 0, 0]
						}
					}
				}
			},
			"sound_effects": {
				"0.0": {
					"effect": "inspect_up"
				},
				"0.8": {
					"effect": "inspect_foley"
				},
				"1.3667": {
					"effect": "inspect_turn"
				},
				"2.4667": {
					"effect": "load"
				},
				"3.2667": {
					"effect": "inspect_down"
				}
			}
		},
		"animation.model.reload": {
			"loop": true,
			"animation_length": 2.13333,
			"bones": {
				"main": {
					"rotation": {
						"0.0": {
							"vector": [0, 0, 0]
						},
						"0.1333": {
							"vector": [-46.31286, -60.06805, 28.47611]
						},
						"0.3667": {
							"vector": [-38.94, -50.51, 23.95]
						},
						"0.5667": {
							"vector": [-38.76898, -50.45899, 28.52267]
						},
						"0.8333": {
							"vector": [-39.53039, -43.91134, 26.1637]
						},
						"1.1333": {
							"vector": [-48.93887, -51.9719, 30.41268]
						},
						"1.4667": {
							"vector": [-51.46749, -53.57261, 33.58779]
						},
						"1.6667": {
							"vector": [-48.93887, -51.9719, 30.41268]
						},
						"2.0333": {
							"vector": [0, 0, 0]
						}
					},
					"position": {
						"0.0": {
							"vector": [0, 0, 0]
						},
						"0.0667": {
							"vector": [-0.575, 0, 0]
						},
						"0.1667": {
							"vector": [2.62, 0.875, 0.35]
						},
						"0.4333": {
							"vector": [-1.2, -2.62, -1.475]
						},
						"0.7333": {
							"vector": [-0.55, -1.27, -3.6]
						},
						"0.8667": {
							"vector": [-0.7, -0.55, -1.85]
						},
						"0.9667": {
							"vector": [-0.85, -0.45, -1.3]
						},
						"1.0333": {
							"vector": [-1.025, -0.475, -1.3]
						},
						"1.1333": {
							"vector": [-1.075, -0.2, -1.3]
						},
						"1.2": {
							"vector": [-1.575, 0.5, -0.775]
						},
						"1.3": {
							"vector": [-1.075, -0.225, -1.025]
						},
						"1.5333": {
							"vector": [-1.07, -1.23, -1.02]
						}
					}
				},
				"leftarm": {
					"rotation": {
						"0.0": {
							"vector": [0, 0, 0]
						},
						"0.2": {
							"vector": [-50.56429, 10.34076, -44.19025]
						},
						"1.6333": {
							"vector": [-50.56429, 10.34076, -44.19025]
						},
						"2.0333": {
							"vector": [0, 0, 0]
						}
					},
					"position": {
						"0.0": {
							"vector": [0, 0, 0]
						},
						"0.2": {
							"vector": [11, 9, -12]
						},
						"1.6333": {
							"vector": [11, 9, -12]
						},
						"2.0333": {
							"vector": [0, 0, 0]
						}
					}
				},
				"magazine": {
					"rotation": {
						"0.0": {
							"vector": [0, 0, 0]
						},
						"0.2333": {
							"vector": [0, 0, 0]
						},
						"0.3": {
							"vector": [15, 0, 0]
						},
						"0.3667": {
							"vector": [15, 0, 0]
						},
						"0.6333": {
							"vector": [15, 0, 0]
						},
						"0.8667": {
							"vector": [-20, 0, 0]
						},
						"1.5667": {
							"vector": [0, 0, 0]
						}
					},
					"position": {
						"0.0": {
							"vector": [0, 0, 0]
						},
						"0.2333": {
							"vector": [0, 0, 0]
						},
						"0.3": {
							"vector": [0, 0, 1]
						},
						"0.3667": {
							"vector": [0, 0, 1]
						},
						"0.6333": {
							"vector": [0, 6, 10]
						},
						"0.9333": {
							"vector": [0, 10, 18]
						},
						"1.5667": {
							"vector": [0, 0, 0]
						}
					}
				},
				"rightarm": {
					"rotation": {
						"0.0": {
							"vector": [0, 0, 0]
						},
						"0.2": {
							"vector": [0, 45, 0]
						},
						"1.5667": {
							"vector": [0, 45, 0]
						},
						"2.0333": {
							"vector": [0, 0, 0]
						}
					},
					"position": {
						"0.0": {
							"vector": [0, 0, 0]
						},
						"0.1333": {
							"vector": [-11, 0, 24]
						},
						"0.2": {
							"vector": [13, 3, 16]
						},
						"0.4": {
							"vector": [14, 5.57, 17.71]
						},
						"0.6667": {
							"vector": [14, 12, 26]
						},
						"0.9667": {
							"vector": [14, 11, 34]
						},
						"1.5667": {
							"vector": [14, 4, 17]
						},
						"1.7": {
							"vector": [9, 7, 19]
						},
						"2.0333": {
							"vector": [0, 0, 0]
						}
					}
				},
				"bone2": {
					"rotation": {
						"1.5667": {
							"vector": [0, 0, 0]
						},
						"1.7333": {
							"vector": [180, 0, 0]
						},
						"2.0333": {
							"vector": [360, 0, 0]
						}
					}
				},
				"bone3": {
					"rotation": {
						"1.5667": {
							"vector": [0, 0, 0]
						},
						"1.7333": {
							"vector": [180, 0, 0]
						},
						"2.0333": {
							"vector": [360, 0, 0]
						}
					}
				}
			},
			"sound_effects": {
				"0.1": {
					"effect": "magout"
				},
				"0.3667": {
					"effect": "foley_start"
				},
				"1.4667": {
					"effect": "m4_magin"
				},
				"1.5": {
					"effect": "foley_end"
				},
				"1.5333": {
					"effect": "cog4"
				}
			}
		},
		"animation.model.reloadempty": {
			"loop": true,
			"animation_length": 2.13333,
			"bones": {
				"main": {
					"rotation": {
						"0.0": {
							"vector": [0, 0, 0]
						},
						"0.1333": {
							"vector": [-46.31286, -60.06805, 28.47611]
						},
						"0.3667": {
							"vector": [-38.94, -50.51, 23.95]
						},
						"0.5667": {
							"vector": [-38.76898, -50.45899, 28.52267]
						},
						"0.8333": {
							"vector": [-39.53039, -43.91134, 26.1637]
						},
						"1.1333": {
							"vector": [-48.93887, -51.9719, 30.41268]
						},
						"1.4667": {
							"vector": [-51.46749, -53.57261, 33.58779]
						},
						"1.6667": {
							"vector": [-48.93887, -51.9719, 30.41268]
						},
						"2.0333": {
							"vector": [0, 0, 0]
						}
					},
					"position": {
						"0.0": {
							"vector": [0, 0, 0]
						},
						"0.0667": {
							"vector": [-0.575, 0, 0]
						},
						"0.1667": {
							"vector": [2.62, 0.875, 0.35]
						},
						"0.4333": {
							"vector": [-1.2, -2.62, -1.475]
						},
						"0.7333": {
							"vector": [-0.55, -1.27, -3.6]
						},
						"0.8667": {
							"vector": [-0.7, -0.55, -1.85]
						},
						"0.9667": {
							"vector": [-0.85, -0.45, -1.3]
						},
						"1.0333": {
							"vector": [-1.025, -0.475, -1.3]
						},
						"1.1333": {
							"vector": [-1.075, -0.2, -1.3]
						},
						"1.2": {
							"vector": [-1.575, 0.5, -0.775]
						},
						"1.3": {
							"vector": [-1.075, -0.225, -1.025]
						},
						"1.5333": {
							"vector": [-1.07, -1.23, -1.02]
						}
					}
				},
				"leftarm": {
					"rotation": {
						"0.0": {
							"vector": [0, 0, 0]
						},
						"0.2": {
							"vector": [-50.56429, 10.34076, -44.19025]
						},
						"1.6333": {
							"vector": [-50.56429, 10.34076, -44.19025]
						},
						"2.0333": {
							"vector": [0, 0, 0]
						}
					},
					"position": {
						"0.0": {
							"vector": [0, 0, 0]
						},
						"0.2": {
							"vector": [11, 9, -12]
						},
						"1.6333": {
							"vector": [11, 9, -12]
						},
						"2.0333": {
							"vector": [0, 0, 0]
						}
					}
				},
				"magazine": {
					"rotation": {
						"0.0": {
							"vector": [0, 0, 0]
						},
						"0.2333": {
							"vector": [0, 0, 0]
						},
						"0.3": {
							"vector": [15, 0, 0]
						},
						"0.3667": {
							"vector": [15, 0, 0]
						},
						"0.6333": {
							"vector": [15, 0, 0]
						},
						"0.8667": {
							"vector": [-20, 0, 0]
						},
						"1.5667": {
							"vector": [0, 0, 0]
						}
					},
					"position": {
						"0.0": {
							"vector": [0, 0, 0]
						},
						"0.2333": {
							"vector": [0, 0, 0]
						},
						"0.3": {
							"vector": [0, 0, 1]
						},
						"0.3667": {
							"vector": [0, 0, 1]
						},
						"0.6333": {
							"vector": [0, 6, 10]
						},
						"0.9333": {
							"vector": [0, 10, 18]
						},
						"1.5667": {
							"vector": [0, 0, 0]
						}
					}
				},
				"rightarm": {
					"rotation": {
						"0.0": {
							"vector": [0, 0, 0]
						},
						"0.2": {
							"vector": [0, 45, 0]
						},
						"1.5667": {
							"vector": [0, 45, 0]
						},
						"2.0333": {
							"vector": [0, 0, 0]
						}
					},
					"position": {
						"0.0": {
							"vector": [0, 0, 0]
						},
						"0.1333": {
							"vector": [-11, 0, 24]
						},
						"0.2": {
							"vector": [13, 3, 16]
						},
						"0.4": {
							"vector": [14, 5.57, 17.71]
						},
						"0.6667": {
							"vector": [14, 12, 26]
						},
						"0.9667": {
							"vector": [14, 11, 34]
						},
						"1.5667": {
							"vector": [14, 4, 17]
						},
						"1.7": {
							"vector": [9, 7, 19]
						},
						"2.0333": {
							"vector": [0, 0, 0]
						}
					}
				},
				"bone2": {
					"rotation": {
						"1.5667": {
							"vector": [0, 0, 0]
						},
						"1.7333": {
							"vector": [180, 0, 0]
						},
						"2.0333": {
							"vector": [360, 0, 0]
						}
					}
				},
				"bone3": {
					"rotation": {
						"1.5667": {
							"vector": [0, 0, 0]
						},
						"1.7333": {
							"vector": [180, 0, 0]
						},
						"2.0333": {
							"vector": [360, 0, 0]
						}
					}
				}
			},
			"sound_effects": {
				"0.0": {
					"effect": "magout"
				},
				"0.2667": {
					"effect": "foley_start"
				},
				"1.3667": {
					"effect": "m4_magin"
				},
				"1.4": {
					"effect": "foley_end"
				},
				"1.4333": {
					"effect": "cog4"
				}
			}
		},
		"animation.model.fire": {
			"loop": true,
			"animation_length": 0.25,
			"bones": {
				"bone": {
					"position": {
						"0.0": {
							"vector": [0, 0, 0]
						},
						"0.0417": {
							"vector": [0, 0, 4]
						},
						"0.2083": {
							"vector": [0, 0, 0]
						}
					}
				}
			}
		}
	},
	"geckolib_format_version": 2
}