{
	"format_version": "1.8.0",
	"animations": {
		"animation.model.draw": {
			"loop": true,
			"animation_length": 1.2,
			"bones": {
				"main": {
					"rotation": {
						"0.0": {
							"vector": [32.09413, -54.38778, -8.29667]
						},
						"0.35": {
							"vector": [0.50518, -5.08075, 6.8716],
							"easing": "easeOutSine"
						},
						"0.5": {
							"vector": [0.32389, -0.60235, -2.1558],
							"easing": "linear"
						},
						"0.6": {
							"vector": [0, 0, 0],
							"easing": "linear"
						}
					},
					"position": {
						"0.0": {
							"vector": [0, -17.3, 0]
						},
						"0.25": {
							"vector": [-0.4, -2.525, -1.625],
							"easing": "linear"
						},
						"0.4": {
							"vector": [-0.05, 0, -2.49],
							"easing": "linear"
						},
						"0.55": {
							"vector": [0, 0, 0],
							"easing": "linear"
						}
					}
				},
				"leftarm": {
					"rotation": {
						"0.0": {
							"vector": [0, 0, 0]
						},
						"0.2": {
							"vector": [1, 0, -22]
						},
						"0.4": {
							"vector": [0, 0, 0]
						}
					},
					"position": {
						"0.0": {
							"vector": [0, 0, 0]
						},
						"0.2": {
							"vector": [3.53901, 3.6754, 5.59783]
						},
						"0.4": {
							"vector": [0, 0, 0]
						}
					}
				}
			},
			"sound_effects": {
				"0.0": {
					"effect": "draw"
				}
			}
		},
		"animation.model.inspect": {
			"loop": true,
			"animation_length": 4.26667,
			"bones": {
				"main": {
					"rotation": {
						"0.0": {
							"vector": [0, 0, 0]
						},
						"0.1667": {
							"vector": [-8.41746, -13.59608, -21.21259],
							"easing": "linear"
						},
						"0.3": {
							"vector": [-8.39812, -20.10111, -31.77688]
						},
						"0.4333": {
							"vector": [-9.55676, -20.88889, -28.55629]
						},
						"0.5333": {
							"vector": [-8.77652, -21.21647, -30.72851]
						},
						"0.7667": {
							"vector": [-9.4227, -20.94881, -28.93303]
						},
						"1.0": {
							"vector": [-3.1216, -20.98207, -46.44405]
						},
						"1.1333": {
							"vector": [-4.564, -20.73064, -42.44007]
						},
						"1.2333": {
							"vector": [-4.86325, -20.9153, -41.60203]
						},
						"1.3333": {
							"vector": [-4.58308, -20.97575, -42.38574]
						},
						"1.4667": {
							"vector": [-4.01131, -21.08802, -43.97908]
						},
						"1.6": {
							"vector": [-4.38767, -21.01662, -42.9316]
						},
						"1.7": {
							"vector": [-4.18847, -21.05622, -43.48691],
							"easing": "linear"
						},
						"2.0333": {
							"vector": [-16.91438, 5.38499, 54.40399],
							"easing": "linear"
						},
						"2.1667": {
							"vector": [-15.22513, 5.80082, 60.04554]
						},
						"2.3": {
							"vector": [-15.70981, 5.86025, 59.48558]
						},
						"2.4333": {
							"vector": [-15.93602, 7.03904, 62.69373]
						},
						"2.5667": {
							"vector": [-15.60896, 7.75082, 65.23442]
						},
						"2.7333": {
							"vector": [-15.71675, 7.52491, 64.42194]
						},
						"2.9": {
							"vector": [-15.56389, 7.84019, 65.55973]
						},
						"3.1": {
							"vector": [-15.61778, 7.73186, 65.16659]
						},
						"3.2667": {
							"vector": [-15.9801, 6.93689, 62.33342]
						},
						"3.4": {
							"vector": [-8.86998, 2.42135, 33.56191]
						},
						"3.5333": {
							"vector": [0, -1.75, -2.75]
						},
						"3.7": {
							"vector": [0, 0, 0]
						}
					},
					"position": {
						"0.0": {
							"vector": [0, 0, 0]
						},
						"0.3": {
							"vector": [-0.475, 1.475, -8.7]
						},
						"0.4": {
							"vector": [-0.195, 1, -7.7]
						},
						"0.5333": {
							"vector": [-0.03, 0.725, -7.7]
						},
						"0.7": {
							"vector": [0, 1.125, -7.7]
						},
						"0.9": {
							"vector": [0.125, 1.4, -8.275]
						},
						"1.2": {
							"vector": [-0.02, 1.475, -8]
						},
						"1.4": {
							"vector": [0.11, 1.425, -8.175]
						},
						"1.6667": {
							"vector": [0.275, 1.25, -7.975]
						},
						"1.8": {
							"vector": [-0.13, -1.19, -8.65]
						},
						"1.9667": {
							"vector": [-0.545, -1.325, -11.15]
						},
						"2.1333": {
							"vector": [-0.415, -1.395, -10.545]
						},
						"2.2667": {
							"vector": [-0.525, -1.455, -9.17]
						},
						"2.4": {
							"vector": [-0.49, -1.43, -9.85]
						},
						"2.5667": {
							"vector": [-0.455, -1.5, -9.24]
						},
						"2.7667": {
							"vector": [-0.53, -1.5, -9.27]
						},
						"3.0": {
							"vector": [-0.49, -1.41, -9.3]
						},
						"3.2333": {
							"vector": [-0.545, -1.325, -9.325]
						},
						"3.3667": {
							"vector": [-1.005, -0.61, -7.41]
						},
						"3.6333": {
							"vector": [0, 0, 0]
						}
					}
				},
				"leftarm": {
					"rotation": {
						"0.0": {
							"vector": [0, 0, 0]
						},
						"0.1667": {
							"vector": [0, 0, -2.5]
						},
						"1.7333": {
							"vector": [0, 0, -2.5]
						},
						"2.0333": {
							"vector": [-20, 0, -45]
						},
						"3.3": {
							"vector": [-20, 0, -45]
						},
						"3.5667": {
							"vector": [0, 0, 0]
						}
					},
					"position": {
						"0.0": {
							"vector": [0, 0, 0]
						},
						"0.1667": {
							"vector": [11.23986, -30.20851, 24.64864]
						},
						"1.7333": {
							"vector": [11.23986, -30.20851, 24.64864]
						},
						"2.0333": {
							"vector": [7.35, 6.25, 2.33]
						},
						"3.3": {
							"vector": [7.35, 6.25, 2.33]
						},
						"3.5667": {
							"vector": [0, 0, 0]
						}
					}
				}
			},
			"sound_effects": {
				"0.0": {
					"effect": "inspect_up"
				},
				"0.8": {
					"effect": "inspect_foley"
				},
				"1.3667": {
					"effect": "inspect_turn"
				},
				"3.4667": {
					"effect": "inspect_down"
				}
			}
		},
		"animation.model.reloadempty": {
			"loop": true,
			"animation_length": 3.83333,
			"bones": {
				"main": {
					"rotation": {
						"0.0": {
							"vector": [0, 0, 0]
						},
						"0.1333": {
							"vector": [-5.21485, -2.95862, -15.29475]
						},
						"0.2": {
							"vector": [-3.01646, -5.18167, -45.54299]
						},
						"0.4": {
							"vector": [-3.57446, -5.26565, -45.28785]
						},
						"0.5333": {
							"vector": [-4.87608, -3.70085, -37.80082]
						},
						"0.6667": {
							"vector": [-4.20477, -5.17394, -34.22251]
						},
						"0.8": {
							"vector": [-9.13595, -7.55317, -28.24841]
						},
						"0.9333": {
							"vector": [-8.4828, -8.28104, -32.98754]
						},
						"1.0667": {
							"vector": [-9.07014, -7.63227, -28.74648]
						},
						"1.1667": {
							"vector": [-6.70888, -8.74921, -39.37529]
						},
						"1.4333": {
							"vector": [-6.67274, -8.47385, -33.47033]
						},
						"1.7": {
							"vector": [-5.35749, -3.38984, -21.36846]
						},
						"1.9333": {
							"vector": [-3.68785, -3.32623, -20.36901]
						},
						"2.1667": {
							"vector": [-4.01371, -3.91418, -15.81009]
						},
						"2.4333": {
							"vector": [-3.48871, -4.99149, -22.77553]
						},
						"2.7": {
							"vector": [-2.02066, -5.12306, -41.11219]
						},
						"2.8667": {
							"vector": [-0.13597, -2.61874, -49.12382]
						},
						"3.1667": {
							"vector": [0.65978, 0.18913, -3.84963]
						},
						"3.3333": {
							"vector": [0, 0, 0]
						}
					},
					"position": {
						"0.0": {
							"vector": [0, 0, 0]
						},
						"0.0667": {
							"vector": [-0.575, 0, 0]
						},
						"0.1667": {
							"vector": [-0.38, 0.875, 0.35]
						},
						"0.4": {
							"vector": [-0.55, -1.62, -0.69]
						},
						"0.6": {
							"vector": [-0.705, -1.9, -1.575]
						},
						"0.7333": {
							"vector": [-0.55, -1.27, -3.6]
						},
						"0.8667": {
							"vector": [-0.7, -0.55, -1.85]
						},
						"0.9667": {
							"vector": [-0.85, -0.45, -1.3]
						},
						"1.0333": {
							"vector": [-1.025, -0.475, -1.3]
						},
						"1.1333": {
							"vector": [-1.075, -0.2, -1.3]
						},
						"1.3667": {
							"vector": [-1.575, 0.5, -0.775]
						},
						"1.4667": {
							"vector": [-1.075, -0.225, -1.025]
						},
						"1.7333": {
							"vector": [-0.43, -0.51, -0.98]
						},
						"1.9667": {
							"vector": [-0.505, -0.985, -1.855]
						},
						"2.3333": {
							"vector": [-0.87, -1.93, -1.76]
						},
						"2.4333": {
							"vector": [-0.965, -0.92, -1.73]
						},
						"2.7667": {
							"vector": [-0.23, -0.81, -2.13]
						},
						"3.0": {
							"vector": [0.16, -1.85, -2.36]
						},
						"3.1333": {
							"vector": [0.34, -0.865, -2.46]
						},
						"3.3333": {
							"vector": [0, 0, 0]
						}
					}
				},
				"leftarm": {
					"rotation": {
						"0.0": {
							"vector": [0, 0, 0]
						},
						"0.2333": {
							"vector": [-19.45644, -5.86858, 7.49224]
						},
						"0.5": {
							"vector": [-19.1063, -9.63723, 4.18713]
						},
						"1.0667": {
							"vector": [-19.1063, -9.63723, 4.18713]
						},
						"1.2": {
							"vector": [-17.71084, -7.67236, 3.33345]
						},
						"2.3333": {
							"vector": [-10.37, -4.49, 1.95]
						},
						"2.5333": {
							"vector": [0, 0, 0]
						},
						"3.5333": {
							"vector": [0, 0, 0]
						}
					},
					"position": {
						"0.0": {
							"vector": [0, 0, 0]
						},
						"0.2333": {
							"vector": [0, -8.975, -2.55]
						},
						"0.5": {
							"vector": [0, -9.975, 0.45]
						},
						"0.6333": {
							"vector": [0.29, -10.08, -1.31]
						},
						"0.7333": {
							"vector": [0.28, -9.77, -1.27]
						},
						"0.8667": {
							"vector": [0.27, -10.36, -4.22]
						},
						"0.9667": {
							"vector": [-0.74, -12.02, -6.08]
						},
						"1.0667": {
							"vector": [-0.72, -12.61, -5.88]
						},
						"1.2": {
							"vector": [-0.69, -12.02, -5.61]
						},
						"1.4667": {
							"vector": [-0.62, -26.85, 4.94]
						},
						"2.0333": {
							"vector": [-0.62, -26.85, 4.94]
						},
						"2.1333": {
							"vector": [-0.62, -26.85, 4.94]
						},
						"2.5333": {
							"vector": [-1.48, -8.88, -6.16]
						},
						"2.7333": {
							"vector": [-1.27, -5.61, -2.28]
						},
						"2.9": {
							"vector": [-1.09, -4.83, 0.04]
						},
						"3.0667": {
							"vector": [-0.91, -5.05, 2.03]
						},
						"3.1667": {
							"vector": [-0.91, -5.05, 2.03]
						},
						"3.5333": {
							"vector": [0, 0, 0]
						}
					}
				},
				"magazine": {
					"rotation": {
						"0.0": {
							"vector": [0, 0, 0]
						},
						"0.8667": {
							"vector": [0, 0, 0]
						},
						"0.9667": {
							"vector": [7.5, 0, 0]
						},
						"1.0667": {
							"vector": [7.5, 0, 0]
						},
						"1.2": {
							"vector": [-12.5, 0, 0]
						},
						"2.7333": {
							"vector": [7.5, 0, 0]
						},
						"2.9": {
							"vector": [0, 0, 0]
						}
					},
					"position": {
						"0.7333": {
							"vector": [0, 0, 0]
						},
						"0.8667": {
							"vector": [0, 0, -3]
						},
						"0.9667": {
							"vector": [0, -1, -3]
						},
						"1.2": {
							"vector": [0, -7, -6]
						},
						"1.4": {
							"vector": [0, -19, 8]
						},
						"2.0333": {
							"vector": [0, -22, 8]
						},
						"2.1333": {
							"vector": [0, -22, 8]
						},
						"2.5333": {
							"vector": [0, -4, -7]
						},
						"2.7333": {
							"vector": [0, 0, -2]
						},
						"3.0667": {
							"vector": [0, 0, 0]
						}
					}
				},
				"bone": {
					"rotation": {
						"0.2333": {
							"vector": [0, 0, 0]
						},
						"0.3333": {
							"vector": [45, 0, 0]
						},
						"3.5": {
							"vector": [45, 0, 0]
						},
						"3.6": {
							"vector": [0, 0, 0]
						}
					}
				}
			},
			"sound_effects": {
				"0.3667": {
					"effect": "foley_start"
				},
				"0.7": {
					"effect": "magout"
				},
				"2.3667": {
					"effect": "foley_end"
				},
				"2.8": {
					"effect": "magon"
				}
			}
		},
		"animation.model.reload": {
			"loop": true,
			"animation_length": 3.83333,
			"bones": {
				"main": {
					"rotation": {
						"0.0": {
							"vector": [0, 0, 0]
						},
						"0.1333": {
							"vector": [-5.21485, -2.95862, -15.29475]
						},
						"0.2": {
							"vector": [-3.01646, -5.18167, -45.54299]
						},
						"0.4": {
							"vector": [-3.57446, -5.26565, -45.28785]
						},
						"0.5333": {
							"vector": [-4.87608, -3.70085, -37.80082]
						},
						"0.6667": {
							"vector": [-4.20477, -5.17394, -34.22251]
						},
						"0.8": {
							"vector": [-9.13595, -7.55317, -28.24841]
						},
						"0.9333": {
							"vector": [-8.4828, -8.28104, -32.98754]
						},
						"1.0667": {
							"vector": [-9.07014, -7.63227, -28.74648]
						},
						"1.1667": {
							"vector": [-6.70888, -8.74921, -39.37529]
						},
						"1.4333": {
							"vector": [-6.67274, -8.47385, -33.47033]
						},
						"1.7": {
							"vector": [-5.35749, -3.38984, -21.36846]
						},
						"1.9333": {
							"vector": [-3.68785, -3.32623, -20.36901]
						},
						"2.1667": {
							"vector": [-4.01371, -3.91418, -15.81009]
						},
						"2.4333": {
							"vector": [-3.48871, -4.99149, -22.77553]
						},
						"2.7": {
							"vector": [-2.02066, -5.12306, -41.11219]
						},
						"2.8667": {
							"vector": [-0.13597, -2.61874, -49.12382]
						},
						"3.1667": {
							"vector": [0.65978, 0.18913, -3.84963]
						},
						"3.3333": {
							"vector": [0, 0, 0]
						}
					},
					"position": {
						"0.0": {
							"vector": [0, 0, 0]
						},
						"0.0667": {
							"vector": [-0.575, 0, 0]
						},
						"0.1667": {
							"vector": [-0.38, 0.875, 0.35]
						},
						"0.4": {
							"vector": [-0.55, -1.62, -0.69]
						},
						"0.6": {
							"vector": [-0.705, -1.9, -1.575]
						},
						"0.7333": {
							"vector": [-0.55, -1.27, -3.6]
						},
						"0.8667": {
							"vector": [-0.7, -0.55, -1.85]
						},
						"0.9667": {
							"vector": [-0.85, -0.45, -1.3]
						},
						"1.0333": {
							"vector": [-1.025, -0.475, -1.3]
						},
						"1.1333": {
							"vector": [-1.075, -0.2, -1.3]
						},
						"1.3667": {
							"vector": [-1.575, 0.5, -0.775]
						},
						"1.4667": {
							"vector": [-1.075, -0.225, -1.025]
						},
						"1.7333": {
							"vector": [-0.43, -0.51, -0.98]
						},
						"1.9667": {
							"vector": [-0.505, -0.985, -1.855]
						},
						"2.3333": {
							"vector": [-0.87, -1.93, -1.76]
						},
						"2.4333": {
							"vector": [-0.965, -0.92, -1.73]
						},
						"2.7667": {
							"vector": [-0.23, -0.81, -2.13]
						},
						"3.0": {
							"vector": [0.16, -1.85, -2.36]
						},
						"3.1333": {
							"vector": [0.34, -0.865, -2.46]
						},
						"3.3333": {
							"vector": [0, 0, 0]
						}
					}
				},
				"leftarm": {
					"rotation": {
						"0.0": {
							"vector": [0, 0, 0]
						},
						"0.2333": {
							"vector": [-19.45644, -5.86858, 7.49224]
						},
						"0.5": {
							"vector": [-19.1063, -9.63723, 4.18713]
						},
						"1.0667": {
							"vector": [-19.1063, -9.63723, 4.18713]
						},
						"1.2": {
							"vector": [-17.71084, -7.67236, 3.33345]
						},
						"2.3333": {
							"vector": [-10.37, -4.49, 1.95]
						},
						"2.5333": {
							"vector": [0, 0, 0]
						},
						"3.5333": {
							"vector": [0, 0, 0]
						}
					},
					"position": {
						"0.0": {
							"vector": [0, 0, 0]
						},
						"0.2333": {
							"vector": [0, -8.975, -2.55]
						},
						"0.5": {
							"vector": [0, -9.975, 0.45]
						},
						"0.6333": {
							"vector": [0.29, -10.08, -1.31]
						},
						"0.7333": {
							"vector": [0.28, -9.77, -1.27]
						},
						"0.8667": {
							"vector": [0.27, -10.36, -4.22]
						},
						"0.9667": {
							"vector": [-0.74, -12.02, -6.08]
						},
						"1.0667": {
							"vector": [-0.72, -12.61, -5.88]
						},
						"1.2": {
							"vector": [-0.69, -12.02, -5.61]
						},
						"1.4667": {
							"vector": [-0.62, -26.85, 4.94]
						},
						"2.0333": {
							"vector": [-0.62, -26.85, 4.94]
						},
						"2.1333": {
							"vector": [-0.62, -26.85, 4.94]
						},
						"2.5333": {
							"vector": [-1.48, -8.88, -6.16]
						},
						"2.7333": {
							"vector": [-1.27, -5.61, -2.28]
						},
						"2.9": {
							"vector": [-1.09, -4.83, 0.04]
						},
						"3.0667": {
							"vector": [-0.91, -5.05, 2.03]
						},
						"3.1667": {
							"vector": [-0.91, -5.05, 2.03]
						},
						"3.5333": {
							"vector": [0, 0, 0]
						}
					}
				},
				"magazine": {
					"rotation": {
						"0.0": {
							"vector": [0, 0, 0]
						},
						"0.8667": {
							"vector": [0, 0, 0]
						},
						"0.9667": {
							"vector": [7.5, 0, 0]
						},
						"1.0667": {
							"vector": [7.5, 0, 0]
						},
						"1.2": {
							"vector": [-12.5, 0, 0]
						},
						"2.7333": {
							"vector": [7.5, 0, 0]
						},
						"2.9": {
							"vector": [0, 0, 0]
						}
					},
					"position": {
						"0.7333": {
							"vector": [0, 0, 0]
						},
						"0.8667": {
							"vector": [0, 0, -3]
						},
						"0.9667": {
							"vector": [0, -1, -3]
						},
						"1.2": {
							"vector": [0, -7, -6]
						},
						"1.4": {
							"vector": [0, -19, 8]
						},
						"2.0333": {
							"vector": [0, -22, 8]
						},
						"2.1333": {
							"vector": [0, -22, 8]
						},
						"2.5333": {
							"vector": [0, -4, -7]
						},
						"2.7333": {
							"vector": [0, 0, -2]
						},
						"3.0667": {
							"vector": [0, 0, 0]
						}
					}
				},
				"bone": {
					"rotation": {
						"0.2333": {
							"vector": [0, 0, 0]
						},
						"0.3333": {
							"vector": [45, 0, 0]
						},
						"3.5": {
							"vector": [45, 0, 0]
						},
						"3.6": {
							"vector": [0, 0, 0]
						}
					}
				}
			},
			"sound_effects": {
				"0.3667": {
					"effect": "foley_start"
				},
				"0.7": {
					"effect": "magout"
				},
				"2.3667": {
					"effect": "foley_end"
				},
				"2.8": {
					"effect": "magon"
				}
			}
		},
		"animation.model.preparefire": {
			"animation_length": 0.29167,
			"sound_effects": {
				"0.0": {
					"effect": "magiccharge"
				}
			}
		}
	},
	"geckolib_format_version": 2
}