{
	"format_version": "1.8.0",
	"animations": {
		"animation.model.draw": {
			"loop": true,
			"animation_length": 1.2,
			"bones": {
				"main": {
					"rotation": {
						"0.0": {
							"vector": [32.09413, -54.38778, -8.29667]
						},
						"0.4": {
							"vector": [1.77698, -9.99529, -4.30852]
						},
						"0.55": {
							"vector": [0.58201, -1.04064, 2.6563]
						},
						"0.7": {
							"vector": [0.32388, 0.39763, -2.15014]
						},
						"0.8": {
							"vector": [0, 0, 0]
						}
					},
					"position": {
						"0.0": {
							"vector": [0, -17.3, 0]
						},
						"0.25": {
							"vector": [0, -7.41, -4.07]
						},
						"0.4": {
							"vector": [-0.4, -1.2, -2.75]
						},
						"0.5": {
							"vector": [0.4, 0, -2.6]
						},
						"0.65": {
							"vector": [0.16, -0.15, 0.6]
						},
						"0.75": {
							"vector": [0, 0, 0]
						}
					}
				},
				"leftarm": {
					"rotation": {
						"0.0": {
							"vector": [0, 0, 0]
						},
						"0.2": {
							"vector": [1, 0, -22]
						},
						"0.4": {
							"vector": [0, 0, 0]
						}
					},
					"position": {
						"0.0": {
							"vector": [0, 0, 0]
						},
						"0.2": {
							"vector": [3.53901, 3.6754, 5.59783]
						},
						"0.4": {
							"vector": [0, 0, 0]
						}
					}
				}
			},
			"sound_effects": {
				"0.0": {
					"effect": "draw"
				}
			}
		},
		"animation.model.inspect": {
			"loop": true,
			"animation_length": 4.26667,
			"bones": {
				"main": {
					"rotation": {
						"0.0": {
							"vector": [0, 0, 0]
						},
						"0.1667": {
							"vector": [-8.41746, -13.59608, -21.21259],
							"easing": "linear"
						},
						"0.3": {
							"vector": [-8.39812, -20.10111, -31.77688]
						},
						"0.4333": {
							"vector": [-9.55676, -20.88889, -28.55629]
						},
						"0.5333": {
							"vector": [-8.77652, -21.21647, -30.72851]
						},
						"0.7667": {
							"vector": [-9.4227, -20.94881, -28.93303]
						},
						"1.0": {
							"vector": [-3.1216, -20.98207, -46.44405]
						},
						"1.1333": {
							"vector": [-4.564, -20.73064, -42.44007]
						},
						"1.2333": {
							"vector": [-4.86325, -20.9153, -41.60203]
						},
						"1.3333": {
							"vector": [-4.58308, -20.97575, -42.38574]
						},
						"1.4667": {
							"vector": [-4.01131, -21.08802, -43.97908]
						},
						"1.6": {
							"vector": [-4.38767, -21.01662, -42.9316]
						},
						"1.7": {
							"vector": [-4.18847, -21.05622, -43.48691],
							"easing": "linear"
						},
						"2.0333": {
							"vector": [-16.91438, 5.38499, 54.40399],
							"easing": "linear"
						},
						"2.1667": {
							"vector": [-15.22513, 5.80082, 60.04554]
						},
						"2.3": {
							"vector": [-15.70981, 5.86025, 59.48558]
						},
						"2.4333": {
							"vector": [-15.93602, 7.03904, 62.69373]
						},
						"2.5667": {
							"vector": [-15.60896, 7.75082, 65.23442]
						},
						"2.7333": {
							"vector": [-15.71675, 7.52491, 64.42194]
						},
						"2.9": {
							"vector": [-15.56389, 7.84019, 65.55973]
						},
						"3.1": {
							"vector": [-15.61778, 7.73186, 65.16659]
						},
						"3.2667": {
							"vector": [-15.9801, 6.93689, 62.33342]
						},
						"3.4": {
							"vector": [-8.86998, 2.42135, 33.56191]
						},
						"3.5333": {
							"vector": [0, -1.75, -2.75]
						},
						"3.7": {
							"vector": [0, 0, 0]
						}
					},
					"position": {
						"0.0": {
							"vector": [0, 0, 0]
						},
						"0.3": {
							"vector": [-0.475, 1.475, -11.7]
						},
						"0.4": {
							"vector": [-0.195, 1, -10.7]
						},
						"0.5333": {
							"vector": [-0.03, 0.725, -10.7]
						},
						"0.7": {
							"vector": [0, 1.125, -10.7]
						},
						"0.9": {
							"vector": [0.125, 1.4, -11.275]
						},
						"1.2": {
							"vector": [-0.02, 1.475, -11]
						},
						"1.4": {
							"vector": [0.11, 1.425, -11.175]
						},
						"1.6667": {
							"vector": [0.275, 1.25, -10.975]
						},
						"1.8": {
							"vector": [-0.13, -1.19, -11.65]
						},
						"1.9667": {
							"vector": [-0.545, -1.325, -10.15]
						},
						"2.1333": {
							"vector": [-0.415, -1.395, -9.545]
						},
						"2.2667": {
							"vector": [-0.525, -1.455, -8.17]
						},
						"2.4": {
							"vector": [-0.49, -1.43, -8.85]
						},
						"2.5667": {
							"vector": [-0.455, -1.5, -8.24]
						},
						"2.7667": {
							"vector": [-0.53, -1.5, -8.27]
						},
						"3.0": {
							"vector": [-0.49, -1.41, -8.3]
						},
						"3.2333": {
							"vector": [-0.545, -1.325, -8.325]
						},
						"3.3667": {
							"vector": [-1.005, -0.61, -6.41]
						},
						"3.6333": {
							"vector": [0, 0, 0]
						}
					}
				},
				"leftarm": {
					"rotation": {
						"0.0": {
							"vector": [0, 0, 0]
						},
						"0.1667": {
							"vector": [94.34183, 65.03608, 48.49136]
						},
						"1.7333": {
							"vector": [94.34183, 65.03608, 48.49136]
						},
						"2.0333": {
							"vector": [-20, 0, -45]
						},
						"3.3": {
							"vector": [-20, 0, -45]
						},
						"3.5667": {
							"vector": [0, 0, 0]
						}
					},
					"position": {
						"0.0": {
							"vector": [0, 0, 0]
						},
						"0.1667": {
							"vector": [6.23986, -46.20851, 24.64864]
						},
						"1.7333": {
							"vector": [6.23986, -46.20851, 24.64864]
						},
						"2.0333": {
							"vector": [10.32656, 5.91547, -0.26029]
						},
						"3.3": {
							"vector": [10.32656, 5.91547, -0.26029]
						},
						"3.5667": {
							"vector": [0, 0, 0]
						}
					}
				},
				"rightarm": {
					"rotation": {
						"0.0": {
							"vector": [0, 0, 0]
						},
						"0.1667": {
							"vector": [0, 0, 0]
						},
						"1.7333": {
							"vector": [0, 0, 0]
						},
						"2.0333": {
							"vector": [0.09396, 19.47939, 4.39424]
						},
						"3.3": {
							"vector": [0.09396, 19.47939, 4.39424]
						},
						"3.5667": {
							"vector": [0, 0, 0]
						}
					},
					"position": {
						"0.0": {
							"vector": [0, 0, 0]
						},
						"0.1667": {
							"vector": [0, 0, 0]
						},
						"1.7333": {
							"vector": [0, 0, 0]
						},
						"2.0333": {
							"vector": [6.85, 1.45, 2.025]
						},
						"3.3": {
							"vector": [6.85, 1.45, 2.025]
						},
						"3.5667": {
							"vector": [0, 0, 0]
						}
					}
				}
			},
			"sound_effects": {
				"0.0": {
					"effect": "inspect_up"
				},
				"0.8": {
					"effect": "inspect_foley"
				},
				"1.3667": {
					"effect": "inspect_turn"
				},
				"3.4667": {
					"effect": "inspect_down"
				}
			}
		},
		"animation.model.prepareoneshot": {
			"loop": true,
			"animation_length": 0.9,
			"bones": {
				"main": {
					"rotation": {
						"0.0": {
							"vector": [0, 0, 0]
						},
						"0.0667": {
							"vector": [-1.14143, -1.82266, -3.46275]
						},
						"0.1667": {
							"vector": [-3.46711, -3.50577, -6.36688]
						},
						"0.2667": {
							"vector": [4.16616, -4.61557, -0.6611]
						},
						"0.3333": {
							"vector": [0.34024, -5.35463, -0.83966]
						},
						"0.4": {
							"vector": [-3.158, -6.06791, -4.53342]
						},
						"0.5": {
							"vector": [-3.64637, -5.36509, -2.5839]
						},
						"0.6": {
							"vector": [-3.68353, -4.65993, -4.66957]
						}
					},
					"position": {
						"0.0": {
							"vector": [0, 0, 0]
						},
						"0.1": {
							"vector": [0.1, 0, -2.93]
						},
						"0.1667": {
							"vector": [0.1, -0.175, -2.93]
						},
						"0.2667": {
							"vector": [-0.065, -3.58, -2.46]
						},
						"0.3667": {
							"vector": [-0.35, -3.18, -2.105]
						},
						"0.5667": {
							"vector": [0.025, -3.26, -1.25]
						}
					}
				},
				"barrels": {
					"rotation": {
						"0.0": {
							"vector": [0, 0, 0]
						},
						"0.1667": {
							"vector": [0, 0, 0]
						},
						"0.2667": {
							"vector": [50, 0, 0]
						}
					},
					"position": {
						"0.0": {
							"vector": [0, 0, 0]
						},
						"0.1667": {
							"vector": [0, 0, 0]
						},
						"0.2667": {
							"vector": [0, 10, 2]
						}
					}
				},
				"shell": {
					"rotation": {
						"0.0": {
							"vector": [0, 0, 0]
						},
						"0.2333": {
							"vector": [0, 0, 0]
						},
						"0.3": {
							"vector": [0, 0, 0]
						},
						"0.3333": {
							"vector": [-28.52874, 16.46337, 3.46508]
						},
						"0.4": {
							"vector": [-32.39483, 62.4272, 19.90975]
						},
						"0.4667": {
							"vector": [-244.1974, 35.2244, -191.57882]
						},
						"0.5667": {
							"vector": [-244.1974, 35.2244, -191.57882]
						}
					},
					"position": {
						"0.0": {
							"vector": [0, 0, 0]
						},
						"0.2333": {
							"vector": [0, 0, 0]
						},
						"0.3": {
							"vector": [0, 0, 5.9]
						},
						"0.3333": {
							"vector": [2.225, -5.975, 11.525]
						},
						"0.4": {
							"vector": [8.18, -10.12, 11.455]
						},
						"0.4667": {
							"vector": [13.07974, -18.88686, 7.72102]
						},
						"0.5667": {
							"vector": [17.56831, -26.89201, -1.21874]
						}
					}
				},
				"rightarm": {
					"rotation": {
						"0.0": {
							"vector": [0, 0, 0]
						},
						"0.1": {
							"vector": [-8.98521, 3.1861, 9.77991]
						},
						"0.2333": {
							"vector": [-8.98521, 3.1861, 9.77991]
						},
						"0.4333": {
							"vector": [-10.32436, 9.14904, 5.59688]
						}
					},
					"position": {
						"0.0": {
							"vector": [0, 0, 0]
						},
						"0.4333": {
							"vector": [0.71, -1.98, -1.99]
						}
					}
				},
				"leftarm": {
					"rotation": {
						"0.0": {
							"vector": [0, 0, 0]
						},
						"0.0667": {
							"vector": [-0.06715, -8.43952, -7.89674]
						},
						"0.1667": {
							"vector": [-0.06715, -8.43952, -7.89674]
						},
						"0.2667": {
							"vector": [23.77029, 17.95596, -3.86803]
						},
						"0.3667": {
							"vector": [23.77029, 17.95596, -3.86803]
						},
						"0.5333": {
							"vector": [27.52136, 24.62988, -12.41026]
						}
					},
					"position": {
						"0.0": {
							"vector": [0, 0, 0]
						},
						"0.0667": {
							"vector": [0.12527, 2.07072, -0.04524]
						},
						"0.1667": {
							"vector": [0.12527, 2.07072, -0.04524]
						},
						"0.2667": {
							"vector": [0.64729, 0.54784, 8.51693]
						},
						"0.3667": {
							"vector": [0.64729, 0.54784, 8.51693]
						},
						"0.5333": {
							"vector": [14.45501, -1.00303, 40.70356]
						}
					}
				},
				"bone": {
					"rotation": {
						"0.0": {
							"vector": [0, 0, 0]
						},
						"0.1333": {
							"vector": [0, 0, 0]
						},
						"0.2": {
							"vector": [1.96798, -22.66397, -0.88582]
						}
					}
				}
			},
			"sound_effects": {
				"0.0": {
					"effect": "dbshotgun_open"
				}
			}
		},
		"animation.model.prepareempty": {
			"loop": true,
			"animation_length": 0.9,
			"bones": {
				"main": {
					"rotation": {
						"0.0": {
							"vector": [0, 0, 0]
						},
						"0.0667": {
							"vector": [-1.14143, -1.82266, -3.46275]
						},
						"0.1667": {
							"vector": [-3.46711, -3.50577, -6.36688]
						},
						"0.2667": {
							"vector": [4.16616, -4.61557, -0.6611]
						},
						"0.3333": {
							"vector": [0.34024, -5.35463, -0.83966]
						},
						"0.4": {
							"vector": [-3.158, -6.06791, -4.53342]
						},
						"0.5": {
							"vector": [-3.64637, -5.36509, -2.5839]
						},
						"0.6": {
							"vector": [-3.68353, -4.65993, -4.66957]
						}
					},
					"position": {
						"0.0": {
							"vector": [0, 0, 0]
						},
						"0.1": {
							"vector": [0.1, 0, -2.93]
						},
						"0.1667": {
							"vector": [0.1, -0.175, -2.93]
						},
						"0.2667": {
							"vector": [-0.065, -3.58, -2.46]
						},
						"0.3667": {
							"vector": [-0.35, -3.18, -2.105]
						},
						"0.5667": {
							"vector": [0.025, -3.26, -1.25]
						}
					}
				},
				"barrels": {
					"rotation": {
						"0.0": {
							"vector": [0, 0, 0]
						},
						"0.1667": {
							"vector": [0, 0, 0]
						},
						"0.2667": {
							"vector": [50, 0, 0]
						}
					},
					"position": {
						"0.0": {
							"vector": [0, 0, 0]
						},
						"0.1667": {
							"vector": [0, 0, 0]
						},
						"0.2667": {
							"vector": [0, 10, 2]
						}
					}
				},
				"shell": {
					"rotation": {
						"0.0": {
							"vector": [0, 0, 0]
						},
						"0.2333": {
							"vector": [0, 0, 0]
						},
						"0.3": {
							"vector": [0, 0, 0]
						},
						"0.3333": {
							"vector": [-28.52874, 16.46337, 3.46508]
						},
						"0.4": {
							"vector": [-32.39483, 62.4272, 19.90975]
						},
						"0.4667": {
							"vector": [-244.1974, 35.2244, -191.57882]
						},
						"0.5667": {
							"vector": [-244.1974, 35.2244, -191.57882]
						}
					},
					"position": {
						"0.0": {
							"vector": [0, 0, 0]
						},
						"0.2333": {
							"vector": [0, 0, 0]
						},
						"0.3": {
							"vector": [0, 0, 5.9]
						},
						"0.3333": {
							"vector": [2.225, -5.975, 11.525]
						},
						"0.4": {
							"vector": [8.18, -10.12, 11.455]
						},
						"0.4667": {
							"vector": [13.07974, -18.88686, 7.72102]
						},
						"0.5667": {
							"vector": [17.56831, -26.89201, -1.21874]
						}
					}
				},
				"leftarm": {
					"rotation": {
						"0.0": {
							"vector": [0, 0, 0]
						},
						"0.0667": {
							"vector": [-0.06715, -8.43952, -7.89674]
						},
						"0.1667": {
							"vector": [-0.06715, -8.43952, -7.89674]
						},
						"0.2667": {
							"vector": [23.77029, 17.95596, -3.86803]
						},
						"0.3667": {
							"vector": [23.77029, 17.95596, -3.86803]
						},
						"0.5333": {
							"vector": [27.52136, 24.62988, -12.41026]
						}
					},
					"position": {
						"0.0": {
							"vector": [0, 0, 0]
						},
						"0.0667": {
							"vector": [0.12527, 2.07072, -0.04524]
						},
						"0.1667": {
							"vector": [0.12527, 2.07072, -0.04524]
						},
						"0.2667": {
							"vector": [0.64729, 0.54784, 8.51693]
						},
						"0.3667": {
							"vector": [0.64729, 0.54784, 8.51693]
						},
						"0.5333": {
							"vector": [14.45501, -1.00303, 40.70356]
						}
					}
				},
				"shell2": {
					"rotation": {
						"0.0": {
							"vector": [0, 0, 0]
						},
						"0.2333": {
							"vector": [0, 0, 0]
						},
						"0.3": {
							"vector": [0, 0, 0]
						},
						"0.3333": {
							"vector": [-14.88781, -34.85762, -7.02778]
						},
						"0.4": {
							"vector": [-62.8118, -49.65493, 7.56467]
						},
						"0.5": {
							"vector": [-72.4647, -75.7603, -10.28662]
						}
					},
					"position": {
						"0.0": {
							"vector": [0, 0, 0]
						},
						"0.2333": {
							"vector": [0, 0, 0]
						},
						"0.3": {
							"vector": [0, 0, 5.9]
						},
						"0.3333": {
							"vector": [-5.05, -2.6, 8.175]
						},
						"0.4": {
							"vector": [-8.91793, -10.71882, 9.65256]
						},
						"0.5": {
							"vector": [-13.13182, -23.84676, 7.9208]
						}
					}
				},
				"rightarm": {
					"rotation": {
						"0.0": {
							"vector": [0, 0, 0]
						},
						"0.1": {
							"vector": [-8.98521, 3.1861, 9.77991]
						},
						"0.2333": {
							"vector": [-8.98521, 3.1861, 9.77991]
						},
						"0.4333": {
							"vector": [-10.32436, 9.14904, 5.59688]
						}
					},
					"position": {
						"0.0": {
							"vector": [0, 0, 0]
						},
						"0.4333": {
							"vector": [0.71, -1.98, -1.99]
						}
					}
				},
				"bone": {
					"rotation": {
						"0.0": {
							"vector": [0, 0, 0]
						},
						"0.1333": {
							"vector": [0, 0, 0]
						},
						"0.2": {
							"vector": [1.96798, -22.66397, -0.88582]
						}
					}
				}
			},
			"sound_effects": {
				"0.0": {
					"effect": "dbshotgun_open"
				}
			}
		},
		"animation.model.loadfirst": {
			"loop": true,
			"animation_length": 0.7,
			"bones": {
				"main": {
					"rotation": {
						"0.0": {
							"vector": [-3.68353, -4.65993, -4.66957]
						},
						"0.1333": {
							"vector": [-3.80856, -5.31032, -3.11794]
						},
						"0.2333": {
							"vector": [-3.72552, -5.62548, -4.10378]
						},
						"0.3333": {
							"vector": [-4.69169, -4.92679, -1.63476]
						},
						"0.4": {
							"vector": [-4.61177, -5.77509, -2.82503]
						},
						"0.4667": {
							"vector": [-3.83186, -5.72283, -5.6014]
						},
						"0.5667": {
							"vector": [-3.61857, -5.27825, -2.60916]
						},
						"0.7": {
							"vector": [-3.68353, -4.65993, -4.66957]
						}
					},
					"position": {
						"0.0": {
							"vector": [0.025, -3.26, -1.25]
						},
						"0.1": {
							"vector": [0.22, -3.585, -1.425]
						},
						"0.2333": {
							"vector": [0.095, -3.93, -1.92]
						},
						"0.3667": {
							"vector": [0.225, -3.78, -2.095]
						},
						"0.4333": {
							"vector": [0.38, -4.455, -2.615]
						},
						"0.5333": {
							"vector": [0.105, -3.635, -1.86]
						},
						"0.6": {
							"vector": [-0.115, -3.45, -1.55]
						},
						"0.6667": {
							"vector": [0.025, -3.26, -1.25]
						}
					}
				},
				"barrels": {
					"rotation": {
						"vector": [50, 0, 0]
					},
					"position": {
						"vector": [0, 10, 2]
					}
				},
				"shell": {
					"rotation": {
						"vector": [-244.1974, 35.2244, -191.57882]
					},
					"position": {
						"vector": [17.56831, -26.89201, -1.21874]
					},
					"scale": {
						"vector": [0, 0, 0]
					}
				},
				"leftarm": {
					"rotation": {
						"0.0": {
							"vector": [27.52136, 24.62988, -12.41026]
						},
						"0.0333": {
							"vector": [13.56014, 4.85654, -6.87516]
						},
						"0.1": {
							"vector": [9.99954, -14.05357, -29.22028]
						},
						"0.2": {
							"vector": [-2.43759, -27.10178, -29.48566]
						},
						"0.3": {
							"vector": [0.77953, -36.24725, -41.76529]
						},
						"0.3667": {
							"vector": [-13.13262, -34.32158, -40.59141]
						},
						"0.4333": {
							"vector": [-6.23551, -22.60013, -36.04846]
						},
						"0.5": {
							"vector": [-6.23551, -22.60013, -36.04846]
						},
						"0.5667": {
							"vector": [-7.49414, -26.62161, -32.82122]
						},
						"0.6667": {
							"vector": [27.52136, 24.62988, -12.41026]
						}
					},
					"position": {
						"0.0": {
							"vector": [14.45501, -1.00303, 40.70356]
						},
						"0.0333": {
							"vector": [13.74521, -2.81921, 33.38532]
						},
						"0.1": {
							"vector": [10.88927, 3.68623, 22.31881]
						},
						"0.2": {
							"vector": [8.38244, 7.81548, 18.55956]
						},
						"0.3": {
							"vector": [6.86794, 15.76135, 14.11324]
						},
						"0.3667": {
							"vector": [1.7718, 16.43482, 13.24478]
						},
						"0.4333": {
							"vector": [-0.2282, 16.43482, 13.24478]
						},
						"0.5": {
							"vector": [-0.2282, 16.43482, 13.24478]
						},
						"0.5667": {
							"vector": [2.925, 20.13, 16.27]
						},
						"0.6667": {
							"vector": [14.45501, -1.00303, 40.70356]
						}
					}
				},
				"shell2": {
					"rotation": {
						"0.0": {
							"vector": [-244.1974, 35.2244, -191.57882]
						},
						"0.1": {
							"vector": [-37.48861, 19.95301, -106.72537]
						},
						"0.3": {
							"vector": [0, 2.5, -9.75]
						},
						"0.3667": {
							"vector": [0, 0, 0]
						},
						"0.4333": {
							"vector": [0, 0, 0]
						}
					},
					"position": {
						"0.0": {
							"vector": [17.56831, -35.89201, -1.21874]
						},
						"0.1": {
							"vector": [17.44, -11.515, -0.97]
						},
						"0.2": {
							"vector": [13.71893, -5.67972, 3.5508]
						},
						"0.3": {
							"vector": [10.15, 2, 9.75]
						},
						"0.3667": {
							"vector": [0, 0, 5.65]
						},
						"0.4333": {
							"vector": [0, 0, 0]
						}
					}
				},
				"rightarm": {
					"rotation": {
						"vector": [-10.32436, 9.14904, 5.59688]
					},
					"position": {
						"vector": [0.71, -1.98, -1.99]
					}
				},
				"bone": {
					"rotation": {
						"vector": [1.96798, -22.66397, -0.88582]
					}
				}
			},
			"sound_effects": {
				"0.2": {
					"effect": "shell_chamber"
				}
			}
		},
		"animation.model.loadsecond": {
			"loop": true,
			"animation_length": 0.7,
			"bones": {
				"main": {
					"rotation": {
						"0.0": {
							"vector": [-3.68353, -4.65993, -4.66957]
						},
						"0.1333": {
							"vector": [-3.80856, -5.31032, -3.11794]
						},
						"0.2333": {
							"vector": [-3.72552, -5.62548, -4.10378]
						},
						"0.3333": {
							"vector": [-4.69169, -4.92679, -1.63476]
						},
						"0.4": {
							"vector": [-4.61177, -5.77509, -2.82503]
						},
						"0.4667": {
							"vector": [-3.83186, -5.72283, -5.6014]
						},
						"0.5667": {
							"vector": [-3.61857, -5.27825, -2.60916]
						},
						"0.7": {
							"vector": [-3.68353, -4.65993, -4.66957]
						}
					},
					"position": {
						"0.0": {
							"vector": [0.025, -3.26, -1.25]
						},
						"0.1": {
							"vector": [0.22, -3.585, -1.425]
						},
						"0.2333": {
							"vector": [0.095, -3.93, -1.92]
						},
						"0.3667": {
							"vector": [0.225, -3.78, -2.095]
						},
						"0.4333": {
							"vector": [0.38, -4.455, -2.615]
						},
						"0.5333": {
							"vector": [0.105, -3.635, -1.86]
						},
						"0.6": {
							"vector": [-0.115, -3.45, -1.55]
						},
						"0.6667": {
							"vector": [0.025, -3.26, -1.25]
						}
					}
				},
				"barrels": {
					"rotation": {
						"vector": [50, 0, 0]
					},
					"position": {
						"vector": [0, 10, 2]
					}
				},
				"shell": {
					"rotation": {
						"0.0": {
							"vector": [-244.1974, 35.2244, -191.57882]
						},
						"0.1": {
							"vector": [-37.48861, 19.95301, -106.72537]
						},
						"0.3": {
							"vector": [0, 10, -9.75]
						},
						"0.3667": {
							"vector": [0, 0, 0]
						},
						"0.4333": {
							"vector": [0, 0, 0]
						}
					},
					"position": {
						"0.0": {
							"vector": [17.56831, -26.89201, -1.21874]
						},
						"0.1": {
							"vector": [12.44, -9.515, -1.97]
						},
						"0.2": {
							"vector": [6.71893, -3.67972, 5.5508]
						},
						"0.3": {
							"vector": [0.15, 0, 5.75]
						},
						"0.3667": {
							"vector": [0, 0, 5.65]
						},
						"0.4333": {
							"vector": [0, 0, 0]
						}
					}
				},
				"leftarm": {
					"rotation": {
						"0.0": {
							"vector": [27.52136, 24.62988, -12.41026]
						},
						"0.0333": {
							"vector": [13.56014, 4.85654, -6.87516]
						},
						"0.1": {
							"vector": [9.99954, -14.05357, -29.22028]
						},
						"0.2": {
							"vector": [-2.43759, -27.10178, -29.48566]
						},
						"0.3": {
							"vector": [0.77953, -36.24725, -41.76529]
						},
						"0.3667": {
							"vector": [-3.13262, -34.32158, -40.59141]
						},
						"0.4333": {
							"vector": [-7.49414, -26.62161, -32.82122]
						},
						"0.5333": {
							"vector": [-7.49414, -26.62161, -32.82122]
						},
						"0.6667": {
							"vector": [27.52136, 24.62988, -12.41026]
						}
					},
					"position": {
						"0.0": {
							"vector": [14.45501, -1.00303, 40.70356]
						},
						"0.0333": {
							"vector": [13.74521, -2.81921, 33.38532]
						},
						"0.1": {
							"vector": [11.38927, 5.28623, 20.54381]
						},
						"0.2": {
							"vector": [8.38244, 8.99048, 16.30956]
						},
						"0.3": {
							"vector": [4.86794, 14.96135, 13.76324]
						},
						"0.3667": {
							"vector": [4.7718, 14.38482, 14.11978]
						},
						"0.4333": {
							"vector": [4.4, 15.08, 12.77]
						},
						"0.5333": {
							"vector": [12.4, 14.08, 14.77]
						},
						"0.6667": {
							"vector": [14.45501, -1.00303, 40.70356]
						}
					}
				},
				"rightarm": {
					"rotation": {
						"vector": [-10.32436, 9.14904, 5.59688]
					},
					"position": {
						"vector": [0.71, -1.98, -1.99]
					}
				},
				"bone": {
					"rotation": {
						"vector": [1.96798, -22.66397, -0.88582]
					}
				}
			},
			"sound_effects": {
				"0.2": {
					"effect": "shell_chamber"
				}
			}
		},
		"animation.model.finishoneshot": {
			"loop": true,
			"animation_length": 0.9,
			"bones": {
				"main": {
					"rotation": {
						"0.0": {
							"vector": [-3.68353, -4.65993, -4.66957]
						},
						"0.1": {
							"vector": [-3.59815, -3.74132, -5.98403]
						},
						"0.2": {
							"vector": [-0.83815, -3.62889, -2.22909]
						},
						"0.3": {
							"vector": [-3.06466, -6.05838, -6.62386]
						},
						"0.3667": {
							"vector": [-5.746, -5.37318, -3.04773]
						},
						"0.4667": {
							"vector": [-4.11352, -6.08266, -5.81581]
						},
						"0.5333": {
							"vector": [-4.09838, -3.58908, -5.99544]
						},
						"0.7": {
							"vector": [0, 0, 0]
						}
					},
					"position": {
						"0.0": {
							"vector": [0.025, -3.26, -1.25]
						},
						"0.1": {
							"vector": [-0.08, -3.36, -2.3]
						},
						"0.2333": {
							"vector": [-0.03, -3.91, -2.575]
						},
						"0.3333": {
							"vector": [-0.03, -4.135, -2.445]
						},
						"0.4333": {
							"vector": [0.07, -3.31, -1.29]
						},
						"0.5": {
							"vector": [-0.105, -3.01, -0.19]
						},
						"0.6667": {
							"vector": [0, 0, 0]
						}
					}
				},
				"barrels": {
					"rotation": {
						"0.0": {
							"vector": [50, 0, 0]
						},
						"0.2333": {
							"vector": [50, 0, 0]
						},
						"0.3333": {
							"vector": [0, 0, 0]
						}
					},
					"position": {
						"0.0": {
							"vector": [0, 10, 2]
						},
						"0.2333": {
							"vector": [0, 10, 2]
						},
						"0.3333": {
							"vector": [0, 0, 0]
						}
					}
				},
				"shell": {
					"rotation": {
						"vector": [0, 0, 0]
					},
					"position": {
						"vector": [0, 0, 0]
					},
					"scale": {
						"vector": [0, 0, 0]
					}
				},
				"rightarm": {
					"rotation": {
						"0.0": {
							"vector": [-10.32436, 9.14904, 5.59688]
						},
						"0.2667": {
							"vector": [-10.32436, 9.14904, 5.59688]
						},
						"0.4333": {
							"vector": [-8.98521, 3.1861, 9.77991]
						},
						"0.6": {
							"vector": [0, 0, 0]
						}
					},
					"position": {
						"0.0": {
							"vector": [0.71, -1.98, -1.99]
						},
						"0.6": {
							"vector": [0, 0, 0]
						}
					}
				},
				"leftarm": {
					"rotation": {
						"0.0": {
							"vector": [27.52136, 24.62988, -12.41026]
						},
						"0.1": {
							"vector": [33.59414, 28.19141, -3.384]
						},
						"0.2333": {
							"vector": [33.59414, 28.19141, -3.384]
						},
						"0.3333": {
							"vector": [0.1588, 2.88086, -3.84969]
						},
						"0.4": {
							"vector": [0.1588, 2.88086, -3.84969]
						},
						"0.5333": {
							"vector": [0, 0, 0]
						}
					},
					"position": {
						"0.0": {
							"vector": [14.45501, -1.00303, 40.70356]
						},
						"0.1": {
							"vector": [2.31, 2.3, 8.65]
						},
						"0.2333": {
							"vector": [2.31, 2.3, 8.65]
						},
						"0.3333": {
							"vector": [1.05, 2.775, 0]
						},
						"0.4": {
							"vector": [1.05, 2.775, 0]
						},
						"0.5333": {
							"vector": [0, 0, 0]
						}
					}
				},
				"bone": {
					"rotation": {
						"0.0": {
							"vector": [1.96798, -22.66397, -0.88582]
						},
						"0.2667": {
							"vector": [1.96798, -22.66397, -0.88582]
						},
						"0.3333": {
							"vector": [0, 0, 0]
						}
					}
				}
			},
			"sound_effects": {
				"0.0": {
					"effect": "dbshotgun_close"
				}
			}
		},
		"animation.model.finishfull": {
			"loop": true,
			"animation_length": 0.9,
			"bones": {
				"main": {
					"rotation": {
						"0.0": {
							"vector": [-3.68353, -4.65993, -4.66957]
						},
						"0.1": {
							"vector": [-3.59815, -3.74132, -5.98403]
						},
						"0.2": {
							"vector": [-0.83815, -3.62889, -2.22909]
						},
						"0.3": {
							"vector": [-3.06466, -6.05838, -6.62386]
						},
						"0.3667": {
							"vector": [-5.746, -5.37318, -3.04773]
						},
						"0.4667": {
							"vector": [-4.11352, -6.08266, -5.81581]
						},
						"0.5333": {
							"vector": [-4.09838, -3.58908, -5.99544]
						},
						"0.7": {
							"vector": [0, 0, 0]
						}
					},
					"position": {
						"0.0": {
							"vector": [0.025, -3.26, -1.25]
						},
						"0.1": {
							"vector": [-0.08, -3.36, -2.3]
						},
						"0.2333": {
							"vector": [-0.03, -3.91, -2.575]
						},
						"0.3333": {
							"vector": [-0.03, -4.135, -2.445]
						},
						"0.4333": {
							"vector": [0.07, -3.31, -1.29]
						},
						"0.5": {
							"vector": [-0.105, -3.01, -0.19]
						},
						"0.6667": {
							"vector": [0, 0, 0]
						}
					}
				},
				"barrels": {
					"rotation": {
						"0.0": {
							"vector": [50, 0, 0]
						},
						"0.2333": {
							"vector": [50, 0, 0]
						},
						"0.3333": {
							"vector": [0, 0, 0]
						}
					},
					"position": {
						"0.0": {
							"vector": [0, 10, 2]
						},
						"0.2333": {
							"vector": [0, 10, 2]
						},
						"0.3333": {
							"vector": [0, 0, 0]
						}
					}
				},
				"rightarm": {
					"rotation": {
						"0.0": {
							"vector": [-10.32436, 9.14904, 5.59688]
						},
						"0.2667": {
							"vector": [-10.32436, 9.14904, 5.59688]
						},
						"0.4333": {
							"vector": [-8.98521, 3.1861, 9.77991]
						},
						"0.6": {
							"vector": [0, 0, 0]
						}
					},
					"position": {
						"0.0": {
							"vector": [0.71, -1.98, -1.99]
						},
						"0.6": {
							"vector": [0, 0, 0]
						}
					}
				},
				"leftarm": {
					"rotation": {
						"0.0": {
							"vector": [27.52136, 24.62988, -12.41026]
						},
						"0.1": {
							"vector": [33.59414, 28.19141, -3.384]
						},
						"0.2333": {
							"vector": [33.59414, 28.19141, -3.384]
						},
						"0.3333": {
							"vector": [0.1588, 2.88086, -3.84969]
						},
						"0.4": {
							"vector": [0.1588, 2.88086, -3.84969]
						},
						"0.5333": {
							"vector": [0, 0, 0]
						}
					},
					"position": {
						"0.0": {
							"vector": [14.45501, -1.00303, 40.70356]
						},
						"0.1": {
							"vector": [2.31, 2.3, 8.65]
						},
						"0.2333": {
							"vector": [2.31, 2.3, 8.65]
						},
						"0.3333": {
							"vector": [1.05, 2.775, 0]
						},
						"0.4": {
							"vector": [1.05, 2.775, 0]
						},
						"0.5333": {
							"vector": [0, 0, 0]
						}
					}
				},
				"bone": {
					"rotation": {
						"0.0": {
							"vector": [1.96798, -22.66397, -0.88582]
						},
						"0.2667": {
							"vector": [1.96798, -22.66397, -0.88582]
						},
						"0.3333": {
							"vector": [0, 0, 0]
						}
					}
				}
			},
			"sound_effects": {
				"0.0": {
					"effect": "dbshotgun_close"
				}
			}
		},
		"animation.model.fire": {
			"loop": true,
			"animation_length": 0.65,
			"bones": {
				"main": {
					"rotation": {
						"0.0": {
							"vector": [0, 0, 0]
						},
						"0.05": {
							"vector": [-4.20704, -2.00287, -6.82365]
						},
						"0.125": {
							"vector": [-2.65065, -1.47325, -0.34359]
						},
						"0.225": {
							"vector": [-1.10439, -0.68517, -2.89691]
						},
						"0.325": {
							"vector": [0, 0, 0]
						}
					},
					"position": {
						"0.0": {
							"vector": [0, 0, 0]
						},
						"0.05": {
							"vector": [-0.375, 0.35, 6.575]
						},
						"0.25": {
							"vector": [0, 0, 0]
						}
					}
				},
				"pump": {
					"rotation": {
						"0.0": {
							"vector": [0, 0, 0]
						},
						"0.25": {
							"vector": [0, 0, 0]
						},
						"0.65": {
							"vector": [0, 0, 0]
						}
					},
					"position": {
						"0.0": {
							"vector": [0, 0, 0]
						},
						"0.25": {
							"vector": [0, 0, 0]
						},
						"0.35": {
							"vector": [0, 0, 10.5]
						},
						"0.55": {
							"vector": [0, 0, 10.5]
						},
						"0.65": {
							"vector": [0, 0, 0]
						}
					}
				},
				"actioncover": {
					"rotation": {
						"0.0": {
							"vector": [0, 0, 0]
						},
						"0.05": {
							"vector": [0, 0, -13.25]
						},
						"0.1": {
							"vector": [0, 0, 19]
						},
						"0.2": {
							"vector": [0, 0, 2]
						},
						"0.3": {
							"vector": [0, 0, 11]
						},
						"0.45": {
							"vector": [0, 0, 0]
						}
					},
					"position": {
						"vector": [0, 0, 0]
					}
				},
				"action2": {
					"rotation": {
						"0.0": {
							"vector": [0, 0, 22.5]
						},
						"0.15": {
							"vector": [0, 0, 0]
						}
					},
					"position": {
						"0.0": {
							"vector": [0, 0, 0]
						},
						"0.15": {
							"vector": [0, 0, 0]
						}
					}
				},
				"action3": {
					"rotation": {
						"vector": [0, 0, 0]
					},
					"position": {
						"0.0": {
							"vector": [0, 0, 0]
						},
						"0.05": {
							"vector": [0, 0, 0]
						},
						"0.15": {
							"vector": [0, 0, -12]
						},
						"0.2": {
							"vector": [0, 0, -12]
						},
						"0.3": {
							"vector": [0, 0, 3]
						}
					}
				},
				"barrel": {
					"rotation": {
						"0.0": {
							"vector": [0, 0, 0]
						},
						"0.05": {
							"vector": [0, 0, 0]
						},
						"0.15": {
							"vector": [0, 0, 0]
						},
						"0.25": {
							"vector": [0, 0, 0]
						}
					},
					"position": {
						"0.0": {
							"vector": [0, 0, 0]
						},
						"0.05": {
							"vector": [0, 0, 17.9]
						},
						"0.15": {
							"vector": [0, 0, 17.9]
						},
						"0.25": {
							"vector": [0, 0, 0]
						}
					}
				},
				"bipod": {
					"rotation": {
						"0.0": {
							"vector": [0, 0, 0]
						},
						"0.05": {
							"vector": [-0.49939, 1.02613, 2.99117]
						},
						"0.1": {
							"vector": [3.12502, 0.61124, -3.04173]
						},
						"0.2": {
							"vector": [0.43156, 0.51312, -1.23475]
						},
						"0.3": {
							"vector": [0, 0, 0]
						}
					},
					"position": {
						"vector": [0, 0, 0]
					}
				},
				"action": {
					"rotation": {
						"0.0": {
							"vector": [0, 0, 0]
						},
						"0.05": {
							"vector": [0, 0, 0]
						},
						"0.2": {
							"vector": [0, 0, 0]
						},
						"0.3": {
							"vector": [0, 0, 0]
						}
					},
					"position": {
						"0.0": {
							"vector": [0, 0, 0]
						},
						"0.05": {
							"vector": [0, 0, 22]
						},
						"0.2": {
							"vector": [0, 0, 22]
						},
						"0.3": {
							"vector": [0, 0, 0]
						}
					}
				},
				"cog": {
					"rotation": {
						"0.0": {
							"vector": [0, 0, 0]
						},
						"0.05": {
							"vector": [0, 0, -202.5]
						},
						"0.2": {
							"vector": [0, 0, 0]
						}
					}
				}
			}
		}
	},
	"geckolib_format_version": 2
}