{
	"format_version": "1.8.0",
	"animations": {
		"animation.model.draw": {
			"loop": true,
			"animation_length": 1.2,
			"bones": {
				"main": {
					"rotation": {
						"0.0": {
							"vector": [32.09413, -54.38778, -8.29667]
						},
						"0.35": {
							"vector": [23.69413, -65.07619, 5.83339],
							"easing": "easeOutSine"
						},
						"0.5": {
							"vector": [16.19413, -65.07619, 5.83339],
							"easing": "easeOutSine"
						},
						"0.75": {
							"vector": [0, 0, 0],
							"easing": "linear"
						}
					},
					"position": {
						"0.0": {
							"vector": [0, -17.3, 0]
						},
						"0.15": {
							"vector": [4.6, -2.525, -1.625],
							"easing": "linear"
						},
						"0.35": {
							"vector": [7.88, -0.51, -2.32]
						},
						"0.4": {
							"vector": [6.95, 0, -2.49],
							"easing": "linear"
						},
						"0.5": {
							"vector": [7.3, -0.67, -1.66]
						},
						"0.55": {
							"vector": [4.97, -1, -1.24]
						},
						"0.7": {
							"vector": [0, 0, 0],
							"easing": "linear"
						}
					}
				},
				"leftarm": {
					"rotation": {
						"0.0": {
							"vector": [0, 0, 0]
						},
						"0.2": {
							"vector": [-21.5, 0, -22]
						},
						"0.45": {
							"vector": [-21.5, 0, -22]
						},
						"0.65": {
							"vector": [0, 0, 0]
						}
					},
					"position": {
						"0.0": {
							"vector": [0, 0, 0]
						},
						"0.2": {
							"vector": [5.53901, -1.3246, -4.40217]
						},
						"0.45": {
							"vector": [5.53901, -1.3246, -4.40217]
						},
						"0.65": {
							"vector": [0, 0, 0]
						}
					}
				},
				"rightarm": {
					"rotation": {
						"0.0": {
							"vector": [0, 45, 0]
						},
						"0.2": {
							"vector": [-17.5, 45, 0]
						},
						"0.35": {
							"vector": [-63.20581, 49.11241, -14.36992]
						},
						"0.5": {
							"vector": [-63.21, 49.11, -14.37]
						},
						"0.7": {
							"vector": [0, 0, 0]
						}
					},
					"position": {
						"0.0": {
							"vector": [17, -3, 0]
						},
						"0.2": {
							"vector": [15, -5, -3]
						},
						"0.3": {
							"vector": [15, -16, 3.5]
						},
						"0.35": {
							"vector": [15, -11, -6]
						},
						"0.5": {
							"vector": [15, -11, 5]
						},
						"0.7": {
							"vector": [0, 0, 0]
						}
					}
				}
			},
			"sound_effects": {
				"0.0": {
					"effect": "draw"
				}
			}
		},
		"animation.model.inspect": {
			"loop": true,
			"animation_length": 4.26667,
			"bones": {
				"main": {
					"rotation": {
						"0.0": {
							"vector": [0, 0, 0]
						},
						"0.1667": {
							"vector": [-8.41746, -13.59608, -21.21259],
							"easing": "linear"
						},
						"0.3": {
							"vector": [-8.39812, -20.10111, -31.77688]
						},
						"0.4333": {
							"vector": [-9.55676, -20.88889, -28.55629]
						},
						"0.5333": {
							"vector": [-8.77652, -21.21647, -30.72851]
						},
						"0.7667": {
							"vector": [-9.4227, -20.94881, -28.93303]
						},
						"1.0": {
							"vector": [-3.1216, -20.98207, -46.44405]
						},
						"1.1333": {
							"vector": [-4.564, -20.73064, -42.44007]
						},
						"1.2333": {
							"vector": [-4.86325, -20.9153, -41.60203]
						},
						"1.3333": {
							"vector": [-4.58308, -20.97575, -42.38574]
						},
						"1.4667": {
							"vector": [-4.01131, -21.08802, -43.97908]
						},
						"1.6": {
							"vector": [-4.38767, -21.01662, -42.9316]
						},
						"1.7": {
							"vector": [-4.18847, -21.05622, -43.48691],
							"easing": "linear"
						},
						"2.0333": {
							"vector": [-16.91438, 5.38499, 54.40399],
							"easing": "linear"
						},
						"2.1667": {
							"vector": [-15.22513, 5.80082, 60.04554]
						},
						"2.3": {
							"vector": [-15.70981, 5.86025, 59.48558]
						},
						"2.4333": {
							"vector": [-15.93602, 7.03904, 62.69373]
						},
						"2.5667": {
							"vector": [-15.60896, 7.75082, 65.23442]
						},
						"2.7333": {
							"vector": [-15.71675, 7.52491, 64.42194]
						},
						"2.9": {
							"vector": [-15.56389, 7.84019, 65.55973]
						},
						"3.1": {
							"vector": [-15.61778, 7.73186, 65.16659]
						},
						"3.2667": {
							"vector": [-15.9801, 6.93689, 62.33342]
						},
						"3.4": {
							"vector": [-8.86998, 2.42135, 33.56191]
						},
						"3.5333": {
							"vector": [0, -1.75, -2.75]
						},
						"3.7": {
							"vector": [0, 0, 0]
						}
					},
					"position": {
						"0.0": {
							"vector": [0, 0, 0]
						},
						"0.3": {
							"vector": [-0.475, 1.475, -8.7]
						},
						"0.4": {
							"vector": [-0.195, 1, -7.7]
						},
						"0.5333": {
							"vector": [-0.03, 0.725, -7.7]
						},
						"0.7": {
							"vector": [0, 1.125, -7.7]
						},
						"0.9": {
							"vector": [0.125, 1.4, -8.275]
						},
						"1.2": {
							"vector": [-0.02, 1.475, -8]
						},
						"1.4": {
							"vector": [0.11, 1.425, -8.175]
						},
						"1.6667": {
							"vector": [0.275, 1.25, -7.975]
						},
						"1.8": {
							"vector": [-0.13, -1.19, -8.65]
						},
						"1.9667": {
							"vector": [-0.545, -1.325, -11.15]
						},
						"2.1333": {
							"vector": [-0.415, -1.395, -10.545]
						},
						"2.2667": {
							"vector": [-0.525, -1.455, -9.17]
						},
						"2.4": {
							"vector": [-0.49, -1.43, -9.85]
						},
						"2.5667": {
							"vector": [-0.455, -1.5, -9.24]
						},
						"2.7667": {
							"vector": [-0.53, -1.5, -9.27]
						},
						"3.0": {
							"vector": [-0.49, -1.41, -9.3]
						},
						"3.2333": {
							"vector": [-0.545, -1.325, -9.325]
						},
						"3.3667": {
							"vector": [-1.005, -0.61, -7.41]
						},
						"3.6333": {
							"vector": [0, 0, 0]
						}
					}
				},
				"leftarm": {
					"rotation": {
						"0.0": {
							"vector": [0, 0, 0]
						},
						"0.1667": {
							"vector": [0, 0, -2.5]
						},
						"1.7333": {
							"vector": [0, 0, -2.5]
						},
						"2.0333": {
							"vector": [-20, 0, -45]
						},
						"3.3": {
							"vector": [-20, 0, -45]
						},
						"3.5667": {
							"vector": [0, 0, 0]
						}
					},
					"position": {
						"0.0": {
							"vector": [0, 0, 0]
						},
						"0.1667": {
							"vector": [11.23986, -30.20851, 24.64864]
						},
						"1.7333": {
							"vector": [11.23986, -30.20851, 24.64864]
						},
						"2.0333": {
							"vector": [7.35, 6.25, 2.33]
						},
						"3.3": {
							"vector": [7.35, 6.25, 2.33]
						},
						"3.5667": {
							"vector": [0, 0, 0]
						}
					}
				}
			},
			"sound_effects": {
				"0.0": {
					"effect": "inspect_up"
				},
				"0.8": {
					"effect": "inspect_foley"
				},
				"1.3667": {
					"effect": "inspect_turn"
				},
				"3.4667": {
					"effect": "inspect_down"
				}
			}
		},
		"animation.model.reloadempty": {
			"loop": true,
			"animation_length": 2.4,
			"bones": {
				"main": {
					"rotation": {
						"0.0": {
							"vector": [0, 0, 0]
						},
						"0.1333": {
							"vector": [-5, 0, 10]
						},
						"0.5333": {
							"vector": [0, 0, 0]
						},
						"0.6667": {
							"vector": [-5.21485, -2.95862, -15.29475]
						},
						"0.7333": {
							"vector": [-5.32661, -2.7519, -13.05148]
						},
						"0.8333": {
							"vector": [-6.02889, 0.16976, 5.24751]
						},
						"0.9333": {
							"vector": [-6.24711, -1.203, -0.38662]
						},
						"1.0667": {
							"vector": [-6.11401, -0.24184, -2.94553]
						},
						"1.2": {
							"vector": [-5.5641, -3.67217, -16.73407]
						},
						"1.3333": {
							"vector": [-9.13595, -7.55317, -28.24841]
						},
						"1.4667": {
							"vector": [-8.4828, -8.28104, -32.98754]
						},
						"1.6": {
							"vector": [-9.07014, -7.63227, -28.74648]
						},
						"1.7": {
							"vector": [-6.70888, -8.74921, -39.37529]
						},
						"1.8": {
							"vector": [-6.67274, -8.47385, -33.47033]
						},
						"1.9333": {
							"vector": [0.65978, 0.18913, -3.84963]
						},
						"2.0667": {
							"vector": [0, 0, 0]
						}
					},
					"position": {
						"0.0": {
							"vector": [0, 0, 0]
						},
						"0.2": {
							"vector": [0, 1, 0]
						},
						"0.3333": {
							"vector": [0, -0.3, 0]
						},
						"0.5333": {
							"vector": [0, 0, 0]
						},
						"0.6": {
							"vector": [-0.575, 0, 0]
						},
						"0.7": {
							"vector": [-0.38, 0.875, 0.35]
						},
						"0.8333": {
							"vector": [-0.705, -3.5, -0.675]
						},
						"0.9667": {
							"vector": [-1.2, -2.62, -1.475]
						},
						"1.1333": {
							"vector": [-0.705, -1.9, -1.575]
						},
						"1.2667": {
							"vector": [-0.55, -1.27, -3.6]
						},
						"1.4": {
							"vector": [-0.7, -0.55, -1.85]
						},
						"1.5": {
							"vector": [-0.85, -0.45, -1.3]
						},
						"1.5667": {
							"vector": [-1.025, -0.475, -1.3]
						},
						"1.6667": {
							"vector": [-1.075, -0.2, -1.3]
						},
						"1.7333": {
							"vector": [-1.575, 0.5, -0.775]
						},
						"1.8333": {
							"vector": [-1.075, -0.225, -1.025]
						},
						"2.0": {
							"vector": [0, 0, 0]
						}
					}
				},
				"bullet": {
					"position": {
						"0.0": {
							"vector": [0, -1, 0]
						},
						"0.6667": {
							"vector": [0, -1, 0]
						},
						"0.7": {
							"vector": [0, 0, 0]
						}
					}
				},
				"leftarm": {
					"rotation": {
						"0.0": {
							"vector": [0, 0, 0]
						},
						"0.1333": {
							"vector": [-15.06333, -10.45937, 7.82328]
						},
						"0.3": {
							"vector": [1.21306, -6.1013, 4.56358]
						},
						"0.6": {
							"vector": [-19.45644, -5.86858, 7.49224]
						},
						"0.6667": {
							"vector": [-19.1063, -9.63723, 4.18713]
						},
						"0.7667": {
							"vector": [-19.1063, -9.63723, 4.18713]
						},
						"0.8667": {
							"vector": [43.07804, 15.85303, 7.64839]
						},
						"1.3667": {
							"vector": [9.84584, 4.15599, 15.03241]
						},
						"1.5": {
							"vector": [6.77665, 5.80251, 14.43551]
						},
						"1.5667": {
							"vector": [6.85598, 4.18921, 15.11822]
						},
						"1.6333": {
							"vector": [0.91192, 3.09309, 15.72168]
						},
						"1.7667": {
							"vector": [0.91192, 3.09309, 15.72168]
						},
						"2.1": {
							"vector": [0, 0, 0]
						}
					},
					"position": {
						"0.0": {
							"vector": [0, 0, 0]
						},
						"0.0667": {
							"vector": [8.5, 6, 1.5]
						},
						"0.1333": {
							"vector": [9, 7, 3]
						},
						"0.2": {
							"vector": [9, 12, 3]
						},
						"0.3": {
							"vector": [3.3, 6.4, 2.1]
						},
						"0.4": {
							"vector": [6.89, 1.66, 1.2]
						},
						"0.6": {
							"vector": [0, -19.975, 1.45]
						},
						"0.6667": {
							"vector": [0, -15.975, 9.45]
						},
						"0.7667": {
							"vector": [0, -15.975, 9.45]
						},
						"0.8667": {
							"vector": [-3.58, -19.97, 23.38]
						},
						"1.2333": {
							"vector": [-3.055, -26.32, 16.98]
						},
						"1.3667": {
							"vector": [-3.435, -16.77, 14.98]
						},
						"1.4333": {
							"vector": [-3.62, -16.18, 14.87]
						},
						"1.5": {
							"vector": [-3.805, -15.595, 15.755]
						},
						"1.5667": {
							"vector": [-3.9, -11.575, 15.76]
						},
						"1.6333": {
							"vector": [-2.9, -11.175, 14.76]
						},
						"1.7667": {
							"vector": [-1.9, -13.175, 14.76]
						},
						"1.9333": {
							"vector": [5.1, -13.18, 7.76]
						},
						"2.1": {
							"vector": [0, 0, 0]
						}
					}
				},
				"magazine": {
					"rotation": {
						"0.5333": {
							"vector": [0, 0, 0]
						},
						"0.7667": {
							"vector": [0, 0, 0]
						},
						"1.2": {
							"vector": [0, 0, 0]
						},
						"1.3333": {
							"vector": [-8.5, -2, 1.25]
						},
						"1.4333": {
							"vector": [-8.44764, 1.25068, -0.24794]
						},
						"1.5": {
							"vector": [0.10142, 1.24766, 2.00259]
						},
						"1.6333": {
							"vector": [0, 0, 0]
						}
					},
					"position": {
						"0.5333": {
							"vector": [0, 0, 0]
						},
						"0.7667": {
							"vector": [0, 0, 0]
						},
						"0.8667": {
							"vector": [0, -23, 5]
						},
						"1.2": {
							"vector": [0, -23, 0]
						},
						"1.3333": {
							"vector": [0.725, -7.55, 1.1]
						},
						"1.4333": {
							"vector": [0.125, -7.605, 0.925]
						},
						"1.5": {
							"vector": [-0.645, -7.1, 1.25]
						},
						"1.6333": {
							"vector": [0, 0, 0]
						}
					}
				},
				"bone3": {
					"rotation": {
						"0.2333": {
							"vector": [0, 0, 0]
						},
						"0.3": {
							"vector": [0, 0, 45]
						},
						"1.6667": {
							"vector": [0, 0, 45]
						},
						"1.7333": {
							"vector": [0, 0, 0]
						}
					}
				}
			},
			"sound_effects": {
				"0.2333": {
					"effect": "m4_press"
				},
				"0.3667": {
					"effect": "foley_start"
				},
				"0.7": {
					"effect": "pistol_magout"
				},
				"1.4": {
					"effect": "pistol_magin"
				},
				"1.6333": {
					"effect": "foley_end"
				}
			}
		},
		"animation.model.reload": {
			"loop": true,
			"animation_length": 1.73333,
			"bones": {
				"main": {
					"rotation": {
						"0.0": {
							"vector": [-1.25, 0, 2.5]
						},
						"0.1": {
							"vector": [0, 0, 0]
						},
						"0.2333": {
							"vector": [-5.21485, -2.95862, -15.29475]
						},
						"0.3": {
							"vector": [-5.32661, -2.7519, -13.05148]
						},
						"0.4": {
							"vector": [-6.02889, 0.16976, 5.24751]
						},
						"0.5": {
							"vector": [-6.24711, -1.203, -0.38662]
						},
						"0.6333": {
							"vector": [-6.11401, -0.24184, -2.94553]
						},
						"0.7667": {
							"vector": [-5.5641, -3.67217, -16.73407]
						},
						"0.9": {
							"vector": [-9.13595, -7.55317, -28.24841]
						},
						"1.0333": {
							"vector": [-8.4828, -8.28104, -32.98754]
						},
						"1.1667": {
							"vector": [-9.07014, -7.63227, -28.74648]
						},
						"1.2667": {
							"vector": [-6.70888, -8.74921, -39.37529]
						},
						"1.3667": {
							"vector": [-6.67274, -8.47385, -33.47033]
						},
						"1.5": {
							"vector": [0.65978, 0.18913, -3.84963]
						},
						"1.6333": {
							"vector": [0, 0, 0]
						}
					},
					"position": {
						"0.0": {
							"vector": [0, -0.15, 0]
						},
						"0.1": {
							"vector": [0, 0, 0]
						},
						"0.1667": {
							"vector": [-0.575, 0, 0]
						},
						"0.2667": {
							"vector": [-0.38, 0.875, 0.35]
						},
						"0.4": {
							"vector": [-0.705, -3.5, -0.675]
						},
						"0.5333": {
							"vector": [-1.2, -2.62, -1.475]
						},
						"0.7": {
							"vector": [-0.705, -1.9, -1.575]
						},
						"0.8333": {
							"vector": [-0.55, -1.27, -3.6]
						},
						"0.9667": {
							"vector": [-0.7, -0.55, -1.85]
						},
						"1.0667": {
							"vector": [-0.85, -0.45, -1.3]
						},
						"1.1333": {
							"vector": [-1.025, -0.475, -1.3]
						},
						"1.2333": {
							"vector": [-1.075, -0.2, -1.3]
						},
						"1.3": {
							"vector": [-1.575, 0.5, -0.775]
						},
						"1.4": {
							"vector": [-1.075, -0.225, -1.025]
						},
						"1.5667": {
							"vector": [0, 0, 0]
						}
					}
				},
				"bullet": {
					"position": {
						"0.0": {
							"vector": [0, -1, 0]
						},
						"0.6667": {
							"vector": [0, -1, 0]
						},
						"0.7": {
							"vector": [0, 0, 0]
						}
					}
				},
				"leftarm": {
					"rotation": {
						"0.0": {
							"vector": [0, 0, 0]
						},
						"0.1": {
							"vector": [-19.45644, -5.86858, 7.49224]
						},
						"0.1667": {
							"vector": [-19.1063, -9.63723, 4.18713]
						},
						"0.2667": {
							"vector": [-19.1063, -9.63723, 4.18713]
						},
						"0.3667": {
							"vector": [43.07804, 15.85303, 7.64839]
						},
						"0.8667": {
							"vector": [9.84584, 4.15599, 15.03241]
						},
						"1.0": {
							"vector": [6.77665, 5.80251, 14.43551]
						},
						"1.0667": {
							"vector": [6.85598, 4.18921, 15.11822]
						},
						"1.1333": {
							"vector": [0.91192, 3.09309, 15.72168]
						},
						"1.2667": {
							"vector": [0.91192, 3.09309, 15.72168]
						},
						"1.6": {
							"vector": [0, 0, 0]
						}
					},
					"position": {
						"0.0": {
							"vector": [0, 0, 0]
						},
						"0.1": {
							"vector": [0, -19.975, 1.45]
						},
						"0.1667": {
							"vector": [0, -15.975, 9.45]
						},
						"0.2667": {
							"vector": [0, -15.975, 9.45]
						},
						"0.3667": {
							"vector": [-3.58, -19.97, 23.38]
						},
						"0.7333": {
							"vector": [-3.055, -26.32, 16.98]
						},
						"0.8667": {
							"vector": [-3.435, -16.77, 14.98]
						},
						"0.9333": {
							"vector": [-3.62, -16.18, 14.87]
						},
						"1.0": {
							"vector": [-3.805, -15.595, 15.755]
						},
						"1.0667": {
							"vector": [-3.9, -11.575, 15.76]
						},
						"1.1333": {
							"vector": [-2.9, -11.175, 14.76]
						},
						"1.2667": {
							"vector": [-1.9, -13.175, 14.76]
						},
						"1.4333": {
							"vector": [5.1, -13.18, 7.76]
						},
						"1.6": {
							"vector": [0, 0, 0]
						}
					}
				},
				"magazine": {
					"rotation": {
						"0.0": {
							"vector": [0, 0, 0]
						},
						"0.2333": {
							"vector": [0, 0, 0]
						},
						"0.6667": {
							"vector": [0, 0, 0]
						},
						"0.8": {
							"vector": [-8.5, -2, 1.25]
						},
						"0.9": {
							"vector": [-8.44764, 1.25068, -0.24794]
						},
						"0.9667": {
							"vector": [0.10142, 1.24766, 2.00259]
						},
						"1.1": {
							"vector": [0, 0, 0]
						}
					},
					"position": {
						"0.0": {
							"vector": [0, 0, 0]
						},
						"0.2333": {
							"vector": [0, 0, 0]
						},
						"0.3333": {
							"vector": [0, -23, 5]
						},
						"0.6667": {
							"vector": [0, -23, 0]
						},
						"0.8": {
							"vector": [0.725, -7.55, 1.1]
						},
						"0.9": {
							"vector": [0.125, -7.605, 0.925]
						},
						"0.9667": {
							"vector": [-0.645, -7.1, 1.25]
						},
						"1.1": {
							"vector": [0, 0, 0]
						}
					}
				}
			},
			"sound_effects": {
				"0.1": {
					"effect": "foley_start"
				},
				"0.2": {
					"effect": "pistol_magout"
				},
				"0.8667": {
					"effect": "pistol_magin"
				},
				"1.6333": {
					"effect": "foley_end"
				}
			}
		},
		"animation.model.fire": {
			"animation_length": 0.04167
		},
		"animation.model.completefire": {
			"animation_length": 1,
			"sound_effects": {
				"0.0": {
					"effect": "cog4"
				}
			}
		}
	},
	"geckolib_format_version": 2
}