{
	"format_version": "1.8.0",
	"animations": {
		"animation.model.draw": {
			"loop": true,
			"animation_length": 1.2,
			"bones": {
				"main": {
					"rotation": {
						"0.0": {
							"vector": [32.09413, -54.38778, -8.29667]
						},
						"0.35": {
							"vector": [0.50518, -5.08075, 6.8716],
							"easing": "easeOutSine"
						},
						"0.5": {
							"vector": [0.32389, -0.60235, -2.1558],
							"easing": "linear"
						},
						"0.6": {
							"vector": [0, 0, 0],
							"easing": "linear"
						}
					},
					"position": {
						"0.0": {
							"vector": [0, -17.3, 0]
						},
						"0.25": {
							"vector": [-0.4, -2.525, -1.625],
							"easing": "linear"
						},
						"0.4": {
							"vector": [-0.05, 0, -2.49],
							"easing": "linear"
						},
						"0.55": {
							"vector": [0, 0, 0],
							"easing": "linear"
						}
					}
				},
				"leftarm": {
					"rotation": {
						"0.0": {
							"vector": [0, 0, 0]
						},
						"0.2": {
							"vector": [1, 0, -22]
						},
						"0.4": {
							"vector": [0, 0, 0]
						}
					},
					"position": {
						"0.0": {
							"vector": [0, 0, 0]
						},
						"0.2": {
							"vector": [3.53901, 3.6754, 5.59783]
						},
						"0.4": {
							"vector": [0, 0, 0]
						}
					}
				}
			},
			"sound_effects": {
				"0.0": {
					"effect": "draw"
				}
			}
		},
		"animation.model.inspect": {
			"loop": true,
			"animation_length": 4.26667,
			"bones": {
				"main": {
					"rotation": {
						"0.0": {
							"vector": [0, 0, 0]
						},
						"0.1667": {
							"vector": [-8.41746, -13.59608, -21.21259],
							"easing": "linear"
						},
						"0.3": {
							"vector": [-8.39812, -20.10111, -31.77688]
						},
						"0.4333": {
							"vector": [-9.55676, -20.88889, -28.55629]
						},
						"0.5333": {
							"vector": [-8.77652, -21.21647, -30.72851]
						},
						"0.7667": {
							"vector": [-9.4227, -20.94881, -28.93303]
						},
						"1.0": {
							"vector": [-3.1216, -20.98207, -46.44405]
						},
						"1.1333": {
							"vector": [-4.564, -20.73064, -42.44007]
						},
						"1.2333": {
							"vector": [-4.86325, -20.9153, -41.60203]
						},
						"1.3333": {
							"vector": [-4.58308, -20.97575, -42.38574]
						},
						"1.4667": {
							"vector": [-4.01131, -21.08802, -43.97908]
						},
						"1.6": {
							"vector": [-4.38767, -21.01662, -42.9316]
						},
						"1.7": {
							"vector": [-4.18847, -21.05622, -43.48691],
							"easing": "linear"
						},
						"2.0333": {
							"vector": [-16.91438, 5.38499, 54.40399],
							"easing": "linear"
						},
						"2.1667": {
							"vector": [-15.22513, 5.80082, 60.04554]
						},
						"2.3": {
							"vector": [-15.70981, 5.86025, 59.48558]
						},
						"2.4333": {
							"vector": [-15.93602, 7.03904, 62.69373]
						},
						"2.5667": {
							"vector": [-15.60896, 7.75082, 65.23442]
						},
						"2.7333": {
							"vector": [-15.71675, 7.52491, 64.42194]
						},
						"2.9": {
							"vector": [-15.56389, 7.84019, 65.55973]
						},
						"3.1": {
							"vector": [-15.61778, 7.73186, 65.16659]
						},
						"3.2667": {
							"vector": [-15.9801, 6.93689, 62.33342]
						},
						"3.4": {
							"vector": [-8.86998, 2.42135, 33.56191]
						},
						"3.5333": {
							"vector": [0, -1.75, -2.75]
						},
						"3.7": {
							"vector": [0, 0, 0]
						}
					},
					"position": {
						"0.0": {
							"vector": [0, 0, 0]
						},
						"0.3": {
							"vector": [-0.475, 1.475, -8.7]
						},
						"0.4": {
							"vector": [-0.195, 1, -7.7]
						},
						"0.5333": {
							"vector": [-0.03, 0.725, -7.7]
						},
						"0.7": {
							"vector": [0, 1.125, -7.7]
						},
						"0.9": {
							"vector": [0.125, 1.4, -8.275]
						},
						"1.2": {
							"vector": [-0.02, 1.475, -8]
						},
						"1.4": {
							"vector": [0.11, 1.425, -8.175]
						},
						"1.6667": {
							"vector": [0.275, 1.25, -7.975]
						},
						"1.8": {
							"vector": [-0.13, -1.19, -8.65]
						},
						"1.9667": {
							"vector": [-0.545, -1.325, -11.15]
						},
						"2.1333": {
							"vector": [-0.415, -1.395, -10.545]
						},
						"2.2667": {
							"vector": [-0.525, -1.455, -9.17]
						},
						"2.4": {
							"vector": [-0.49, -1.43, -9.85]
						},
						"2.5667": {
							"vector": [-0.455, -1.5, -9.24]
						},
						"2.7667": {
							"vector": [-0.53, -1.5, -9.27]
						},
						"3.0": {
							"vector": [-0.49, -1.41, -9.3]
						},
						"3.2333": {
							"vector": [-0.545, -1.325, -9.325]
						},
						"3.3667": {
							"vector": [-1.005, -0.61, -7.41]
						},
						"3.6333": {
							"vector": [0, 0, 0]
						}
					}
				},
				"leftarm": {
					"rotation": {
						"0.0": {
							"vector": [0, 0, 0]
						},
						"0.1667": {
							"vector": [0, 0, -2.5]
						},
						"1.7333": {
							"vector": [0, 0, -2.5]
						},
						"2.0333": {
							"vector": [-20, 0, -45]
						},
						"3.3": {
							"vector": [-20, 0, -45]
						},
						"3.5667": {
							"vector": [0, 0, 0]
						}
					},
					"position": {
						"0.0": {
							"vector": [0, 0, 0]
						},
						"0.1667": {
							"vector": [11.23986, -30.20851, 24.64864]
						},
						"1.7333": {
							"vector": [11.23986, -30.20851, 24.64864]
						},
						"2.0333": {
							"vector": [7.35, 6.25, 2.33]
						},
						"3.3": {
							"vector": [7.35, 6.25, 2.33]
						},
						"3.5667": {
							"vector": [0, 0, 0]
						}
					}
				}
			},
			"sound_effects": {
				"0.0": {
					"effect": "inspect_up"
				},
				"0.8": {
					"effect": "inspect_foley"
				},
				"1.3667": {
					"effect": "inspect_turn"
				},
				"3.4667": {
					"effect": "inspect_down"
				}
			}
		},
		"animation.model.reloadempty": {
			"loop": true,
			"animation_length": 2.4,
			"bones": {
				"main": {
					"rotation": {
						"0.0667": {
							"vector": [0, 0, 0]
						},
						"0.2": {
							"vector": [-2.46207, 0.43399, 34.99067]
						},
						"1.4333": {
							"vector": [-2.46207, 0.43399, 34.99067]
						},
						"2.0333": {
							"vector": [0, 0, 0]
						},
						"2.1667": {
							"vector": [0, 0, -2.5]
						},
						"2.3333": {
							"vector": [0, 0, 0]
						}
					},
					"position": {
						"0.0": {
							"vector": [0, 0, 0]
						},
						"0.0667": {
							"vector": [0, 0, 0]
						},
						"0.1333": {
							"vector": [2.425, 0, 0]
						},
						"0.2667": {
							"vector": [3.62, -0.125, 2.35]
						},
						"0.4333": {
							"vector": [1.8, 0.38, 2.525]
						},
						"0.6": {
							"vector": [2.295, -0.9, -1.575]
						},
						"0.8667": {
							"vector": [2.3, -0.55, -1.85]
						},
						"0.9667": {
							"vector": [2.15, -0.45, -1.3]
						},
						"1.0333": {
							"vector": [1.975, -0.475, -1.3]
						},
						"1.1333": {
							"vector": [1.925, -0.2, -1.3]
						},
						"1.2": {
							"vector": [1.425, 0.5, -0.775]
						},
						"1.3": {
							"vector": [1.925, -0.225, -1.025]
						},
						"1.4333": {
							"vector": [2.57, -0.51, -0.98]
						},
						"1.6": {
							"vector": [2.495, -0.985, -1.855]
						},
						"1.8": {
							"vector": [2.035, -0.92, -1.73]
						},
						"1.9667": {
							"vector": [-0.23, -0.81, -2.13]
						},
						"2.1333": {
							"vector": [0.77, -0.81, -3.13]
						},
						"2.2667": {
							"vector": [0, 0, 0]
						}
					}
				},
				"bone3": {
					"position": {
						"0.3333": {
							"vector": [0, 0, 0]
						},
						"0.5": {
							"vector": [0, 0, 9]
						},
						"1.7": {
							"vector": [0, 0, 9]
						},
						"1.8667": {
							"vector": [0, 0, 0]
						}
					}
				},
				"rightarm": {
					"rotation": {
						"0.1333": {
							"vector": [0, 0, 0]
						},
						"0.3": {
							"vector": [0, 0, 0]
						},
						"0.3333": {
							"vector": [0, 0, 0]
						},
						"0.5": {
							"vector": [0, 0, 0]
						},
						"0.5667": {
							"vector": [0, 0, 0]
						},
						"1.0333": {
							"vector": [-25.69363, 27.03248, 61.72641]
						},
						"1.1333": {
							"vector": [-24.28033, 24.8676, 47.90663]
						},
						"1.4333": {
							"vector": [-24.30773, 20.7879, 62.65145]
						},
						"1.5667": {
							"vector": [-24.85257, 24.81377, 59.63602]
						},
						"1.6667": {
							"vector": [0, 0, 0]
						},
						"1.7": {
							"vector": [0, 0, 0]
						},
						"1.8667": {
							"vector": [0, 0, 0]
						},
						"1.9": {
							"vector": [0, 0, 0]
						},
						"2.0333": {
							"vector": [0, 0, 0]
						},
						"2.1333": {
							"vector": [0, 0, 0]
						}
					},
					"position": {
						"0.1333": {
							"vector": [0, 0, 0]
						},
						"0.2333": {
							"vector": [-10.8, 2, -9]
						},
						"0.3": {
							"vector": [-8, 10, -15]
						},
						"0.3333": {
							"vector": [-8, 10, -15]
						},
						"0.5": {
							"vector": [-8, 10, -6]
						},
						"0.5667": {
							"vector": [-8, 10, -6]
						},
						"0.7": {
							"vector": [-15.1218, -14.10643, 14.31425]
						},
						"0.8667": {
							"vector": [-20.1218, -3.10643, 14.31425]
						},
						"1.0333": {
							"vector": [-11.07381, 1.97459, -16.67109]
						},
						"1.1333": {
							"vector": [-6.40752, 0.02489, -15.53388]
						},
						"1.4333": {
							"vector": [-9.72348, 3.45499, -18.15093]
						},
						"1.5667": {
							"vector": [-13.72348, -5.54501, -10.15093]
						},
						"1.6667": {
							"vector": [-8, 10, -6]
						},
						"1.7": {
							"vector": [-8, 10, -6]
						},
						"1.8667": {
							"vector": [-8, 10, -15]
						},
						"1.9": {
							"vector": [-8, 10, -15]
						},
						"2.0333": {
							"vector": [-13, 5, -5]
						},
						"2.1333": {
							"vector": [0, 0, 0]
						}
					}
				}
			},
			"sound_effects": {
				"0.2667": {
					"effect": "boltback"
				},
				"0.5": {
					"effect": "foley_start"
				},
				"1.0667": {
					"effect": "bulletinsert"
				},
				"1.6": {
					"effect": "boltforward"
				},
				"1.9": {
					"effect": "foley_end"
				}
			}
		},
		"animation.model.reload": {
			"loop": true,
			"animation_length": 2.4,
			"bones": {
				"main": {
					"rotation": {
						"0.0667": {
							"vector": [0, 0, 0]
						},
						"0.2": {
							"vector": [-2.46207, 0.43399, 34.99067]
						},
						"1.4333": {
							"vector": [-2.46207, 0.43399, 34.99067]
						},
						"2.0333": {
							"vector": [0, 0, 0]
						},
						"2.1667": {
							"vector": [0, 0, -2.5]
						},
						"2.3333": {
							"vector": [0, 0, 0]
						}
					},
					"position": {
						"0.0": {
							"vector": [0, 0, 0]
						},
						"0.0667": {
							"vector": [0, 0, 0]
						},
						"0.1333": {
							"vector": [2.425, 0, 0]
						},
						"0.2667": {
							"vector": [3.62, -0.125, 2.35]
						},
						"0.4333": {
							"vector": [1.8, 0.38, 2.525]
						},
						"0.6": {
							"vector": [2.295, -0.9, -1.575]
						},
						"0.8667": {
							"vector": [2.3, -0.55, -1.85]
						},
						"0.9667": {
							"vector": [2.15, -0.45, -1.3]
						},
						"1.0333": {
							"vector": [1.975, -0.475, -1.3]
						},
						"1.1333": {
							"vector": [1.925, -0.2, -1.3]
						},
						"1.2": {
							"vector": [1.425, 0.5, -0.775]
						},
						"1.3": {
							"vector": [1.925, -0.225, -1.025]
						},
						"1.4333": {
							"vector": [2.57, -0.51, -0.98]
						},
						"1.6": {
							"vector": [2.495, -0.985, -1.855]
						},
						"1.8": {
							"vector": [2.035, -0.92, -1.73]
						},
						"1.9667": {
							"vector": [-0.23, -0.81, -2.13]
						},
						"2.1333": {
							"vector": [0.77, -0.81, -3.13]
						},
						"2.2667": {
							"vector": [0, 0, 0]
						}
					}
				},
				"bone3": {
					"position": {
						"0.3333": {
							"vector": [0, 0, 0]
						},
						"0.5": {
							"vector": [0, 0, 9]
						},
						"1.7": {
							"vector": [0, 0, 9]
						},
						"1.8667": {
							"vector": [0, 0, 0]
						}
					}
				},
				"rightarm": {
					"rotation": {
						"0.1333": {
							"vector": [0, 0, 0]
						},
						"0.3": {
							"vector": [0, 0, 0]
						},
						"0.3333": {
							"vector": [0, 0, 0]
						},
						"0.5": {
							"vector": [0, 0, 0]
						},
						"0.5667": {
							"vector": [0, 0, 0]
						},
						"1.0333": {
							"vector": [-25.69363, 27.03248, 61.72641]
						},
						"1.1333": {
							"vector": [-24.28033, 24.8676, 47.90663]
						},
						"1.4333": {
							"vector": [-24.30773, 20.7879, 62.65145]
						},
						"1.5667": {
							"vector": [-24.85257, 24.81377, 59.63602]
						},
						"1.6667": {
							"vector": [0, 0, 0]
						},
						"1.7": {
							"vector": [0, 0, 0]
						},
						"1.8667": {
							"vector": [0, 0, 0]
						},
						"1.9": {
							"vector": [0, 0, 0]
						},
						"2.0333": {
							"vector": [0, 0, 0]
						},
						"2.1333": {
							"vector": [0, 0, 0]
						}
					},
					"position": {
						"0.1333": {
							"vector": [0, 0, 0]
						},
						"0.2333": {
							"vector": [-10.8, 2, -9]
						},
						"0.3": {
							"vector": [-8, 10, -15]
						},
						"0.3333": {
							"vector": [-8, 10, -15]
						},
						"0.5": {
							"vector": [-8, 10, -6]
						},
						"0.5667": {
							"vector": [-8, 10, -6]
						},
						"0.7": {
							"vector": [-15.1218, -14.10643, 14.31425]
						},
						"0.8667": {
							"vector": [-20.1218, -3.10643, 14.31425]
						},
						"1.0333": {
							"vector": [-11.07381, 1.97459, -16.67109]
						},
						"1.1333": {
							"vector": [-6.40752, 0.02489, -15.53388]
						},
						"1.4333": {
							"vector": [-9.72348, 3.45499, -18.15093]
						},
						"1.5667": {
							"vector": [-13.72348, -5.54501, -10.15093]
						},
						"1.6667": {
							"vector": [-8, 10, -6]
						},
						"1.7": {
							"vector": [-8, 10, -6]
						},
						"1.8667": {
							"vector": [-8, 10, -15]
						},
						"1.9": {
							"vector": [-8, 10, -15]
						},
						"2.0333": {
							"vector": [-13, 5, -5]
						},
						"2.1333": {
							"vector": [0, 0, 0]
						}
					}
				}
			},
			"sound_effects": {
				"0.2667": {
					"effect": "boltback"
				},
				"0.5": {
					"effect": "foley_start"
				},
				"1.0667": {
					"effect": "bulletinsert"
				},
				"1.6": {
					"effect": "boltforward"
				},
				"1.9": {
					"effect": "foley_end"
				}
			}
		},
		"animation.model.fire": {
			"animation_length": 0.875,
			"bones": {
				"main": {
					"rotation": {
						"0.0": {
							"vector": [0, 0, 0]
						},
						"0.05": {
							"vector": [-4.20704, -2.00287, -6.82365]
						},
						"0.125": {
							"vector": [-2.65065, -1.47325, -0.34359]
						},
						"0.225": {
							"vector": [-1.10439, -0.68517, -2.89691]
						},
						"0.3": {
							"vector": [0, 0, 0]
						},
						"0.375": {
							"vector": [-2.5, 0, 5]
						},
						"0.55": {
							"vector": [0, 0, 5]
						},
						"0.725": {
							"vector": [0, 0, 0]
						}
					},
					"position": {
						"0.0": {
							"vector": [0, 0, 0]
						},
						"0.05": {
							"vector": [-0.375, 0.35, 6.575]
						},
						"0.25": {
							"vector": [0, 0, 0]
						},
						"0.425": {
							"vector": [0, -1, 1]
						},
						"0.625": {
							"vector": [0, -1, 0]
						},
						"0.775": {
							"vector": [0, 0, 0]
						}
					}
				},
				"pump": {
					"rotation": {
						"0.0": {
							"vector": [0, 0, 0]
						},
						"0.25": {
							"vector": [0, 0, 0]
						},
						"0.65": {
							"vector": [0, 0, 0]
						}
					},
					"position": {
						"0.0": {
							"vector": [0, 0, 0]
						},
						"0.25": {
							"vector": [0, 0, 0]
						},
						"0.35": {
							"vector": [0, 0, 10.5]
						},
						"0.55": {
							"vector": [0, 0, 10.5]
						},
						"0.65": {
							"vector": [0, 0, 0]
						}
					}
				},
				"actioncover": {
					"rotation": {
						"0.0": {
							"vector": [0, 0, 0]
						},
						"0.05": {
							"vector": [0, 0, -13.25]
						},
						"0.1": {
							"vector": [0, 0, 19]
						},
						"0.2": {
							"vector": [0, 0, 2]
						},
						"0.3": {
							"vector": [0, 0, 11]
						},
						"0.45": {
							"vector": [0, 0, 0]
						}
					},
					"position": {
						"vector": [0, 0, 0]
					}
				},
				"action2": {
					"rotation": {
						"0.0": {
							"vector": [0, 0, 22.5]
						},
						"0.15": {
							"vector": [0, 0, 0]
						}
					},
					"position": {
						"0.0": {
							"vector": [0, 0, 0]
						},
						"0.15": {
							"vector": [0, 0, 0]
						}
					}
				},
				"action3": {
					"rotation": {
						"vector": [0, 0, 0]
					},
					"position": {
						"0.0": {
							"vector": [0, 0, 0]
						},
						"0.05": {
							"vector": [0, 0, 0]
						},
						"0.15": {
							"vector": [0, 0, -12]
						},
						"0.2": {
							"vector": [0, 0, -12]
						},
						"0.3": {
							"vector": [0, 0, 3]
						}
					}
				},
				"barrel": {
					"rotation": {
						"0.0": {
							"vector": [0, 0, 0]
						},
						"0.05": {
							"vector": [0, 0, 0]
						},
						"0.15": {
							"vector": [0, 0, 0]
						},
						"0.25": {
							"vector": [0, 0, 0]
						}
					},
					"position": {
						"0.0": {
							"vector": [0, 0, 0]
						},
						"0.05": {
							"vector": [0, 0, 17.9]
						},
						"0.15": {
							"vector": [0, 0, 17.9]
						},
						"0.25": {
							"vector": [0, 0, 0]
						}
					}
				},
				"bipod": {
					"rotation": {
						"0.0": {
							"vector": [0, 0, 0]
						},
						"0.05": {
							"vector": [-0.49939, 1.02613, 2.99117]
						},
						"0.1": {
							"vector": [3.12502, 0.61124, -3.04173]
						},
						"0.2": {
							"vector": [0.43156, 0.51312, -1.23475]
						},
						"0.3": {
							"vector": [0, 0, 0]
						}
					},
					"position": {
						"vector": [0, 0, 0]
					}
				},
				"action": {
					"rotation": {
						"0.0": {
							"vector": [0, 0, 0]
						},
						"0.05": {
							"vector": [0, 0, 0]
						},
						"0.2": {
							"vector": [0, 0, 0]
						},
						"0.3": {
							"vector": [0, 0, 0]
						}
					},
					"position": {
						"0.0": {
							"vector": [0, 0, 0]
						},
						"0.05": {
							"vector": [0, 0, 22]
						},
						"0.2": {
							"vector": [0, 0, 22]
						},
						"0.3": {
							"vector": [0, 0, 0]
						}
					}
				},
				"cog": {
					"rotation": {
						"0.0": {
							"vector": [0, 0, 0]
						},
						"0.05": {
							"vector": [0, 0, -202.5]
						},
						"0.2": {
							"vector": [0, 0, 0]
						}
					}
				},
				"bone": {
					"position": {
						"vector": [0, 0, 0]
					}
				},
				"bone2": {
					"rotation": {
						"0.0": {
							"vector": [0, 0, -90]
						},
						"0.05": {
							"vector": [0, 0, 0]
						}
					}
				},
				"bone3": {
					"position": {
						"0.375": {
							"vector": [0, 0, 0]
						},
						"0.45": {
							"vector": [0, 0, 9]
						},
						"0.65": {
							"vector": [0, 0, 9]
						},
						"0.725": {
							"vector": [0, 0, 0]
						}
					}
				},
				"rightarm": {
					"rotation": {
						"0.225": {
							"vector": [0, 0, 0]
						},
						"0.325": {
							"vector": [-10, -5, 0]
						},
						"0.375": {
							"vector": [-10, -5, 0]
						},
						"0.65": {
							"vector": [-10, -5, 0]
						},
						"0.75": {
							"vector": [-10, -5, 0]
						},
						"0.8": {
							"vector": [0.27039, -0.10332, -1.04702]
						},
						"0.85": {
							"vector": [0, 0, 0]
						}
					},
					"position": {
						"0.225": {
							"vector": [0, 0, 0]
						},
						"0.275": {
							"vector": [-14, 4.5, -1]
						},
						"0.325": {
							"vector": [-10, 6, -16]
						},
						"0.375": {
							"vector": [-10, 6, -16]
						},
						"0.45": {
							"vector": [-10, 6, -7]
						},
						"0.65": {
							"vector": [-10, 6, -7]
						},
						"0.75": {
							"vector": [-10, 6, -16]
						},
						"0.8": {
							"vector": [-11, 2, -7]
						},
						"0.85": {
							"vector": [0, 0, 0]
						}
					}
				}
			},
			"sound_effects": {
				"0.0": {
					"effect": "cog4"
				},
				"0.075": {
					"effect": "steamshot5"
				},
				"0.35": {
					"effect": "boltback"
				},
				"0.55": {
					"effect": "boltforward"
				}
			}
		},
		"animation.model.preparefire": {
			"animation_length": 1,
			"bones": {
				"spinny": {
					"rotation": {
						"0.0": {
							"vector": [0, 0, 0]
						},
						"1.0": {
							"vector": [0, 0, -315]
						}
					}
				},
				"bone": {
					"rotation": {
						"vector": [0, 0, 0]
					}
				},
				"bone2": {
					"rotation": {
						"0.0": {
							"vector": [0, 0, 0]
						},
						"1.0": {
							"vector": [0, 0, -90]
						}
					}
				}
			},
			"sound_effects": {
				"0.0": {
					"effect": "steamcharge"
				}
			}
		}
	},
	"geckolib_format_version": 2
}