{
	"format_version": "1.8.0",
	"animations": {
		"animation.model.draw": {
			"loop": true,
			"animation_length": 1.25,
			"bones": {
				"main": {
					"rotation": {
						"0.0": {
							"vector": [-15.40587, -54.38778, -8.29667]
						},
						"0.5": {
							"vector": [0.50518, -5.08075, 6.8716],
							"easing": "easeOutSine"
						},
						"0.7": {
							"vector": [0.32389, -0.60235, -2.1558],
							"easing": "linear"
						},
						"0.85": {
							"vector": [0, 0, 0],
							"easing": "linear"
						}
					},
					"position": {
						"0.0": {
							"vector": [0, -24.3, 0]
						},
						"0.35": {
							"vector": [-0.4, -2.525, -1.625],
							"easing": "linear"
						},
						"0.55": {
							"vector": [-0.05, 0, -2.49],
							"easing": "linear"
						},
						"0.75": {
							"vector": [0, 0, 0],
							"easing": "linear"
						}
					}
				},
				"leftarm": {
					"rotation": {
						"0.0": {
							"vector": [0, 0, 0]
						},
						"0.2": {
							"vector": [1, 0, -22]
						},
						"0.4": {
							"vector": [0, 0, 0]
						}
					},
					"position": {
						"0.0": {
							"vector": [0, 0, 0]
						},
						"0.2": {
							"vector": [3.53901, 3.6754, 5.59783]
						},
						"0.4": {
							"vector": [0, 0, 0]
						}
					}
				},
				"rightarm": {
					"rotation": {
						"0.0": {
							"vector": [7.5, -17.5, 0]
						},
						"0.4": {
							"vector": [7.5, -17.5, 0]
						},
						"0.5": {
							"vector": [7.8364, -7.52596, -0.79555]
						},
						"0.6": {
							"vector": [0, 0, 0]
						}
					},
					"position": {
						"0.0": {
							"vector": [-15, 18, -21]
						},
						"0.4": {
							"vector": [-15, 18, -21]
						},
						"0.5": {
							"vector": [-15, 7, -5]
						},
						"0.6": {
							"vector": [0, 0, 0]
						}
					}
				}
			},
			"sound_effects": {
				"0.0": {
					"effect": "draw"
				}
			}
		},
		"animation.model.inspect": {
			"loop": true,
			"animation_length": 4.26667,
			"bones": {
				"main": {
					"rotation": {
						"0.0": {
							"vector": [0, 0, 0]
						},
						"0.1667": {
							"vector": [-8.41746, -13.59608, -21.21259],
							"easing": "linear"
						},
						"0.3": {
							"vector": [-8.39812, -20.10111, -31.77688]
						},
						"0.4333": {
							"vector": [-9.55676, -20.88889, -28.55629]
						},
						"0.5333": {
							"vector": [-8.77652, -21.21647, -30.72851]
						},
						"0.7667": {
							"vector": [-9.4227, -20.94881, -28.93303]
						},
						"1.0": {
							"vector": [-3.1216, -20.98207, -46.44405]
						},
						"1.1333": {
							"vector": [-4.564, -20.73064, -42.44007]
						},
						"1.2333": {
							"vector": [-4.86325, -20.9153, -41.60203]
						},
						"1.3333": {
							"vector": [-4.58308, -20.97575, -42.38574]
						},
						"1.4667": {
							"vector": [-4.01131, -21.08802, -43.97908]
						},
						"1.6": {
							"vector": [-4.38767, -21.01662, -42.9316]
						},
						"1.7": {
							"vector": [-4.18847, -21.05622, -43.48691],
							"easing": "linear"
						},
						"2.0333": {
							"vector": [-16.91438, 5.38499, 54.40399],
							"easing": "linear"
						},
						"2.1667": {
							"vector": [-15.22513, 5.80082, 60.04554]
						},
						"2.3": {
							"vector": [-15.70981, 5.86025, 59.48558]
						},
						"2.4333": {
							"vector": [-15.93602, 7.03904, 62.69373]
						},
						"2.5667": {
							"vector": [-15.60896, 7.75082, 65.23442]
						},
						"2.7333": {
							"vector": [-15.71675, 7.52491, 64.42194]
						},
						"2.9": {
							"vector": [-15.56389, 7.84019, 65.55973]
						},
						"3.1": {
							"vector": [-15.61778, 7.73186, 65.16659]
						},
						"3.2667": {
							"vector": [-15.9801, 6.93689, 62.33342]
						},
						"3.4": {
							"vector": [-8.86998, 2.42135, 33.56191]
						},
						"3.5333": {
							"vector": [0, -1.75, -2.75]
						},
						"3.7": {
							"vector": [0, 0, 0]
						}
					},
					"position": {
						"0.0": {
							"vector": [0, 0, 0]
						},
						"0.3": {
							"vector": [-0.475, 1.475, -8.7]
						},
						"0.4": {
							"vector": [-0.195, 1, -7.7]
						},
						"0.5333": {
							"vector": [-0.03, 0.725, -7.7]
						},
						"0.7": {
							"vector": [0, 1.125, -7.7]
						},
						"0.9": {
							"vector": [0.125, 1.4, -8.275]
						},
						"1.2": {
							"vector": [-0.02, 1.475, -8]
						},
						"1.4": {
							"vector": [0.11, 1.425, -8.175]
						},
						"1.6667": {
							"vector": [0.275, 1.25, -7.975]
						},
						"1.8": {
							"vector": [-0.13, -1.19, -8.65]
						},
						"1.9667": {
							"vector": [-0.545, -1.325, -11.15]
						},
						"2.1333": {
							"vector": [-0.415, -1.395, -10.545]
						},
						"2.2667": {
							"vector": [-0.525, -1.455, -9.17]
						},
						"2.4": {
							"vector": [-0.49, -1.43, -9.85]
						},
						"2.5667": {
							"vector": [-0.455, -1.5, -9.24]
						},
						"2.7667": {
							"vector": [-0.53, -1.5, -9.27]
						},
						"3.0": {
							"vector": [-0.49, -1.41, -9.3]
						},
						"3.2333": {
							"vector": [-0.545, -1.325, -9.325]
						},
						"3.3667": {
							"vector": [-1.005, -0.61, -7.41]
						},
						"3.6333": {
							"vector": [0, 0, 0]
						}
					}
				},
				"leftarm": {
					"rotation": {
						"0.0": {
							"vector": [0, 0, 0]
						},
						"0.1667": {
							"vector": [0, 0, -2.5]
						},
						"1.7333": {
							"vector": [0, 0, -2.5]
						},
						"2.0333": {
							"vector": [-20, 0, -45]
						},
						"3.3": {
							"vector": [-20, 0, -45]
						},
						"3.5667": {
							"vector": [0, 0, 0]
						}
					},
					"position": {
						"0.0": {
							"vector": [0, 0, 0]
						},
						"0.1667": {
							"vector": [11.23986, -30.20851, 24.64864]
						},
						"1.7333": {
							"vector": [11.23986, -30.20851, 24.64864]
						},
						"2.0333": {
							"vector": [7.35, 6.25, 2.33]
						},
						"3.3": {
							"vector": [7.35, 6.25, 2.33]
						},
						"3.5667": {
							"vector": [0, 0, 0]
						}
					}
				}
			},
			"sound_effects": {
				"0.0": {
					"effect": "inspect_up"
				},
				"0.8": {
					"effect": "inspect_foley"
				},
				"1.3667": {
					"effect": "inspect_turn"
				},
				"3.2667": {
					"effect": "inspect_down"
				}
			}
		},
		"animation.model.reloadempty": {
			"loop": true,
			"animation_length": 5,
			"bones": {
				"main": {
					"rotation": {
						"0.0": {
							"vector": [0, 0, 0]
						},
						"0.1333": {
							"vector": [-5.9099, -1.00026, 4.62212]
						},
						"0.4333": {
							"vector": [-5.10747, -1.56296, -3.67758]
						},
						"0.5667": {
							"vector": [0, 0, 0]
						},
						"0.7333": {
							"vector": [-4.26516, -1.94574, -11.17751]
						},
						"1.0333": {
							"vector": [0, 0, 0]
						},
						"1.2333": {
							"vector": [0.05915, 0.0227, -5.35535]
						},
						"2.6": {
							"vector": [0.58, 0.17, -4.05]
						},
						"2.8667": {
							"vector": [0.64078, 0.24591, -8.84935]
						},
						"3.0": {
							"vector": [0.52, 0.2, -7.16]
						},
						"3.5667": {
							"vector": [0, 0, 0]
						},
						"3.9667": {
							"vector": [0, 0, 0]
						},
						"4.1667": {
							"vector": [-2.5, 0, 12.5]
						},
						"4.5667": {
							"vector": [-2.5, 0, 12.5]
						},
						"4.7667": {
							"vector": [0, 0, 0]
						}
					},
					"position": {
						"0.0": {
							"vector": [0, 0, 0]
						},
						"0.0667": {
							"vector": [-0.575, 0, 0]
						},
						"0.1667": {
							"vector": [-0.38, 0.875, 0.35]
						},
						"0.8667": {
							"vector": [-0.7, -0.55, -1.85]
						},
						"1.1667": {
							"vector": [-0.85, -0.45, -1.3]
						},
						"1.3667": {
							"vector": [-1.025, -0.475, -1.3]
						},
						"1.5667": {
							"vector": [-1.075, -0.2, -1.3]
						},
						"1.7333": {
							"vector": [-1.575, 0.5, -0.775]
						},
						"1.9667": {
							"vector": [-1.075, -0.225, -1.025]
						},
						"2.1667": {
							"vector": [-0.43, -0.51, -0.98]
						},
						"2.3667": {
							"vector": [-0.505, -0.985, -1.855]
						},
						"2.5333": {
							"vector": [-0.965, -0.92, -1.73]
						},
						"2.7667": {
							"vector": [-0.23, -0.81, -2.13]
						},
						"3.0333": {
							"vector": [0.34, -1.865, -2.46]
						},
						"3.3333": {
							"vector": [0, 0, 0]
						},
						"3.7667": {
							"vector": [1, 0, 0]
						},
						"4.1": {
							"vector": [2, 0, 0]
						},
						"4.3333": {
							"vector": [2, 1, 0]
						},
						"4.4667": {
							"vector": [2, 0, 0]
						},
						"4.6333": {
							"vector": [2, 1, 0]
						},
						"4.7667": {
							"vector": [0, 0, 0]
						}
					}
				},
				"leftarm": {
					"rotation": {
						"0.6": {
							"vector": [0, 0, 0]
						},
						"0.9333": {
							"vector": [0, 0, 0]
						},
						"1.0333": {
							"vector": [0, -5, 0]
						},
						"2.2": {
							"vector": [0, -5, 0]
						},
						"2.8333": {
							"vector": [0, -5, 0]
						},
						"2.9333": {
							"vector": [0, 2.5, 0]
						},
						"3.0": {
							"vector": [-10.65814, -12.47035, -11.74216]
						},
						"3.4667": {
							"vector": [-9.13997, -11.79386, -18.89525]
						},
						"3.5333": {
							"vector": [-9.13997, -11.79386, -18.89525]
						},
						"3.7333": {
							"vector": [-10.65006, -11.21011, -6.24551]
						},
						"4.0333": {
							"vector": [0, 0, 0]
						}
					},
					"position": {
						"0.6": {
							"vector": [0, 0, 0]
						},
						"0.6667": {
							"vector": [17.8, 0, 7.2]
						},
						"0.7333": {
							"vector": [13, 10, 12]
						},
						"0.8333": {
							"vector": [13, 12, 12]
						},
						"1.0333": {
							"vector": [20, 3, 12]
						},
						"1.2333": {
							"vector": [27, -3, 12]
						},
						"1.5": {
							"vector": [44, -17, 12]
						},
						"2.2": {
							"vector": [44, -17, 12]
						},
						"2.7667": {
							"vector": [22, 7, 12]
						},
						"2.9333": {
							"vector": [15, 11, 12]
						},
						"3.0": {
							"vector": [16, 7, 12]
						},
						"3.0333": {
							"vector": [15, 6, 12]
						},
						"3.1333": {
							"vector": [19, 12, 12]
						},
						"3.2": {
							"vector": [12, 15, 12]
						},
						"3.3667": {
							"vector": [11, 15, 12]
						},
						"3.4": {
							"vector": [10, 16, 12]
						},
						"3.4667": {
							"vector": [5, 17, 12]
						},
						"3.5333": {
							"vector": [5, 17, 12]
						},
						"3.6": {
							"vector": [12, 18, 12]
						},
						"3.7333": {
							"vector": [19, 8, 12]
						},
						"3.8667": {
							"vector": [19, -7, 12]
						},
						"4.0333": {
							"vector": [0, 0, 0]
						}
					}
				},
				"magazine": {
					"rotation": {
						"0.7333": {
							"vector": [0, 0, 0]
						},
						"0.8333": {
							"vector": [0, 0, 0]
						},
						"0.9333": {
							"vector": [0, 0, 7.5]
						},
						"1.0333": {
							"vector": [0, 0, 2.5]
						},
						"1.2333": {
							"vector": [0, 0, -7.5]
						},
						"2.2667": {
							"vector": [0, 0, 10]
						},
						"2.7667": {
							"vector": [0, 0, 12.5]
						},
						"3.0333": {
							"vector": [0, 0, 0]
						}
					},
					"position": {
						"0.7333": {
							"vector": [0, 0, 0]
						},
						"0.8333": {
							"vector": [0, 1, 0]
						},
						"0.9333": {
							"vector": [4, 1, 0]
						},
						"1.2333": {
							"vector": [16, -14, 0]
						},
						"1.5": {
							"vector": [32, -27, 0]
						},
						"1.8333": {
							"vector": [32, -27, 0]
						},
						"2.2": {
							"vector": [32, -27, 0]
						},
						"2.7667": {
							"vector": [8, 1, 0]
						},
						"2.9333": {
							"vector": [0, 3, 0]
						},
						"3.0333": {
							"vector": [0, 0, 0]
						}
					}
				},
				"trig": {
					"rotation": {
						"0.1667": {
							"vector": [0, 0, 0]
						},
						"0.3": {
							"vector": [0, 55, 0]
						},
						"4.3333": {
							"vector": [0, 55, 0]
						},
						"4.4667": {
							"vector": [0, 0, 0]
						}
					}
				},
				"rightarm": {
					"rotation": {
						"0.0333": {
							"vector": [0, 0, 0]
						},
						"0.1333": {
							"vector": [0, -10, 0]
						},
						"0.4667": {
							"vector": [0.36607, -5.10247, -1.07181]
						},
						"0.5667": {
							"vector": [0, 0, 0]
						},
						"4.1667": {
							"vector": [0, 0, 0]
						},
						"4.3": {
							"vector": [-1.02703, 1.06794, -0.00857]
						},
						"4.5333": {
							"vector": [-1.02703, 1.06794, -0.00857]
						},
						"4.6": {
							"vector": [1.71787, -1.42704, -12.56065]
						},
						"4.7": {
							"vector": [0, 0, 0]
						}
					},
					"position": {
						"0.0333": {
							"vector": [0, 0, 0]
						},
						"0.1": {
							"vector": [-14, 4, -10.67]
						},
						"0.1333": {
							"vector": [-12, 6, -16]
						},
						"0.3": {
							"vector": [-16, 6, -13]
						},
						"0.3667": {
							"vector": [-16, 6, -13]
						},
						"0.4667": {
							"vector": [-14, 6, -2]
						},
						"0.5667": {
							"vector": [0, 0, 0]
						},
						"4.0667": {
							"vector": [0, 0, 0]
						},
						"4.1667": {
							"vector": [-11, 10, 0]
						},
						"4.2667": {
							"vector": [-11, 6, -11]
						},
						"4.3333": {
							"vector": [-11, 6, -11]
						},
						"4.4": {
							"vector": [-11, 6, -13]
						},
						"4.4667": {
							"vector": [-8, 6, -15]
						},
						"4.5333": {
							"vector": [-8, 6, -15]
						},
						"4.6333": {
							"vector": [-14, 6, -1]
						},
						"4.7667": {
							"vector": [0, 0, 0]
						}
					}
				},
				"bone3": {
					"rotation": {
						"0.2": {
							"vector": [0, 0, 0]
						},
						"0.3": {
							"vector": [0, 0, -50]
						},
						"0.4": {
							"vector": [0, 0, -37.5]
						},
						"0.4667": {
							"vector": [0, 0, -45]
						},
						"4.3333": {
							"vector": [0, 0, -45]
						},
						"4.4667": {
							"vector": [0, 0, 0]
						}
					}
				},
				"bone5": {
					"rotation": {
						"0.2667": {
							"vector": [0, 0, 0]
						},
						"0.3333": {
							"vector": [0, 0, -15]
						},
						"0.7333": {
							"vector": [0, 0, -15]
						},
						"0.8333": {
							"vector": [0, 0, 7.5]
						},
						"0.8667": {
							"vector": [0, 0, 7.5]
						},
						"0.9667": {
							"vector": [0, 0, -25]
						},
						"1.8333": {
							"vector": [0, 0, 32.5]
						},
						"3.3667": {
							"vector": [0, 0, 32.5]
						},
						"3.4667": {
							"vector": [0, 0, -10]
						},
						"4.3333": {
							"vector": [0, 0, -10]
						},
						"4.4667": {
							"vector": [0, 0, 0]
						}
					},
					"position": {
						"0.2667": {
							"vector": [0, 0, 0]
						},
						"0.3333": {
							"vector": [0, 0, 0]
						},
						"0.9667": {
							"vector": [0.25, -0.5, 0]
						},
						"1.8333": {
							"vector": [0.25, 0.25, 0]
						},
						"3.3667": {
							"vector": [0.25, 0.25, 0]
						},
						"3.4667": {
							"vector": [-0.25, 0, 0]
						},
						"4.3333": {
							"vector": [-0.25, 0, 0]
						},
						"4.4667": {
							"vector": [0, 0, 0]
						}
					}
				},
				"bone6": {
					"rotation": {
						"0.2667": {
							"vector": [0, 0, 0]
						},
						"0.3333": {
							"vector": [0, 0, -13.38]
						},
						"0.7333": {
							"vector": [0, 0, -13.38]
						},
						"0.8333": {
							"vector": [0, 0, -22.5]
						},
						"0.8667": {
							"vector": [0, 0, -22.5]
						},
						"0.9667": {
							"vector": [0, 0, -30]
						},
						"1.8333": {
							"vector": [0, 0, 30]
						},
						"3.3667": {
							"vector": [0, 0, 30]
						},
						"3.4667": {
							"vector": [0, 0, -2.5]
						},
						"4.3333": {
							"vector": [0, 0, -2.5]
						},
						"4.4667": {
							"vector": [0, 0, 0]
						}
					},
					"position": {
						"0.2667": {
							"vector": [0, 0, 0]
						},
						"0.3333": {
							"vector": [0, 0, 0]
						},
						"0.9667": {
							"vector": [0.25, -0.25, 0]
						},
						"1.8333": {
							"vector": [0.25, 0, 0]
						},
						"3.3667": {
							"vector": [0.25, 0, 0]
						},
						"3.4667": {
							"vector": [-0.25, 0, 0]
						},
						"4.3333": {
							"vector": [-0.25, 0, 0]
						},
						"4.4667": {
							"vector": [0, 0, 0]
						}
					}
				},
				"bone7": {
					"rotation": {
						"0.2667": {
							"vector": [0, 0, 0]
						},
						"0.3333": {
							"vector": [0, 0, 15]
						},
						"0.8667": {
							"vector": [0, 0, 15]
						},
						"0.9667": {
							"vector": [0, 0, 2.5]
						},
						"1.8333": {
							"vector": [0, 0, 90]
						},
						"3.3667": {
							"vector": [0, 0, 90]
						},
						"3.4667": {
							"vector": [0, 0, 5]
						},
						"4.3333": {
							"vector": [0, 0, 5]
						},
						"4.4667": {
							"vector": [0, 0, 0]
						}
					},
					"position": {
						"0.2667": {
							"vector": [0, 0, 0]
						},
						"3.3667": {
							"vector": [0, 0, 0]
						}
					}
				}
			},
			"sound_effects": {
				"0.1333": {
					"effect": "lmg_coverup"
				},
				"0.3333": {
					"effect": "lmg_magout"
				},
				"1.6333": {
					"effect": "foley_start"
				},
				"2.9": {
					"effect": "magon"
				},
				"3.2": {
					"effect": "mag_insert"
				},
				"3.7667": {
					"effect": "foley_end"
				},
				"4.3333": {
					"effect": "lmg_coverdown"
				}
			}
		},
		"animation.model.reload": {
			"loop": true,
			"animation_length": 5,
			"bones": {
				"main": {
					"rotation": {
						"0.0": {
							"vector": [0, 0, 0]
						},
						"0.1333": {
							"vector": [-5.9099, -1.00026, 4.62212]
						},
						"0.4333": {
							"vector": [-5.10747, -1.56296, -3.67758]
						},
						"0.5667": {
							"vector": [0, 0, 0]
						},
						"0.7333": {
							"vector": [-4.26516, -1.94574, -11.17751]
						},
						"1.0333": {
							"vector": [0, 0, 0]
						},
						"1.2333": {
							"vector": [0.05915, 0.0227, -5.35535]
						},
						"2.6": {
							"vector": [0.58, 0.17, -4.05]
						},
						"2.8667": {
							"vector": [0.64078, 0.24591, -8.84935]
						},
						"3.0": {
							"vector": [0.52, 0.2, -7.16]
						},
						"3.5667": {
							"vector": [0, 0, 0]
						},
						"3.9667": {
							"vector": [0, 0, 0]
						},
						"4.1667": {
							"vector": [-2.5, 0, 12.5]
						},
						"4.5667": {
							"vector": [-2.5, 0, 12.5]
						},
						"4.7667": {
							"vector": [0, 0, 0]
						}
					},
					"position": {
						"0.0": {
							"vector": [0, 0, 0]
						},
						"0.0667": {
							"vector": [-0.575, 0, 0]
						},
						"0.1667": {
							"vector": [-0.38, 0.875, 0.35]
						},
						"0.8667": {
							"vector": [-0.7, -0.55, -1.85]
						},
						"1.1667": {
							"vector": [-0.85, -0.45, -1.3]
						},
						"1.3667": {
							"vector": [-1.025, -0.475, -1.3]
						},
						"1.5667": {
							"vector": [-1.075, -0.2, -1.3]
						},
						"1.7333": {
							"vector": [-1.575, 0.5, -0.775]
						},
						"1.9667": {
							"vector": [-1.075, -0.225, -1.025]
						},
						"2.1667": {
							"vector": [-0.43, -0.51, -0.98]
						},
						"2.3667": {
							"vector": [-0.505, -0.985, -1.855]
						},
						"2.5333": {
							"vector": [-0.965, -0.92, -1.73]
						},
						"2.7667": {
							"vector": [-0.23, -0.81, -2.13]
						},
						"3.0333": {
							"vector": [0.34, -1.865, -2.46]
						},
						"3.3333": {
							"vector": [0, 0, 0]
						},
						"3.7667": {
							"vector": [1, 0, 0]
						},
						"4.1": {
							"vector": [2, 0, 0]
						},
						"4.3333": {
							"vector": [2, 1, 0]
						},
						"4.4667": {
							"vector": [2, 0, 0]
						},
						"4.6333": {
							"vector": [2, 1, 0]
						},
						"4.7667": {
							"vector": [0, 0, 0]
						}
					}
				},
				"leftarm": {
					"rotation": {
						"0.6": {
							"vector": [0, 0, 0]
						},
						"0.9333": {
							"vector": [0, 0, 0]
						},
						"1.0333": {
							"vector": [0, -5, 0]
						},
						"2.2": {
							"vector": [0, -5, 0]
						},
						"2.8333": {
							"vector": [0, -5, 0]
						},
						"2.9333": {
							"vector": [0, 2.5, 0]
						},
						"3.0": {
							"vector": [-10.65814, -12.47035, -11.74216]
						},
						"3.4667": {
							"vector": [-9.13997, -11.79386, -18.89525]
						},
						"3.5333": {
							"vector": [-9.13997, -11.79386, -18.89525]
						},
						"3.7333": {
							"vector": [-10.65006, -11.21011, -6.24551]
						},
						"4.0333": {
							"vector": [0, 0, 0]
						}
					},
					"position": {
						"0.6": {
							"vector": [0, 0, 0]
						},
						"0.6667": {
							"vector": [17.8, 0, 7.2]
						},
						"0.7333": {
							"vector": [13, 10, 12]
						},
						"0.8333": {
							"vector": [13, 12, 12]
						},
						"1.0333": {
							"vector": [20, 3, 12]
						},
						"1.2333": {
							"vector": [27, -3, 12]
						},
						"1.5": {
							"vector": [44, -17, 12]
						},
						"2.2": {
							"vector": [44, -17, 12]
						},
						"2.7667": {
							"vector": [22, 7, 12]
						},
						"2.9333": {
							"vector": [15, 11, 12]
						},
						"3.0": {
							"vector": [16, 7, 12]
						},
						"3.0333": {
							"vector": [15, 6, 12]
						},
						"3.1333": {
							"vector": [19, 12, 12]
						},
						"3.2": {
							"vector": [12, 15, 12]
						},
						"3.3667": {
							"vector": [11, 15, 12]
						},
						"3.4": {
							"vector": [10, 16, 12]
						},
						"3.4667": {
							"vector": [5, 17, 12]
						},
						"3.5333": {
							"vector": [5, 17, 12]
						},
						"3.6": {
							"vector": [12, 18, 12]
						},
						"3.7333": {
							"vector": [19, 8, 12]
						},
						"3.8667": {
							"vector": [19, -7, 12]
						},
						"4.0333": {
							"vector": [0, 0, 0]
						}
					}
				},
				"magazine": {
					"rotation": {
						"0.7333": {
							"vector": [0, 0, 0]
						},
						"0.8333": {
							"vector": [0, 0, 0]
						},
						"0.9333": {
							"vector": [0, 0, 7.5]
						},
						"1.0333": {
							"vector": [0, 0, 2.5]
						},
						"1.2333": {
							"vector": [0, 0, -7.5]
						},
						"2.2667": {
							"vector": [0, 0, 10]
						},
						"2.7667": {
							"vector": [0, 0, 12.5]
						},
						"3.0333": {
							"vector": [0, 0, 0]
						}
					},
					"position": {
						"0.7333": {
							"vector": [0, 0, 0]
						},
						"0.8333": {
							"vector": [0, 1, 0]
						},
						"0.9333": {
							"vector": [4, 1, 0]
						},
						"1.2333": {
							"vector": [16, -14, 0]
						},
						"1.5": {
							"vector": [32, -27, 0]
						},
						"1.8333": {
							"vector": [32, -27, 0]
						},
						"2.2": {
							"vector": [32, -27, 0]
						},
						"2.7667": {
							"vector": [8, 1, 0]
						},
						"2.9333": {
							"vector": [0, 3, 0]
						},
						"3.0333": {
							"vector": [0, 0, 0]
						}
					}
				},
				"trig": {
					"rotation": {
						"0.1667": {
							"vector": [0, 0, 0]
						},
						"0.3": {
							"vector": [0, 55, 0]
						},
						"4.3333": {
							"vector": [0, 55, 0]
						},
						"4.4667": {
							"vector": [0, 0, 0]
						}
					}
				},
				"rightarm": {
					"rotation": {
						"0.0333": {
							"vector": [0, 0, 0]
						},
						"0.1333": {
							"vector": [0, -10, 0]
						},
						"0.4667": {
							"vector": [0.36607, -5.10247, -1.07181]
						},
						"0.5667": {
							"vector": [0, 0, 0]
						},
						"4.1667": {
							"vector": [0, 0, 0]
						},
						"4.3": {
							"vector": [-1.02703, 1.06794, -0.00857]
						},
						"4.5333": {
							"vector": [-1.02703, 1.06794, -0.00857]
						},
						"4.6": {
							"vector": [1.71787, -1.42704, -12.56065]
						},
						"4.7": {
							"vector": [0, 0, 0]
						}
					},
					"position": {
						"0.0333": {
							"vector": [0, 0, 0]
						},
						"0.1": {
							"vector": [-14, 4, -10.67]
						},
						"0.1333": {
							"vector": [-12, 6, -16]
						},
						"0.3": {
							"vector": [-16, 6, -13]
						},
						"0.3667": {
							"vector": [-16, 6, -13]
						},
						"0.4667": {
							"vector": [-14, 6, -2]
						},
						"0.5667": {
							"vector": [0, 0, 0]
						},
						"4.0667": {
							"vector": [0, 0, 0]
						},
						"4.1667": {
							"vector": [-11, 10, 0]
						},
						"4.2667": {
							"vector": [-11, 6, -11]
						},
						"4.3333": {
							"vector": [-11, 6, -11]
						},
						"4.4": {
							"vector": [-11, 6, -13]
						},
						"4.4667": {
							"vector": [-8, 6, -15]
						},
						"4.5333": {
							"vector": [-8, 6, -15]
						},
						"4.6333": {
							"vector": [-14, 6, -1]
						},
						"4.7667": {
							"vector": [0, 0, 0]
						}
					}
				},
				"bone3": {
					"rotation": {
						"0.2": {
							"vector": [0, 0, 0]
						},
						"0.3": {
							"vector": [0, 0, -50]
						},
						"0.4": {
							"vector": [0, 0, -37.5]
						},
						"0.4667": {
							"vector": [0, 0, -45]
						},
						"4.3333": {
							"vector": [0, 0, -45]
						},
						"4.4667": {
							"vector": [0, 0, 0]
						}
					}
				},
				"bone5": {
					"rotation": {
						"0.2667": {
							"vector": [0, 0, 0]
						},
						"0.3333": {
							"vector": [0, 0, -15]
						},
						"0.7333": {
							"vector": [0, 0, -15]
						},
						"0.8333": {
							"vector": [0, 0, 7.5]
						},
						"0.8667": {
							"vector": [0, 0, 7.5]
						},
						"0.9667": {
							"vector": [0, 0, -25]
						},
						"1.8333": {
							"vector": [0, 0, 32.5]
						},
						"3.3667": {
							"vector": [0, 0, 32.5]
						},
						"3.4667": {
							"vector": [0, 0, -10]
						},
						"4.3333": {
							"vector": [0, 0, -10]
						},
						"4.4667": {
							"vector": [0, 0, 0]
						}
					},
					"position": {
						"0.2667": {
							"vector": [0, 0, 0]
						},
						"0.3333": {
							"vector": [0, 0, 0]
						},
						"0.9667": {
							"vector": [0.25, -0.5, 0]
						},
						"1.8333": {
							"vector": [0.25, 0.25, 0]
						},
						"3.3667": {
							"vector": [0.25, 0.25, 0]
						},
						"3.4667": {
							"vector": [-0.25, 0, 0]
						},
						"4.3333": {
							"vector": [-0.25, 0, 0]
						},
						"4.4667": {
							"vector": [0, 0, 0]
						}
					}
				},
				"bone6": {
					"rotation": {
						"0.2667": {
							"vector": [0, 0, 0]
						},
						"0.3333": {
							"vector": [0, 0, -13.38]
						},
						"0.7333": {
							"vector": [0, 0, -13.38]
						},
						"0.8333": {
							"vector": [0, 0, -22.5]
						},
						"0.8667": {
							"vector": [0, 0, -22.5]
						},
						"0.9667": {
							"vector": [0, 0, -30]
						},
						"1.8333": {
							"vector": [0, 0, 30]
						},
						"3.3667": {
							"vector": [0, 0, 30]
						},
						"3.4667": {
							"vector": [0, 0, -2.5]
						},
						"4.3333": {
							"vector": [0, 0, -2.5]
						},
						"4.4667": {
							"vector": [0, 0, 0]
						}
					},
					"position": {
						"0.2667": {
							"vector": [0, 0, 0]
						},
						"0.3333": {
							"vector": [0, 0, 0]
						},
						"0.9667": {
							"vector": [0.25, -0.25, 0]
						},
						"1.8333": {
							"vector": [0.25, 0, 0]
						},
						"3.3667": {
							"vector": [0.25, 0, 0]
						},
						"3.4667": {
							"vector": [-0.25, 0, 0]
						},
						"4.3333": {
							"vector": [-0.25, 0, 0]
						},
						"4.4667": {
							"vector": [0, 0, 0]
						}
					}
				},
				"bone7": {
					"rotation": {
						"0.2667": {
							"vector": [0, 0, 0]
						},
						"0.3333": {
							"vector": [0, 0, 15]
						},
						"0.8667": {
							"vector": [0, 0, 15]
						},
						"0.9667": {
							"vector": [0, 0, 2.5]
						},
						"1.8333": {
							"vector": [0, 0, 90]
						},
						"3.3667": {
							"vector": [0, 0, 90]
						},
						"3.4667": {
							"vector": [0, 0, 5]
						},
						"4.3333": {
							"vector": [0, 0, 5]
						},
						"4.4667": {
							"vector": [0, 0, 0]
						}
					},
					"position": {
						"0.2667": {
							"vector": [0, 0, 0]
						},
						"3.3667": {
							"vector": [0, 0, 0]
						}
					}
				}
			},
			"sound_effects": {
				"0.1333": {
					"effect": "lmg_coverup"
				},
				"0.3333": {
					"effect": "lmg_magout"
				},
				"1.6333": {
					"effect": "foley_start"
				},
				"2.9": {
					"effect": "magon"
				},
				"3.2": {
					"effect": "mag_insert"
				},
				"3.7667": {
					"effect": "foley_end"
				},
				"4.3333": {
					"effect": "lmg_coverdown"
				}
			}
		},
		"animation.model.preparefire": {
			"animation_length": 1,
			"bones": {
				"cogfire": {
					"rotation": {
						"0.0": {
							"vector": [0, 0, 0]
						},
						"0.6667": {
							"vector": [0, 0, -180]
						},
						"1.0": {
							"vector": [0, 0, -360]
						}
					}
				}
			},
			"sound_effects": {
				"0.0": {
					"effect": "steamcharge"
				}
			}
		},
		"animation.model.completefire": {
			"animation_length": 1,
			"sound_effects": {
				"0.0": {
					"effect": "cog2"
				}
			}
		}
	},
	"geckolib_format_version": 2
}