{
	"format_version": "1.8.0",
	"animations": {
		"animation.model.draw": {
			"loop": true,
			"animation_length": 1.2,
			"bones": {
				"main": {
					"rotation": {
						"0.0": {
							"vector": [32.09413, -54.38778, -8.29667]
						},
						"0.35": {
							"vector": [0.50518, -5.08075, 6.8716],
							"easing": "easeOutSine"
						},
						"0.5": {
							"vector": [0.32389, -0.60235, -2.1558],
							"easing": "linear"
						},
						"0.6": {
							"vector": [0, 0, 0],
							"easing": "linear"
						}
					},
					"position": {
						"0.0": {
							"vector": [0, -17.3, 0]
						},
						"0.25": {
							"vector": [-0.4, -2.525, -1.625],
							"easing": "linear"
						},
						"0.4": {
							"vector": [-0.05, 0, -2.49],
							"easing": "linear"
						},
						"0.55": {
							"vector": [0, 0, 0],
							"easing": "linear"
						}
					}
				},
				"leftarm": {
					"rotation": {
						"0.0": {
							"vector": [0, 0, 0]
						},
						"0.2": {
							"vector": [1, 0, -22]
						},
						"0.4": {
							"vector": [0, 0, 0]
						}
					},
					"position": {
						"0.0": {
							"vector": [0, 0, 0]
						},
						"0.2": {
							"vector": [3.53901, 3.6754, 5.59783]
						},
						"0.4": {
							"vector": [0, 0, 0]
						}
					}
				}
			},
			"sound_effects": {
				"0.0": {
					"effect": "draw"
				}
			}
		},
		"animation.model.inspect": {
			"loop": true,
			"animation_length": 4.26667,
			"bones": {
				"main": {
					"rotation": {
						"0.0": {
							"vector": [0, 0, 0]
						},
						"0.1667": {
							"vector": [-8.41746, -13.59608, -21.21259],
							"easing": "linear"
						},
						"0.3": {
							"vector": [-8.39812, -20.10111, -31.77688]
						},
						"0.4333": {
							"vector": [-9.55676, -20.88889, -28.55629]
						},
						"0.5333": {
							"vector": [-8.77652, -21.21647, -30.72851]
						},
						"0.7667": {
							"vector": [-9.4227, -20.94881, -28.93303]
						},
						"1.0": {
							"vector": [-3.1216, -20.98207, -46.44405]
						},
						"1.1333": {
							"vector": [-4.564, -20.73064, -42.44007]
						},
						"1.2333": {
							"vector": [-4.86325, -20.9153, -41.60203]
						},
						"1.3333": {
							"vector": [-4.58308, -20.97575, -42.38574]
						},
						"1.4667": {
							"vector": [-4.01131, -21.08802, -43.97908]
						},
						"1.6": {
							"vector": [-4.38767, -21.01662, -42.9316]
						},
						"1.7": {
							"vector": [-4.18847, -21.05622, -43.48691],
							"easing": "linear"
						},
						"2.0333": {
							"vector": [-17.65179, 1.65777, 42.44783],
							"easing": "linear"
						},
						"2.1667": {
							"vector": [-16.09294, 2.41437, 47.98011]
						},
						"2.3": {
							"vector": [-16.57732, 2.37182, 47.44917]
						},
						"2.4333": {
							"vector": [-17.04356, 3.47782, 50.65894]
						},
						"2.5667": {
							"vector": [-16.87458, 4.24163, 53.16891]
						},
						"2.7333": {
							"vector": [-16.932, 3.99839, 52.36662]
						},
						"2.9": {
							"vector": [-16.84953, 4.33836, 53.48998]
						},
						"3.1": {
							"vector": [-16.87917, 4.22126, 53.10193]
						},
						"3.2667": {
							"vector": [-17.0651, 3.3688, 50.3027]
						},
						"3.4": {
							"vector": [-8.86998, 2.42135, 33.56191]
						},
						"3.5333": {
							"vector": [0, -1.75, -2.75]
						},
						"3.7": {
							"vector": [0, 0, 0]
						}
					},
					"position": {
						"0.0": {
							"vector": [0, 0, 0]
						},
						"0.3": {
							"vector": [-0.475, 1.475, -8.7]
						},
						"0.4": {
							"vector": [-0.195, 1, -7.7]
						},
						"0.5333": {
							"vector": [-0.03, 0.725, -7.7]
						},
						"0.7": {
							"vector": [0, 1.125, -7.7]
						},
						"0.9": {
							"vector": [0.125, 1.4, -8.275]
						},
						"1.2": {
							"vector": [-0.02, 1.475, -8]
						},
						"1.4": {
							"vector": [0.11, 1.425, -8.175]
						},
						"1.6667": {
							"vector": [0.275, 1.25, -7.975]
						},
						"1.8": {
							"vector": [-0.13, -1.19, -8.65]
						},
						"1.9667": {
							"vector": [-0.545, -1.325, -11.15]
						},
						"2.1333": {
							"vector": [-0.415, -1.395, -10.545]
						},
						"2.2667": {
							"vector": [-0.525, -1.455, -9.17]
						},
						"2.4": {
							"vector": [-0.49, -1.43, -9.85]
						},
						"2.5667": {
							"vector": [-0.455, -1.5, -9.24]
						},
						"2.7667": {
							"vector": [-0.53, -1.5, -9.27]
						},
						"3.0": {
							"vector": [-0.49, -1.41, -9.3]
						},
						"3.2333": {
							"vector": [-0.545, -1.325, -9.325]
						},
						"3.3667": {
							"vector": [-1.005, -0.61, -7.41]
						},
						"3.6333": {
							"vector": [0, 0, 0]
						}
					}
				},
				"leftarm": {
					"rotation": {
						"0.0": {
							"vector": [0, 0, 0]
						},
						"0.1667": {
							"vector": [0, 0, -2.5]
						},
						"1.7333": {
							"vector": [0, 0, -2.5]
						},
						"2.0333": {
							"vector": [-20, 0, -45]
						},
						"3.3": {
							"vector": [-20, 0, -45]
						},
						"3.5667": {
							"vector": [0, 0, 0]
						}
					},
					"position": {
						"0.0": {
							"vector": [0, 0, 0]
						},
						"0.1667": {
							"vector": [11.23986, -30.20851, 24.64864]
						},
						"1.7333": {
							"vector": [11.23986, -30.20851, 24.64864]
						},
						"2.0333": {
							"vector": [7.35, 6.25, -4.67]
						},
						"3.3": {
							"vector": [7.35, 6.25, -4.67]
						},
						"3.5667": {
							"vector": [0, 0, 0]
						}
					}
				},
				"bone2": {
					"position": {
						"0.7333": {
							"vector": [0, 0, 0]
						},
						"0.8": {
							"vector": [1, 0.5, 0]
						},
						"2.9": {
							"vector": [1.03, 0.52, 0]
						},
						"2.9667": {
							"vector": [0, 0, 0]
						}
					}
				},
				"bone3": {
					"position": {
						"0.8667": {
							"vector": [0, 0, 0]
						},
						"0.9333": {
							"vector": [1, 0.5, 0]
						},
						"2.8333": {
							"vector": [1.03, 0.52, 0]
						},
						"2.9": {
							"vector": [0, 0, 0]
						}
					}
				},
				"bone4": {
					"position": {
						"1.0": {
							"vector": [0, 0, 0]
						},
						"1.0667": {
							"vector": [1, 0.5, 0]
						},
						"2.7667": {
							"vector": [1.04, 0.52, 0]
						},
						"2.8333": {
							"vector": [0, 0, 0]
						}
					}
				},
				"bone5": {
					"position": {
						"1.1333": {
							"vector": [0, 0, 0]
						},
						"1.2": {
							"vector": [1, 0.5, 0]
						},
						"2.7": {
							"vector": [1.04, 0.52, 0]
						},
						"2.7667": {
							"vector": [0, 0, 0]
						}
					}
				},
				"bone6": {
					"position": {
						"0.7333": {
							"vector": [0, 0, 0]
						},
						"0.8": {
							"vector": [-1, 0.5, 0]
						},
						"2.9": {
							"vector": [-1.03, 0.52, 0]
						},
						"2.9667": {
							"vector": [0, 0, 0]
						}
					}
				},
				"bone7": {
					"position": {
						"0.8667": {
							"vector": [0, 0, 0]
						},
						"0.9333": {
							"vector": [-1, 0.5, 0]
						},
						"2.8333": {
							"vector": [-1.03, 0.52, 0]
						},
						"2.9": {
							"vector": [0, 0, 0]
						}
					}
				},
				"bone8": {
					"position": {
						"1.0": {
							"vector": [0, 0, 0]
						},
						"1.0667": {
							"vector": [-1, 0.5, 0]
						},
						"2.7667": {
							"vector": [-1.04, 0.52, 0]
						},
						"2.8333": {
							"vector": [0, 0, 0]
						}
					}
				},
				"bone9": {
					"position": {
						"1.1333": {
							"vector": [0, 0, 0]
						},
						"1.2": {
							"vector": [-1, 0.5, 0]
						},
						"2.7": {
							"vector": [-1.04, 0.52, 0]
						},
						"2.7667": {
							"vector": [0, 0, 0]
						}
					}
				}
			},
			"sound_effects": {
				"0.0": {
					"effect": "inspect_up"
				},
				"0.8": {
					"effect": "inspect_foley"
				},
				"0.8333": {
					"effect": "result2"
				},
				"0.9667": {
					"effect": "result2"
				},
				"1.1": {
					"effect": "result2"
				},
				"1.3667": {
					"effect": "inspect_turn"
				},
				"2.6667": {
					"effect": "close"
				},
				"2.7333": {
					"effect": "close"
				},
				"2.8": {
					"effect": "close"
				},
				"3.2667": {
					"effect": "inspect_down"
				}
			}
		},
		"animation.model.reloadempty": {
			"loop": true,
			"animation_length": 2.03333,
			"bones": {
				"main": {
					"rotation": {
						"0.0": {
							"vector": [0, 0, 0]
						},
						"0.1333": {
							"vector": [-5.21485, -2.95862, -15.29475]
						},
						"0.2": {
							"vector": [-5.32661, -2.7519, -13.05148]
						},
						"0.3": {
							"vector": [-15.80258, -1.6479, -12.16002]
						},
						"0.5333": {
							"vector": [-13.61401, -0.24184, -2.94553]
						},
						"0.6667": {
							"vector": [-13.0641, -3.67217, -16.73407]
						},
						"0.8": {
							"vector": [-14.13595, -7.55317, -28.24841]
						},
						"0.9333": {
							"vector": [-10.9828, -8.28104, -32.98754]
						},
						"1.0667": {
							"vector": [-9.07014, -7.63227, -28.74648]
						},
						"1.1667": {
							"vector": [-6.70888, -8.74921, -39.37529]
						},
						"1.2667": {
							"vector": [-6.67274, -8.47385, -33.47033]
						},
						"1.4": {
							"vector": [-5.35749, -3.38984, -21.36846]
						},
						"1.5": {
							"vector": [-3.68785, -3.32623, -20.36901]
						},
						"1.6333": {
							"vector": [-3.82888, -3.95992, -18.57018]
						},
						"1.8667": {
							"vector": [0.65978, 0.18913, -3.84963]
						},
						"2.0": {
							"vector": [0, 0, 0]
						}
					},
					"position": {
						"0.0": {
							"vector": [0, 0, 0]
						},
						"0.0667": {
							"vector": [-0.575, 0, -1]
						},
						"0.1667": {
							"vector": [-0.38, 1.875, -1.65]
						},
						"0.3": {
							"vector": [-0.705, -0.5, -4.675]
						},
						"0.4333": {
							"vector": [-1.2, -2.62, -4.475]
						},
						"0.6": {
							"vector": [-0.705, -1.9, -4.575]
						},
						"0.7333": {
							"vector": [-0.55, -1.27, -6.6]
						},
						"0.8667": {
							"vector": [-0.7, -0.55, -4.85]
						},
						"0.9667": {
							"vector": [-0.85, -0.45, -4.3]
						},
						"1.0333": {
							"vector": [-1.025, -0.475, -4.3]
						},
						"1.1333": {
							"vector": [-1.075, -0.2, -4.3]
						},
						"1.2": {
							"vector": [-1.575, 0.5, -2.775]
						},
						"1.3": {
							"vector": [-1.075, -0.225, -3.025]
						},
						"1.4333": {
							"vector": [-0.43, -0.51, -1.98]
						},
						"1.5333": {
							"vector": [-0.505, -0.985, -1.855]
						},
						"1.7": {
							"vector": [-0.23, -0.81, -2.13]
						},
						"1.8": {
							"vector": [0.34, -0.865, -2.46]
						},
						"1.9333": {
							"vector": [0, 0, 0]
						}
					}
				},
				"bullet": {
					"position": {
						"0.0": {
							"vector": [0, -1, 0]
						},
						"0.6667": {
							"vector": [0, -1, 0]
						},
						"0.7": {
							"vector": [0, 0, 0]
						}
					}
				},
				"leftarm": {
					"rotation": {
						"0.0": {
							"vector": [0, 0, 0]
						},
						"0.0667": {
							"vector": [-19.45644, -5.86858, 7.49224]
						},
						"0.1333": {
							"vector": [-19.1063, -9.63723, 4.18713]
						},
						"0.2333": {
							"vector": [-15.03103, -13.37925, 0.82083]
						},
						"0.3333": {
							"vector": [43.07804, 15.85303, 7.64839]
						},
						"0.8333": {
							"vector": [9.84584, 4.15599, 15.03241]
						},
						"0.9": {
							"vector": [9.77665, 5.80251, 14.43551]
						},
						"0.9667": {
							"vector": [6.77665, 5.80251, 14.43551]
						},
						"1.0333": {
							"vector": [6.85598, 4.18921, 15.11822]
						},
						"1.2333": {
							"vector": [0.91192, 3.09309, 15.72168]
						},
						"1.7": {
							"vector": [0, 0, 0]
						}
					},
					"position": {
						"0.0": {
							"vector": [0, 0, 0]
						},
						"0.0667": {
							"vector": [5, -8.975, 1.45]
						},
						"0.1333": {
							"vector": [9, -9.975, 18.45]
						},
						"0.2333": {
							"vector": [-0.575, -9.975, 33.425]
						},
						"0.3333": {
							"vector": [-6.58, -9.97, 39.38]
						},
						"0.7": {
							"vector": [-6.055, -16.32, 38.98]
						},
						"0.8333": {
							"vector": [-4.435, -12.77, 36.98]
						},
						"0.9": {
							"vector": [-2.78, -12.42, 32.23]
						},
						"0.9667": {
							"vector": [-3.805, -7.595, 37.755]
						},
						"1.0333": {
							"vector": [-4.9, -7.575, 36.76]
						},
						"1.2333": {
							"vector": [-4.9, -5.175, 34.76]
						},
						"1.6": {
							"vector": [5.58, -7.25, -1.7]
						},
						"1.7": {
							"vector": [0, 0, 0]
						}
					}
				},
				"magazine": {
					"rotation": {
						"0.0": {
							"vector": [0, 0, 0]
						},
						"0.2333": {
							"vector": [0, 0, 0]
						},
						"0.6667": {
							"vector": [0, 0, 0]
						},
						"0.8": {
							"vector": [-8.5, -2, 1.25]
						},
						"0.9": {
							"vector": [-8.44764, 1.25068, -0.24794]
						},
						"0.9667": {
							"vector": [0.10142, 1.24766, 2.00259]
						},
						"1.0333": {
							"vector": [0, 0, -0.75]
						},
						"1.1": {
							"vector": [0, 0, 0]
						}
					},
					"position": {
						"0.0": {
							"vector": [0, 0, 0]
						},
						"0.2333": {
							"vector": [0, 0, 0]
						},
						"0.3333": {
							"vector": [0, -23, 0]
						},
						"0.6667": {
							"vector": [0, -23, 0]
						},
						"0.8": {
							"vector": [0.725, -7.55, -1.9]
						},
						"0.9": {
							"vector": [0.125, -7.605, -2.075]
						},
						"0.9667": {
							"vector": [-0.645, -7.1, 0]
						},
						"1.0333": {
							"vector": [0, -6.025, 0]
						},
						"1.1": {
							"vector": [0, 0, 0]
						}
					}
				},
				"spinny": {
					"rotation": {
						"1.2667": {
							"vector": [0, 0, 0]
						},
						"1.3667": {
							"vector": [0, 0, -107.5]
						}
					}
				}
			},
			"sound_effects": {
				"0.0": {
					"effect": "magout"
				},
				"0.3667": {
					"effect": "foley_start"
				},
				"0.7": {
					"effect": "rifle_magin"
				}
			}
		},
		"animation.model.reload": {
			"loop": true,
			"animation_length": 1.8,
			"bones": {
				"main": {
					"rotation": {
						"0.0": {
							"vector": [0, 0, 0]
						},
						"0.1333": {
							"vector": [-5.21485, -2.95862, -15.29475]
						},
						"0.2": {
							"vector": [-5.32661, -2.7519, -13.05148]
						},
						"0.3": {
							"vector": [-6.02889, 0.16976, 5.24751]
						},
						"0.4": {
							"vector": [-6.24711, -1.203, -0.38662]
						},
						"0.5333": {
							"vector": [-6.11401, -0.24184, -2.94553]
						},
						"0.6667": {
							"vector": [-5.5641, -3.67217, -16.73407]
						},
						"0.8": {
							"vector": [-9.13595, -7.55317, -28.24841]
						},
						"0.9333": {
							"vector": [-8.4828, -8.28104, -32.98754]
						},
						"1.0667": {
							"vector": [-9.07014, -7.63227, -28.74648]
						},
						"1.1667": {
							"vector": [-6.70888, -8.74921, -39.37529]
						},
						"1.2667": {
							"vector": [-6.67274, -8.47385, -33.47033]
						},
						"1.4": {
							"vector": [-5.35749, -3.38984, -21.36846]
						},
						"1.8": {
							"vector": [0, 0, 0]
						}
					},
					"position": {
						"0.0": {
							"vector": [0, 0, 0]
						},
						"0.0667": {
							"vector": [-0.575, 0, 0]
						},
						"0.1667": {
							"vector": [-0.38, 0.875, 0.35]
						},
						"0.3": {
							"vector": [-0.705, -3.5, -0.675]
						},
						"0.4333": {
							"vector": [-1.2, -2.62, -1.475]
						},
						"0.6": {
							"vector": [-0.705, -1.9, -1.575]
						},
						"0.7333": {
							"vector": [-0.55, -1.27, -3.6]
						},
						"0.8667": {
							"vector": [-0.7, -0.55, -1.85]
						},
						"0.9667": {
							"vector": [-0.85, -0.45, -1.3]
						},
						"1.0333": {
							"vector": [-1.025, -0.475, -1.3]
						},
						"1.1333": {
							"vector": [-1.075, -0.2, -1.3]
						},
						"1.2": {
							"vector": [-1.575, 0.5, -0.775]
						},
						"1.3": {
							"vector": [-1.075, -0.225, -1.025]
						},
						"1.4333": {
							"vector": [-0.43, -0.51, -0.98]
						},
						"1.5333": {
							"vector": [-0.23, -0.81, -2.13]
						},
						"1.6333": {
							"vector": [0.34, -0.865, -2.46]
						},
						"1.7333": {
							"vector": [0, 0, 0]
						}
					}
				},
				"leftarm": {
					"rotation": {
						"0.0": {
							"vector": [0, 0, 0]
						},
						"0.0667": {
							"vector": [-19.45644, -5.86858, 7.49224]
						},
						"0.1333": {
							"vector": [-19.1063, -9.63723, 4.18713]
						},
						"0.2333": {
							"vector": [-15.03103, -13.37925, 0.82083]
						},
						"0.3333": {
							"vector": [43.07804, 15.85303, 7.64839]
						},
						"0.8333": {
							"vector": [9.84584, 4.15599, 15.03241]
						},
						"0.9": {
							"vector": [9.77665, 5.80251, 14.43551]
						},
						"0.9667": {
							"vector": [6.77665, 5.80251, 14.43551]
						},
						"1.0333": {
							"vector": [6.85598, 4.18921, 15.11822]
						},
						"1.2333": {
							"vector": [0.91192, 3.09309, 15.72168]
						},
						"1.7": {
							"vector": [0, 0, 0]
						}
					},
					"position": {
						"0.0": {
							"vector": [0, 0, 0]
						},
						"0.0667": {
							"vector": [5, -8.975, 1.45]
						},
						"0.1333": {
							"vector": [9, -9.975, 18.45]
						},
						"0.2333": {
							"vector": [-0.575, -9.975, 28.425]
						},
						"0.3333": {
							"vector": [-5.58, -9.97, 34.38]
						},
						"0.7": {
							"vector": [-4.055, -20.32, 34.98]
						},
						"0.8333": {
							"vector": [-3.435, -14.77, 33.98]
						},
						"0.9": {
							"vector": [-2.78, -12.42, 32.23]
						},
						"0.9667": {
							"vector": [-2.805, -8.595, 35.755]
						},
						"1.0333": {
							"vector": [-4.9, -6.575, 33.76]
						},
						"1.2333": {
							"vector": [-1.9, -5.175, 33.76]
						},
						"1.6": {
							"vector": [5.58, -7.25, -1.7]
						},
						"1.7": {
							"vector": [0, 0, 0]
						}
					}
				},
				"magazine": {
					"rotation": {
						"0.0": {
							"vector": [0, 0, 0]
						},
						"0.2333": {
							"vector": [0, 0, 0]
						},
						"0.6667": {
							"vector": [0, 0, 0]
						},
						"0.9": {
							"vector": [-8.44764, 1.25068, -0.24794]
						},
						"0.9667": {
							"vector": [0.10142, 1.24766, 2.00259]
						},
						"1.0333": {
							"vector": [0, 0, -0.75]
						},
						"1.1": {
							"vector": [0, 0, 0]
						}
					},
					"position": {
						"0.0": {
							"vector": [0, 0, 0]
						},
						"0.2333": {
							"vector": [0, 0, 0]
						},
						"0.3333": {
							"vector": [0, -23, 0]
						},
						"0.6667": {
							"vector": [0, -23, 0]
						},
						"0.9": {
							"vector": [0.125, -7.605, -2.075]
						},
						"0.9667": {
							"vector": [-0.645, -7.1, 0]
						},
						"1.0333": {
							"vector": [0, -6.025, 0]
						},
						"1.1": {
							"vector": [0, 0, 0]
						}
					}
				}
			},
			"sound_effects": {
				"0.0": {
					"effect": "magout"
				},
				"0.3667": {
					"effect": "foley_start"
				},
				"0.5667": {
					"effect": "foley_end"
				},
				"1.1": {
					"effect": "magon"
				}
			}
		},
		"animation.model.fire": {
			"loop": true,
			"animation_length": 0.66667,
			"bones": {
				"bone4": {
					"position": {
						"0.0417": {
							"vector": [0, 0, 0]
						},
						"0.0833": {
							"vector": [1, 0.5, 0]
						},
						"0.125": {
							"vector": [1, 0.5, 0]
						},
						"0.1667": {
							"vector": [0, 0, 0]
						}
					}
				},
				"bone5": {
					"position": {
						"0.0": {
							"vector": [0, 0, 0]
						},
						"0.0417": {
							"vector": [1, 0.5, 0]
						},
						"0.0833": {
							"vector": [1, 0.5, 0]
						},
						"0.125": {
							"vector": [0, 0, 0]
						}
					}
				},
				"bone3": {
					"position": {
						"0.0833": {
							"vector": [0, 0, 0]
						},
						"0.125": {
							"vector": [1, 0.5, 0]
						},
						"0.1667": {
							"vector": [1, 0.5, 0]
						},
						"0.2083": {
							"vector": [0, 0, 0]
						}
					}
				},
				"bone6": {
					"position": {
						"0.125": {
							"vector": [0, 0, 0]
						},
						"0.1667": {
							"vector": [-1, 0.5, 0]
						},
						"0.2083": {
							"vector": [-1, 0.5, 0]
						},
						"0.25": {
							"vector": [0, 0, 0]
						}
					}
				},
				"bone9": {
					"position": {
						"0.0": {
							"vector": [0, 0, 0]
						},
						"0.0417": {
							"vector": [-1, 0.5, 0]
						},
						"0.0833": {
							"vector": [-1, 0.5, 0]
						},
						"0.125": {
							"vector": [0, 0, 0]
						}
					}
				},
				"bone8": {
					"position": {
						"0.0417": {
							"vector": [0, 0, 0]
						},
						"0.0833": {
							"vector": [-1, 0.5, 0]
						},
						"0.125": {
							"vector": [-1, 0.5, 0]
						},
						"0.1667": {
							"vector": [0, 0, 0]
						}
					}
				},
				"bone7": {
					"position": {
						"0.0833": {
							"vector": [0, 0, 0]
						},
						"0.125": {
							"vector": [-1, 0.5, 0]
						},
						"0.1667": {
							"vector": [-1, 0.5, 0]
						},
						"0.2083": {
							"vector": [0, 0, 0]
						}
					}
				},
				"bone2": {
					"position": {
						"0.125": {
							"vector": [0, 0, 0]
						},
						"0.1667": {
							"vector": [1, 0.5, 0]
						},
						"0.2083": {
							"vector": [1, 0.5, 0]
						},
						"0.25": {
							"vector": [0, 0, 0]
						}
					}
				},
				"spinny": {
					"rotation": {
						"0.0": {
							"vector": [0, 0, 0]
						},
						"0.25": {
							"vector": [0, 0, -90]
						},
						"0.5": {
							"vector": [0, 0, 0]
						}
					}
				},
				"main": {
					"rotation": {
						"0.0": {
							"vector": [0, 0, 0]
						},
						"0.0417": {
							"vector": [-5, 0, 0]
						},
						"0.5": {
							"vector": [0, 0, 0]
						}
					},
					"position": {
						"0.0": {
							"vector": [0, 0, 0]
						},
						"0.0417": {
							"vector": [0, 0, 1]
						},
						"0.5": {
							"vector": [0, 0, 0]
						}
					}
				}
			},
			"sound_effects": {
				"0.0": {
					"effect": "cog4"
				}
			}
		}
	},
	"geckolib_format_version": 2
}