{
	"format_version": "1.8.0",
	"animations": {
		"animation.model.draw": {
			"loop": true,
			"animation_length": 1.2,
			"bones": {
				"main": {
					"rotation": {
						"0.0": {
							"vector": [32.09413, -54.38778, -8.29667]
						},
						"0.35": {
							"vector": [0.50518, -5.08075, 6.8716],
							"easing": "easeOutSine"
						},
						"0.5": {
							"vector": [0.32389, -0.60235, -2.1558],
							"easing": "linear"
						},
						"0.6": {
							"vector": [0, 0, 0],
							"easing": "linear"
						}
					},
					"position": {
						"0.0": {
							"vector": [0, -17.3, 0]
						},
						"0.25": {
							"vector": [-0.4, -2.525, -1.625],
							"easing": "linear"
						},
						"0.4": {
							"vector": [-0.05, 0, -2.49],
							"easing": "linear"
						},
						"0.55": {
							"vector": [0, 0, 0],
							"easing": "linear"
						}
					}
				},
				"leftarm": {
					"rotation": {
						"0.0": {
							"vector": [0, 0, 0]
						},
						"0.2": {
							"vector": [1, 0, -22]
						},
						"0.4": {
							"vector": [0, 0, 0]
						}
					},
					"position": {
						"0.0": {
							"vector": [0, 0, 0]
						},
						"0.2": {
							"vector": [3.53901, 3.6754, 5.59783]
						},
						"0.4": {
							"vector": [0, 0, 0]
						}
					}
				}
			},
			"sound_effects": {
				"0.0": {
					"effect": "draw"
				}
			}
		},
		"animation.model.inspect": {
			"loop": true,
			"animation_length": 4.26667,
			"bones": {
				"main": {
					"rotation": {
						"0.0": {
							"vector": [0, 0, 0]
						},
						"0.1667": {
							"vector": [-8.41746, -13.59608, -21.21259],
							"easing": "linear"
						},
						"0.3": {
							"vector": [-8.39812, -20.10111, -31.77688]
						},
						"0.4333": {
							"vector": [-9.55676, -20.88889, -28.55629]
						},
						"0.5333": {
							"vector": [-8.77652, -21.21647, -30.72851]
						},
						"0.7667": {
							"vector": [-9.4227, -20.94881, -28.93303]
						},
						"1.0": {
							"vector": [-3.1216, -20.98207, -46.44405]
						},
						"1.1333": {
							"vector": [-4.564, -20.73064, -42.44007]
						},
						"1.2333": {
							"vector": [-4.86325, -20.9153, -41.60203]
						},
						"1.3333": {
							"vector": [-4.58308, -20.97575, -42.38574]
						},
						"1.4667": {
							"vector": [-4.01131, -21.08802, -43.97908]
						},
						"1.6": {
							"vector": [-4.38767, -21.01662, -42.9316]
						},
						"1.7": {
							"vector": [-4.18847, -21.05622, -43.48691],
							"easing": "linear"
						},
						"2.0333": {
							"vector": [-16.91438, 5.38499, 54.40399],
							"easing": "linear"
						},
						"2.1667": {
							"vector": [-15.22513, 5.80082, 60.04554]
						},
						"2.3": {
							"vector": [-15.70981, 5.86025, 59.48558]
						},
						"2.4333": {
							"vector": [-15.93602, 7.03904, 62.69373]
						},
						"2.5667": {
							"vector": [-15.60896, 7.75082, 65.23442]
						},
						"2.7333": {
							"vector": [-15.71675, 7.52491, 64.42194]
						},
						"2.9": {
							"vector": [-15.56389, 7.84019, 65.55973]
						},
						"3.1": {
							"vector": [-15.61778, 7.73186, 65.16659]
						},
						"3.2667": {
							"vector": [-15.9801, 6.93689, 62.33342]
						},
						"3.4": {
							"vector": [-8.86998, 2.42135, 33.56191]
						},
						"3.5333": {
							"vector": [0, -1.75, -2.75]
						},
						"3.7": {
							"vector": [0, 0, 0]
						}
					},
					"position": {
						"0.0": {
							"vector": [0, 0, 0]
						},
						"0.3": {
							"vector": [-0.475, 1.475, -8.7]
						},
						"0.4": {
							"vector": [-0.195, 1, -7.7]
						},
						"0.5333": {
							"vector": [-0.03, 0.725, -7.7]
						},
						"0.7": {
							"vector": [0, 1.125, -7.7]
						},
						"0.9": {
							"vector": [0.125, 1.4, -8.275]
						},
						"1.2": {
							"vector": [-0.02, 1.475, -8]
						},
						"1.4": {
							"vector": [0.11, 1.425, -8.175]
						},
						"1.6667": {
							"vector": [0.275, 1.25, -7.975]
						},
						"1.8": {
							"vector": [-0.13, -1.19, -8.65]
						},
						"1.9667": {
							"vector": [-0.545, -1.325, -11.15]
						},
						"2.1333": {
							"vector": [-0.415, -1.395, -10.545]
						},
						"2.2667": {
							"vector": [-0.525, -1.455, -9.17]
						},
						"2.4": {
							"vector": [-0.49, -1.43, -9.85]
						},
						"2.5667": {
							"vector": [-0.455, -1.5, -9.24]
						},
						"2.7667": {
							"vector": [-0.53, -1.5, -9.27]
						},
						"3.0": {
							"vector": [-0.49, -1.41, -9.3]
						},
						"3.2333": {
							"vector": [-0.545, -1.325, -9.325]
						},
						"3.3667": {
							"vector": [-1.005, -0.61, -7.41]
						},
						"3.6333": {
							"vector": [0, 0, 0]
						}
					}
				},
				"leftarm": {
					"rotation": {
						"0.0": {
							"vector": [0, 0, 0]
						},
						"0.1667": {
							"vector": [0, 0, -2.5]
						},
						"1.7333": {
							"vector": [0, 0, -2.5]
						},
						"2.0333": {
							"vector": [0, 0, 0]
						},
						"3.3": {
							"vector": [0, 0, 0]
						},
						"3.5667": {
							"vector": [0, 0, 0]
						}
					},
					"position": {
						"0.0": {
							"vector": [0, 0, 0]
						},
						"0.1667": {
							"vector": [11.23986, -30.20851, 24.64864]
						},
						"1.7333": {
							"vector": [11.23986, -30.20851, 24.64864]
						},
						"2.0333": {
							"vector": [0, 0, 0]
						},
						"3.3": {
							"vector": [0, 0, 0]
						},
						"3.5667": {
							"vector": [0, 0, 0]
						}
					}
				}
			},
			"sound_effects": {
				"0.0": {
					"effect": "inspect_up"
				},
				"0.8": {
					"effect": "inspect_foley"
				},
				"1.3667": {
					"effect": "inspect_turn"
				},
				"3.2667": {
					"effect": "inspect_down"
				}
			}
		},
		"animation.model.reloadempty": {
			"loop": true,
			"animation_length": 2.23333,
			"bones": {
				"main": {
					"rotation": {
						"0.0": {
							"vector": [0, 0, 0]
						},
						"0.1333": {
							"vector": [-5.96748, 0.56054, 19.54127]
						},
						"0.2667": {
							"vector": [-5.57973, 0.27211, 17.01095]
						},
						"0.5": {
							"vector": [-4.87409, 0.01315, 14.78786]
						},
						"0.7": {
							"vector": [-4.46294, 0.20048, 17.6598]
						},
						"0.9333": {
							"vector": [-3.70455, 0.31288, 20.39459]
						},
						"1.0333": {
							"vector": [-3.34797, 0.56985, 25.24752]
						},
						"1.3": {
							"vector": [-3.34797, 0.56985, 25.24752]
						},
						"1.4667": {
							"vector": [-2.74972, 0.07513, 16.40924]
						},
						"1.8333": {
							"vector": [-0.40083, -0.06757, 18.96269]
						},
						"2.0333": {
							"vector": [0, 0, 0]
						}
					},
					"position": {
						"0.0": {
							"vector": [0, 0, 0]
						},
						"0.0667": {
							"vector": [-0.575, 0, 0]
						},
						"0.1667": {
							"vector": [-0.38, 0.875, 0.35]
						},
						"0.3": {
							"vector": [-0.705, -3.5, -0.675]
						},
						"0.4333": {
							"vector": [-1.2, -2.62, -1.475]
						},
						"0.6": {
							"vector": [-0.705, -1.9, -1.575]
						},
						"0.7333": {
							"vector": [-0.55, -1.27, -3.6]
						},
						"0.8667": {
							"vector": [-0.7, -0.55, -1.85]
						},
						"0.9667": {
							"vector": [-0.85, -0.45, -1.3]
						},
						"1.0333": {
							"vector": [-1.025, -0.475, -1.3]
						},
						"1.1333": {
							"vector": [-1.075, -0.2, -1.3]
						},
						"1.2": {
							"vector": [-1.575, 0.5, -0.775]
						},
						"1.3": {
							"vector": [-1.075, -0.225, -1.025]
						},
						"1.4333": {
							"vector": [-0.43, -0.51, -0.98]
						},
						"1.8667": {
							"vector": [0, 0, 0]
						}
					}
				},
				"bullet": {
					"position": {
						"0.0": {
							"vector": [0, -1, 0]
						},
						"0.6667": {
							"vector": [0, -1, 0]
						},
						"0.7": {
							"vector": [0, 0, 0]
						}
					}
				},
				"leftarm": {
					"rotation": {
						"0.0": {
							"vector": [0, 0, 0]
						},
						"0.0667": {
							"vector": [-19.45644, -5.86858, 7.49224]
						},
						"0.1333": {
							"vector": [-19.1063, -9.63723, 4.18713]
						},
						"0.2": {
							"vector": [-13.87292, -2.57094, -9.65963]
						},
						"0.4333": {
							"vector": [-13.87292, -2.57094, -9.65963]
						},
						"0.8667": {
							"vector": [-5.03385, 30.99164, -2.12912]
						},
						"1.2333": {
							"vector": [-5.03385, 30.99164, -2.12912]
						},
						"1.3667": {
							"vector": [-7.05354, 35.05567, -5.6739]
						},
						"1.4333": {
							"vector": [-7.05354, 35.05567, -5.6739]
						},
						"1.5667": {
							"vector": [13.978, 40.65684, 34.47163]
						},
						"1.6667": {
							"vector": [11.8236, 39.93762, 31.25083]
						},
						"1.7667": {
							"vector": [13.88912, 46.42316, 24.82934]
						},
						"1.8333": {
							"vector": [13.88912, 46.42316, 24.82934]
						},
						"1.9667": {
							"vector": [-1.49992, 20.47698, 5.50598]
						},
						"2.1": {
							"vector": [0, 0, 0]
						}
					},
					"position": {
						"0.0": {
							"vector": [0, 0, 0]
						},
						"0.0667": {
							"vector": [13, -8.975, 1.45]
						},
						"0.1333": {
							"vector": [13, 11.025, 16.45]
						},
						"0.2": {
							"vector": [2.425, 17.025, 26.425]
						},
						"0.3": {
							"vector": [3.43, 11.03, 17.43]
						},
						"0.4333": {
							"vector": [3.43, 12.03, 17.43]
						},
						"0.6": {
							"vector": [4.43, 14.03, 25.43]
						},
						"0.8667": {
							"vector": [46.18, 0.41, 30.68]
						},
						"1.2333": {
							"vector": [8.43, 26.03, 25.43]
						},
						"1.3667": {
							"vector": [7.43, 21.03, 14.43]
						},
						"1.4333": {
							"vector": [8.43, 21.03, 13.43]
						},
						"1.5667": {
							"vector": [6.72, 24.31, 19.71]
						},
						"1.6667": {
							"vector": [5.43, 22.03, 19.43]
						},
						"1.7667": {
							"vector": [5.43, 24.03, 15.63]
						},
						"1.8333": {
							"vector": [5.425, 32.025, 26.425]
						},
						"1.9667": {
							"vector": [19.43, 24.03, 24.43]
						},
						"2.1": {
							"vector": [0, 0, 0]
						}
					}
				},
				"magazine": {
					"rotation": {
						"0.0": {
							"vector": [0, 0, 0]
						},
						"0.2333": {
							"vector": [0, 0, 0]
						},
						"0.3": {
							"vector": [5, 0, 0]
						},
						"0.4333": {
							"vector": [5, 0, 0]
						},
						"0.6": {
							"vector": [5, 0, 0]
						},
						"0.8667": {
							"vector": [0, 0, 50]
						},
						"1.2333": {
							"vector": [12.5, 0, 0]
						},
						"1.3667": {
							"vector": [5, 0, 0]
						},
						"1.6667": {
							"vector": [5, 0, 0]
						},
						"1.7667": {
							"vector": [0, 0, 0]
						},
						"1.8667": {
							"vector": [0, 0, 0]
						}
					},
					"position": {
						"0.0": {
							"vector": [0, 0, 0]
						},
						"0.2333": {
							"vector": [0, 0, 0]
						},
						"0.3": {
							"vector": [0, 0, 2]
						},
						"0.4333": {
							"vector": [0, 0, 2]
						},
						"0.6": {
							"vector": [0, 2, 10]
						},
						"0.8667": {
							"vector": [43, -21, 15]
						},
						"1.2333": {
							"vector": [0.725, 6.45, 10.1]
						},
						"1.3667": {
							"vector": [0, 0, 0]
						},
						"1.6667": {
							"vector": [0, 0, 0]
						},
						"1.7667": {
							"vector": [0, 0, 0]
						},
						"1.8667": {
							"vector": [0, 0, 0]
						}
					}
				},
				"spinny": {
					"rotation": {
						"1.8": {
							"vector": [0, 0, 0]
						},
						"1.8667": {
							"vector": [0, 0, -90]
						},
						"1.9333": {
							"vector": [0, 0, 0]
						}
					}
				}
			},
			"sound_effects": {
				"0.2": {
					"effect": "magout1"
				},
				"0.3667": {
					"effect": "foley_start"
				},
				"0.4": {
					"effect": "magout2"
				},
				"1.2667": {
					"effect": "rifle_magin"
				},
				"1.5": {
					"effect": "foley_end"
				},
				"1.6667": {
					"effect": "m4_press"
				}
			}
		},
		"animation.model.reload": {
			"loop": true,
			"animation_length": 2.23333,
			"bones": {
				"main": {
					"rotation": {
						"0.0": {
							"vector": [0, 0, 0]
						},
						"0.1333": {
							"vector": [-5.96748, 0.56054, 19.54127]
						},
						"0.2667": {
							"vector": [-5.57973, 0.27211, 17.01095]
						},
						"0.5": {
							"vector": [-4.87409, 0.01315, 14.78786]
						},
						"0.7": {
							"vector": [-4.46294, 0.20048, 17.6598]
						},
						"0.9333": {
							"vector": [-3.70455, 0.31288, 20.39459]
						},
						"1.0333": {
							"vector": [-3.34797, 0.56985, 25.24752]
						},
						"1.3": {
							"vector": [-3.34797, 0.56985, 25.24752]
						},
						"1.4667": {
							"vector": [-2.74972, 0.07513, 16.40924]
						},
						"1.8333": {
							"vector": [-0.40083, -0.06757, 18.96269]
						},
						"2.0333": {
							"vector": [0, 0, 0]
						}
					},
					"position": {
						"0.0": {
							"vector": [0, 0, 0]
						},
						"0.0667": {
							"vector": [-0.575, 0, 0]
						},
						"0.1667": {
							"vector": [-0.38, 0.875, 0.35]
						},
						"0.3": {
							"vector": [-0.705, -3.5, -0.675]
						},
						"0.4333": {
							"vector": [-1.2, -2.62, -1.475]
						},
						"0.6": {
							"vector": [-0.705, -1.9, -1.575]
						},
						"0.7333": {
							"vector": [-0.55, -1.27, -3.6]
						},
						"0.8667": {
							"vector": [-0.7, -0.55, -1.85]
						},
						"0.9667": {
							"vector": [-0.85, -0.45, -1.3]
						},
						"1.0333": {
							"vector": [-1.025, -0.475, -1.3]
						},
						"1.1333": {
							"vector": [-1.075, -0.2, -1.3]
						},
						"1.2": {
							"vector": [-1.575, 0.5, -0.775]
						},
						"1.3": {
							"vector": [-1.075, -0.225, -1.025]
						},
						"1.4333": {
							"vector": [-0.43, -0.51, -0.98]
						},
						"1.8667": {
							"vector": [0, 0, 0]
						}
					}
				},
				"bullet": {
					"position": {
						"0.0": {
							"vector": [0, -1, 0]
						},
						"0.6667": {
							"vector": [0, -1, 0]
						},
						"0.7": {
							"vector": [0, 0, 0]
						}
					}
				},
				"leftarm": {
					"rotation": {
						"0.0": {
							"vector": [0, 0, 0]
						},
						"0.0667": {
							"vector": [-19.45644, -5.86858, 7.49224]
						},
						"0.1333": {
							"vector": [-19.1063, -9.63723, 4.18713]
						},
						"0.2": {
							"vector": [-13.87292, -2.57094, -9.65963]
						},
						"0.4333": {
							"vector": [-13.87292, -2.57094, -9.65963]
						},
						"0.8667": {
							"vector": [-5.03385, 30.99164, -2.12912]
						},
						"1.2333": {
							"vector": [-5.03385, 30.99164, -2.12912]
						},
						"1.3667": {
							"vector": [-7.05354, 35.05567, -5.6739]
						},
						"1.4333": {
							"vector": [-7.05354, 35.05567, -5.6739]
						},
						"1.5667": {
							"vector": [13.978, 40.65684, 34.47163]
						},
						"1.6667": {
							"vector": [11.8236, 39.93762, 31.25083]
						},
						"1.7667": {
							"vector": [13.88912, 46.42316, 24.82934]
						},
						"1.8333": {
							"vector": [13.88912, 46.42316, 24.82934]
						},
						"1.9667": {
							"vector": [-1.49992, 20.47698, 5.50598]
						},
						"2.1": {
							"vector": [0, 0, 0]
						}
					},
					"position": {
						"0.0": {
							"vector": [0, 0, 0]
						},
						"0.0667": {
							"vector": [13, -8.975, 1.45]
						},
						"0.1333": {
							"vector": [13, 11.025, 16.45]
						},
						"0.2": {
							"vector": [2.425, 17.025, 26.425]
						},
						"0.3": {
							"vector": [3.43, 11.03, 17.43]
						},
						"0.4333": {
							"vector": [3.43, 12.03, 17.43]
						},
						"0.6": {
							"vector": [4.43, 14.03, 25.43]
						},
						"0.8667": {
							"vector": [46.18, 0.41, 30.68]
						},
						"1.2333": {
							"vector": [8.43, 26.03, 25.43]
						},
						"1.3667": {
							"vector": [7.43, 21.03, 14.43]
						},
						"1.4333": {
							"vector": [8.43, 21.03, 13.43]
						},
						"1.5667": {
							"vector": [6.72, 24.31, 19.71]
						},
						"1.6667": {
							"vector": [5.43, 22.03, 19.43]
						},
						"1.7667": {
							"vector": [5.43, 24.03, 15.63]
						},
						"1.8333": {
							"vector": [5.425, 32.025, 26.425]
						},
						"1.9667": {
							"vector": [19.43, 24.03, 24.43]
						},
						"2.1": {
							"vector": [0, 0, 0]
						}
					}
				},
				"magazine": {
					"rotation": {
						"0.0": {
							"vector": [0, 0, 0]
						},
						"0.2333": {
							"vector": [0, 0, 0]
						},
						"0.3": {
							"vector": [5, 0, 0]
						},
						"0.4333": {
							"vector": [5, 0, 0]
						},
						"0.6": {
							"vector": [5, 0, 0]
						},
						"0.8667": {
							"vector": [0, 0, 50]
						},
						"1.2333": {
							"vector": [12.5, 0, 0]
						},
						"1.3667": {
							"vector": [5, 0, 0]
						},
						"1.6667": {
							"vector": [5, 0, 0]
						},
						"1.7667": {
							"vector": [0, 0, 0]
						},
						"1.8667": {
							"vector": [0, 0, 0]
						}
					},
					"position": {
						"0.0": {
							"vector": [0, 0, 0]
						},
						"0.2333": {
							"vector": [0, 0, 0]
						},
						"0.3": {
							"vector": [0, 0, 2]
						},
						"0.4333": {
							"vector": [0, 0, 2]
						},
						"0.6": {
							"vector": [0, 2, 10]
						},
						"0.8667": {
							"vector": [43, -21, 15]
						},
						"1.2333": {
							"vector": [0.725, 6.45, 10.1]
						},
						"1.3667": {
							"vector": [0, 0, 0]
						},
						"1.6667": {
							"vector": [0, 0, 0]
						},
						"1.7667": {
							"vector": [0, 0, 0]
						},
						"1.8667": {
							"vector": [0, 0, 0]
						}
					}
				}
			},
			"sound_effects": {
				"0.2": {
					"effect": "magout1"
				},
				"0.3667": {
					"effect": "foley_start"
				},
				"0.4": {
					"effect": "magout2"
				},
				"1.2667": {
					"effect": "rifle_magin"
				},
				"1.5": {
					"effect": "foley_end"
				},
				"1.6667": {
					"effect": "m4_press"
				}
			}
		},
		"animation.model.fire": {
			"loop": true,
			"animation_length": 0.125
		},
		"animation.model.completefire": {
			"animation_length": 1,
			"sound_effects": {
				"0.0": {
					"effect": "cog4"
				}
			}
		},
		"animation.model.preparefire": {
			"animation_length": 1,
			"bones": {
				"spinny": {
					"rotation": {
						"0.0": {
							"vector": [0, 0, 0]
						},
						"1.0": {
							"vector": [0, 0, -360]
						}
					}
				}
			},
			"sound_effects": {
				"0.0": {
					"effect": "steamcharge"
				}
			}
		}
	},
	"geckolib_format_version": 2
}