{
	"format_version": "1.8.0",
	"animations": {
		"animation.model.draw": {
			"loop": true,
			"animation_length": 1.2,
			"bones": {
				"main": {
					"rotation": {
						"0.0": {
							"vector": [32.09413, -54.38778, -8.29667]
						},
						"0.35": {
							"vector": [0.50518, -5.08075, 6.8716],
							"easing": "easeOutSine"
						},
						"0.5": {
							"vector": [0.32389, -0.60235, -2.1558],
							"easing": "linear"
						},
						"0.6": {
							"vector": [0, 0, 0],
							"easing": "linear"
						}
					},
					"position": {
						"0.0": {
							"vector": [0, -17.3, 0]
						},
						"0.25": {
							"vector": [-0.4, -2.525, -1.625],
							"easing": "linear"
						},
						"0.4": {
							"vector": [-0.05, 0, -2.49],
							"easing": "linear"
						},
						"0.55": {
							"vector": [0, 0, 0],
							"easing": "linear"
						}
					}
				},
				"leftarm": {
					"rotation": {
						"0.0": {
							"vector": [0, 0, 0]
						},
						"0.2": {
							"vector": [1, 0, -22]
						},
						"0.4": {
							"vector": [0, 0, 0]
						}
					},
					"position": {
						"0.0": {
							"vector": [0, 0, 0]
						},
						"0.2": {
							"vector": [3.53901, 3.6754, 5.59783]
						},
						"0.4": {
							"vector": [0, 0, 0]
						}
					}
				}
			},
			"sound_effects": {
				"0.0": {
					"effect": "draw"
				}
			}
		},
		"animation.model.inspect": {
			"loop": true,
			"animation_length": 4.26667,
			"bones": {
				"main": {
					"rotation": {
						"0.0": {
							"vector": [0, 0, 0]
						},
						"0.1667": {
							"vector": [-8.41746, -13.59608, -21.21259],
							"easing": "linear"
						},
						"0.3": {
							"vector": [-8.39812, -20.10111, -31.77688]
						},
						"0.4333": {
							"vector": [-9.55676, -20.88889, -28.55629]
						},
						"0.5333": {
							"vector": [-8.77652, -21.21647, -30.72851]
						},
						"0.7667": {
							"vector": [-9.4227, -20.94881, -28.93303]
						},
						"1.0": {
							"vector": [-3.1216, -20.98207, -46.44405]
						},
						"1.1333": {
							"vector": [-4.564, -20.73064, -42.44007]
						},
						"1.2333": {
							"vector": [-4.86325, -20.9153, -41.60203]
						},
						"1.3333": {
							"vector": [-4.58308, -20.97575, -42.38574]
						},
						"1.4667": {
							"vector": [-4.01131, -21.08802, -43.97908]
						},
						"1.6": {
							"vector": [-4.38767, -21.01662, -42.9316]
						},
						"1.7": {
							"vector": [-4.18847, -21.05622, -43.48691],
							"easing": "linear"
						},
						"2.0333": {
							"vector": [-16.91438, 5.38499, 54.40399],
							"easing": "linear"
						},
						"2.1667": {
							"vector": [-15.22513, 5.80082, 60.04554]
						},
						"2.3": {
							"vector": [-15.70981, 5.86025, 59.48558]
						},
						"2.4333": {
							"vector": [-15.93602, 7.03904, 62.69373]
						},
						"2.5667": {
							"vector": [-15.60896, 7.75082, 65.23442]
						},
						"2.7333": {
							"vector": [-15.71675, 7.52491, 64.42194]
						},
						"2.9": {
							"vector": [-15.56389, 7.84019, 65.55973]
						},
						"3.1": {
							"vector": [-15.61778, 7.73186, 65.16659]
						},
						"3.2667": {
							"vector": [-15.9801, 6.93689, 62.33342]
						},
						"3.4": {
							"vector": [-8.86998, 2.42135, 33.56191]
						},
						"3.5333": {
							"vector": [0, -1.75, -2.75]
						},
						"3.7": {
							"vector": [0, 0, 0]
						}
					},
					"position": {
						"0.0": {
							"vector": [0, 0, 0]
						},
						"0.3": {
							"vector": [-0.475, 1.475, -8.7]
						},
						"0.4": {
							"vector": [-0.195, 1, -7.7]
						},
						"0.5333": {
							"vector": [-0.03, 0.725, -7.7]
						},
						"0.7": {
							"vector": [0, 1.125, -7.7]
						},
						"0.9": {
							"vector": [0.125, 1.4, -8.275]
						},
						"1.2": {
							"vector": [-0.02, 1.475, -8]
						},
						"1.4": {
							"vector": [0.11, 1.425, -8.175]
						},
						"1.6667": {
							"vector": [0.275, 1.25, -7.975]
						},
						"1.8": {
							"vector": [-0.13, -1.19, -8.65]
						},
						"1.9667": {
							"vector": [-0.545, -1.325, -11.15]
						},
						"2.1333": {
							"vector": [-0.415, -1.395, -10.545]
						},
						"2.2667": {
							"vector": [-0.525, -1.455, -9.17]
						},
						"2.4": {
							"vector": [-0.49, -1.43, -9.85]
						},
						"2.5667": {
							"vector": [-0.455, -1.5, -9.24]
						},
						"2.7667": {
							"vector": [-0.53, -1.5, -9.27]
						},
						"3.0": {
							"vector": [-0.49, -1.41, -9.3]
						},
						"3.2333": {
							"vector": [-0.545, -1.325, -9.325]
						},
						"3.3667": {
							"vector": [-1.005, -0.61, -7.41]
						},
						"3.6333": {
							"vector": [0, 0, 0]
						}
					}
				},
				"leftarm": {
					"rotation": {
						"0.0": {
							"vector": [0, 0, 0]
						},
						"0.1667": {
							"vector": [0, 0, -2.5]
						},
						"1.7333": {
							"vector": [0, 0, -2.5]
						},
						"2.0333": {
							"vector": [-20, 0, -45]
						},
						"3.3": {
							"vector": [-20, 0, -45]
						},
						"3.5667": {
							"vector": [0, 0, 0]
						}
					},
					"position": {
						"0.0": {
							"vector": [0, 0, 0]
						},
						"0.1667": {
							"vector": [11.23986, -30.20851, 24.64864]
						},
						"1.7333": {
							"vector": [11.23986, -30.20851, 24.64864]
						},
						"2.0333": {
							"vector": [7.35, 6.25, 2.33]
						},
						"3.3": {
							"vector": [7.35, 6.25, 2.33]
						},
						"3.5667": {
							"vector": [0, 0, 0]
						}
					}
				}
			},
			"sound_effects": {
				"0.0": {
					"effect": "inspect_up"
				},
				"0.8": {
					"effect": "inspect_foley"
				},
				"1.3667": {
					"effect": "inspect_turn"
				},
				"2.5333": {
					"effect": "cog2"
				},
				"3.4667": {
					"effect": "inspect_down"
				}
			}
		},
		"animation.model.reloadempty": {
			"loop": true,
			"animation_length": 3.8,
			"bones": {
				"main": {
					"rotation": {
						"0.0": {
							"vector": [0, 0, 0]
						},
						"0.1667": {
							"vector": [-5.21485, -2.95862, -15.29475]
						},
						"0.4": {
							"vector": [-6.24711, -1.203, -0.38662]
						},
						"0.5333": {
							"vector": [-6.11401, -0.24184, -2.94553]
						},
						"0.6667": {
							"vector": [-5.5641, -3.67217, -16.73407]
						},
						"0.8": {
							"vector": [-9.75441, -6.73213, -23.27764]
						},
						"1.1667": {
							"vector": [-9.33799, -0.42151, 13.78886]
						},
						"1.3": {
							"vector": [-6.47842, 0.31759, 13.71733]
						},
						"1.6333": {
							"vector": [-2.89552, 0.37997, 7.43068]
						},
						"1.9667": {
							"vector": [0.65978, 0.18913, -3.84963]
						},
						"2.1": {
							"vector": [0, 0, 0]
						},
						"2.4": {
							"vector": [0, 0, -10]
						},
						"2.7667": {
							"vector": [0, 0, -7.5]
						},
						"3.1333": {
							"vector": [0, 0, 2.5]
						},
						"3.3333": {
							"vector": [0, 0, -5]
						},
						"3.6": {
							"vector": [0, 0, 0]
						}
					},
					"position": {
						"0.0": {
							"vector": [0, 0, 0]
						},
						"0.0667": {
							"vector": [-0.575, 0, 0]
						},
						"0.1667": {
							"vector": [-0.38, 0.875, 0.35]
						},
						"0.3": {
							"vector": [-0.705, -0.5, -0.675]
						},
						"0.4333": {
							"vector": [-1.2, -2.62, -1.475]
						},
						"0.6": {
							"vector": [-0.705, -1.9, -1.575]
						},
						"0.7333": {
							"vector": [-0.55, -1.27, -3.6]
						},
						"0.8667": {
							"vector": [-0.7, -0.55, -1.85]
						},
						"0.9667": {
							"vector": [-0.85, -0.45, -1.3]
						},
						"1.0333": {
							"vector": [-1.025, -0.475, -1.3]
						},
						"1.1333": {
							"vector": [-1.075, -0.2, -1.3]
						},
						"1.2": {
							"vector": [-1.575, 0.5, -0.775]
						},
						"1.3": {
							"vector": [-1.075, -0.225, -1.025]
						},
						"1.4333": {
							"vector": [-0.43, -0.51, -0.98]
						},
						"1.5333": {
							"vector": [-0.505, -0.985, -1.855]
						},
						"1.6333": {
							"vector": [-0.965, -0.92, -1.73]
						},
						"1.8": {
							"vector": [-0.23, -0.81, -2.13]
						},
						"1.9333": {
							"vector": [0.34, -0.865, -2.46]
						},
						"2.0333": {
							"vector": [0, 0, 0]
						},
						"2.3": {
							"vector": [2, 0, 1.23]
						},
						"2.4667": {
							"vector": [0, 0, 2]
						},
						"2.7": {
							"vector": [0, 0, 0]
						},
						"2.9": {
							"vector": [1, 0, 1]
						},
						"3.1": {
							"vector": [0, 0, 2]
						},
						"3.6": {
							"vector": [0, 0, 0]
						}
					}
				},
				"leftarm": {
					"rotation": {
						"0.0": {
							"vector": [0, 0, 0]
						},
						"0.2": {
							"vector": [0, 0, 0]
						},
						"0.4333": {
							"vector": [-24.95339, -40.87182, 18.07901]
						},
						"0.5333": {
							"vector": [-26.0756, -35.68574, 7.4134]
						},
						"0.6": {
							"vector": [-26.0756, -35.68574, 7.4134]
						},
						"0.7333": {
							"vector": [-6.0756, -35.68574, 7.4134]
						},
						"0.9333": {
							"vector": [-24.11782, -47.28201, 19.87682]
						},
						"1.0": {
							"vector": [-6.08, -35.69, 7.41]
						},
						"1.0667": {
							"vector": [-6.08, -35.69, 7.41]
						},
						"1.5333": {
							"vector": [-6.08, -35.69, 7.41]
						},
						"1.6667": {
							"vector": [-6.08, -35.69, 7.41]
						},
						"2.3": {
							"vector": [-6.08, -35.69, 7.41]
						},
						"2.4333": {
							"vector": [-6.08, -35.69, 7.41]
						},
						"2.6667": {
							"vector": [-31.08, -35.69, 7.41]
						},
						"3.0": {
							"vector": [-19.9592, -31.00289, 0.52532]
						},
						"3.3667": {
							"vector": [-4.69883, -22.87206, -5.92136]
						},
						"3.4333": {
							"vector": [-4.69883, -22.87206, -5.92136]
						},
						"3.7333": {
							"vector": [0, 0, 0]
						}
					},
					"position": {
						"0.0": {
							"vector": [0, 0, 0]
						},
						"0.2": {
							"vector": [0, 0, 0]
						},
						"0.4333": {
							"vector": [2, -4, 3]
						},
						"0.5333": {
							"vector": [2, -4, 10]
						},
						"0.6": {
							"vector": [2, -4, 10]
						},
						"0.7333": {
							"vector": [2, -7, 2]
						},
						"0.9333": {
							"vector": [-1, -2, 6]
						},
						"1.0": {
							"vector": [2, 3, 10]
						},
						"1.0667": {
							"vector": [2, 3, 10]
						},
						"1.5333": {
							"vector": [13, -19, 12]
						},
						"1.6667": {
							"vector": [13, -19, 12]
						},
						"2.1": {
							"vector": [3, -5, 6]
						},
						"2.3": {
							"vector": [3, 1, 10]
						},
						"2.4333": {
							"vector": [1, 2, 10]
						},
						"2.6667": {
							"vector": [8, 2, 11]
						},
						"3.0": {
							"vector": [8, 3, 9]
						},
						"3.3667": {
							"vector": [1, 5, 3]
						},
						"3.4333": {
							"vector": [1, 5, 3]
						},
						"3.7333": {
							"vector": [0, 0, 0]
						}
					}
				},
				"magazine": {
					"rotation": {
						"0.0": {
							"vector": [0, 0, 0]
						},
						"0.5333": {
							"vector": [0, 0, 0]
						},
						"0.8": {
							"vector": [0, -90, 0]
						},
						"0.9": {
							"vector": [0, -87.5, 0]
						},
						"1.0": {
							"vector": [0, -90, 0]
						},
						"1.0667": {
							"vector": [0, -90, 0]
						},
						"1.5333": {
							"vector": [0, -90, 22.5]
						},
						"1.6667": {
							"vector": [0, -90, 22.5]
						},
						"2.1": {
							"vector": [0, -90, 15.19]
						},
						"2.4333": {
							"vector": [0, -90, 0]
						},
						"3.0": {
							"vector": [0, -90, 0]
						},
						"3.3667": {
							"vector": [0, 0, 0]
						}
					},
					"position": {
						"0.0": {
							"vector": [0, 0, 0]
						},
						"0.5333": {
							"vector": [0, 0, 0]
						},
						"0.8": {
							"vector": [2, 0, -0.5]
						},
						"0.9": {
							"vector": [2, 0, -0.5]
						},
						"1.0": {
							"vector": [2, 0, -0.5]
						},
						"1.0667": {
							"vector": [2, 0, -0.5]
						},
						"1.5333": {
							"vector": [15, -17, 2.5]
						},
						"1.6667": {
							"vector": [15, -17, 2.5]
						},
						"2.1": {
							"vector": [4.77, -3.47, -4.47]
						},
						"2.3": {
							"vector": [3.15, 0.3, -0.59]
						},
						"2.4333": {
							"vector": [2, 0, -0.5]
						},
						"3.0": {
							"vector": [2, 0, -0.5]
						},
						"3.3667": {
							"vector": [0, 0, 0]
						}
					}
				},
				"spinny": {
					"rotation": {
						"0.5333": {
							"vector": [0, 0, 0]
						},
						"0.8333": {
							"vector": [0, 0, 167.5]
						},
						"2.9333": {
							"vector": [0, 0, 167.5]
						},
						"3.4": {
							"vector": [0, 0, 0]
						}
					}
				},
				"bone": {
					"rotation": {
						"0.5333": {
							"vector": [0, 0, 0]
						},
						"0.8": {
							"vector": [0, -90, 0]
						},
						"0.9": {
							"vector": [0, -87.5, 0]
						},
						"1.0": {
							"vector": [0, -90, 0]
						},
						"3.0": {
							"vector": [0, -90, 0]
						},
						"3.3667": {
							"vector": [0, 0, 0]
						}
					},
					"position": {
						"0.5333": {
							"vector": [0, 0, 0]
						},
						"0.8": {
							"vector": [1.5, 0, 0]
						},
						"0.9": {
							"vector": [1.5, 0, 0]
						},
						"1.0": {
							"vector": [1.5, 0, 0]
						},
						"3.0": {
							"vector": [1.5, 0, 0]
						},
						"3.3667": {
							"vector": [0, 0, 0]
						}
					}
				}
			},
			"sound_effects": {
				"0.3333": {
					"effect": "foley_start"
				},
				"1.0667": {
					"effect": "magout1"
				},
				"1.5333": {
					"effect": "foley_end"
				},
				"2.4667": {
					"effect": "magout2"
				},
				"3.2333": {
					"effect": "close"
				}
			}
		},
		"animation.model.reload": {
			"loop": true,
			"animation_length": 3.8,
			"bones": {
				"main": {
					"rotation": {
						"0.0": {
							"vector": [0, 0, 0]
						},
						"0.1667": {
							"vector": [-5.21485, -2.95862, -15.29475]
						},
						"0.4": {
							"vector": [-6.24711, -1.203, -0.38662]
						},
						"0.5333": {
							"vector": [-6.11401, -0.24184, -2.94553]
						},
						"0.6667": {
							"vector": [-5.5641, -3.67217, -16.73407]
						},
						"0.8": {
							"vector": [-9.75441, -6.73213, -23.27764]
						},
						"1.1667": {
							"vector": [-9.33799, -0.42151, 13.78886]
						},
						"1.3": {
							"vector": [-6.47842, 0.31759, 13.71733]
						},
						"1.6333": {
							"vector": [-2.89552, 0.37997, 7.43068]
						},
						"1.9667": {
							"vector": [0.65978, 0.18913, -3.84963]
						},
						"2.1": {
							"vector": [0, 0, 0]
						},
						"2.4": {
							"vector": [0, 0, -10]
						},
						"2.7667": {
							"vector": [0, 0, -7.5]
						},
						"3.1333": {
							"vector": [0, 0, 2.5]
						},
						"3.3333": {
							"vector": [0, 0, -5]
						},
						"3.6": {
							"vector": [0, 0, 0]
						}
					},
					"position": {
						"0.0": {
							"vector": [0, 0, 0]
						},
						"0.0667": {
							"vector": [-0.575, 0, 0]
						},
						"0.1667": {
							"vector": [-0.38, 0.875, 0.35]
						},
						"0.3": {
							"vector": [-0.705, -0.5, -0.675]
						},
						"0.4333": {
							"vector": [-1.2, -2.62, -1.475]
						},
						"0.6": {
							"vector": [-0.705, -1.9, -1.575]
						},
						"0.7333": {
							"vector": [-0.55, -1.27, -3.6]
						},
						"0.8667": {
							"vector": [-0.7, -0.55, -1.85]
						},
						"0.9667": {
							"vector": [-0.85, -0.45, -1.3]
						},
						"1.0333": {
							"vector": [-1.025, -0.475, -1.3]
						},
						"1.1333": {
							"vector": [-1.075, -0.2, -1.3]
						},
						"1.2": {
							"vector": [-1.575, 0.5, -0.775]
						},
						"1.3": {
							"vector": [-1.075, -0.225, -1.025]
						},
						"1.4333": {
							"vector": [-0.43, -0.51, -0.98]
						},
						"1.5333": {
							"vector": [-0.505, -0.985, -1.855]
						},
						"1.6333": {
							"vector": [-0.965, -0.92, -1.73]
						},
						"1.8": {
							"vector": [-0.23, -0.81, -2.13]
						},
						"1.9333": {
							"vector": [0.34, -0.865, -2.46]
						},
						"2.0333": {
							"vector": [0, 0, 0]
						},
						"2.3": {
							"vector": [2, 0, 1.23]
						},
						"2.4667": {
							"vector": [0, 0, 2]
						},
						"2.7": {
							"vector": [0, 0, 0]
						},
						"2.9": {
							"vector": [1, 0, 1]
						},
						"3.1": {
							"vector": [0, 0, 2]
						},
						"3.6": {
							"vector": [0, 0, 0]
						}
					}
				},
				"leftarm": {
					"rotation": {
						"0.0": {
							"vector": [0, 0, 0]
						},
						"0.2": {
							"vector": [0, 0, 0]
						},
						"0.4333": {
							"vector": [-24.95339, -40.87182, 18.07901]
						},
						"0.5333": {
							"vector": [-26.0756, -35.68574, 7.4134]
						},
						"0.6": {
							"vector": [-26.0756, -35.68574, 7.4134]
						},
						"0.7333": {
							"vector": [-6.0756, -35.68574, 7.4134]
						},
						"0.9333": {
							"vector": [-24.11782, -47.28201, 19.87682]
						},
						"1.0": {
							"vector": [-6.08, -35.69, 7.41]
						},
						"1.0667": {
							"vector": [-6.08, -35.69, 7.41]
						},
						"1.5333": {
							"vector": [-6.08, -35.69, 7.41]
						},
						"1.6667": {
							"vector": [-6.08, -35.69, 7.41]
						},
						"2.3": {
							"vector": [-6.08, -35.69, 7.41]
						},
						"2.4333": {
							"vector": [-6.08, -35.69, 7.41]
						},
						"2.6667": {
							"vector": [-31.08, -35.69, 7.41]
						},
						"3.0": {
							"vector": [-19.9592, -31.00289, 0.52532]
						},
						"3.3667": {
							"vector": [-4.69883, -22.87206, -5.92136]
						},
						"3.4333": {
							"vector": [-4.69883, -22.87206, -5.92136]
						},
						"3.7333": {
							"vector": [0, 0, 0]
						}
					},
					"position": {
						"0.0": {
							"vector": [0, 0, 0]
						},
						"0.2": {
							"vector": [0, 0, 0]
						},
						"0.4333": {
							"vector": [2, -4, 3]
						},
						"0.5333": {
							"vector": [2, -4, 10]
						},
						"0.6": {
							"vector": [2, -4, 10]
						},
						"0.7333": {
							"vector": [2, -7, 2]
						},
						"0.9333": {
							"vector": [-1, -2, 6]
						},
						"1.0": {
							"vector": [2, 3, 10]
						},
						"1.0667": {
							"vector": [2, 3, 10]
						},
						"1.5333": {
							"vector": [13, -19, 12]
						},
						"1.6667": {
							"vector": [13, -19, 12]
						},
						"2.1": {
							"vector": [3, -5, 6]
						},
						"2.3": {
							"vector": [3, 1, 10]
						},
						"2.4333": {
							"vector": [1, 2, 10]
						},
						"2.6667": {
							"vector": [8, 2, 11]
						},
						"3.0": {
							"vector": [8, 3, 9]
						},
						"3.3667": {
							"vector": [1, 5, 3]
						},
						"3.4333": {
							"vector": [1, 5, 3]
						},
						"3.7333": {
							"vector": [0, 0, 0]
						}
					}
				},
				"magazine": {
					"rotation": {
						"0.0": {
							"vector": [0, 0, 0]
						},
						"0.5333": {
							"vector": [0, 0, 0]
						},
						"0.8": {
							"vector": [0, -90, 0]
						},
						"0.9": {
							"vector": [0, -87.5, 0]
						},
						"1.0": {
							"vector": [0, -90, 0]
						},
						"1.0667": {
							"vector": [0, -90, 0]
						},
						"1.5333": {
							"vector": [0, -90, 22.5]
						},
						"1.6667": {
							"vector": [0, -90, 22.5]
						},
						"2.1": {
							"vector": [0, -90, 15.19]
						},
						"2.4333": {
							"vector": [0, -90, 0]
						},
						"3.0": {
							"vector": [0, -90, 0]
						},
						"3.3667": {
							"vector": [0, 0, 0]
						}
					},
					"position": {
						"0.0": {
							"vector": [0, 0, 0]
						},
						"0.5333": {
							"vector": [0, 0, 0]
						},
						"0.8": {
							"vector": [2, 0, -0.5]
						},
						"0.9": {
							"vector": [2, 0, -0.5]
						},
						"1.0": {
							"vector": [2, 0, -0.5]
						},
						"1.0667": {
							"vector": [2, 0, -0.5]
						},
						"1.5333": {
							"vector": [15, -17, 2.5]
						},
						"1.6667": {
							"vector": [15, -17, 2.5]
						},
						"2.1": {
							"vector": [4.77, -3.47, -4.47]
						},
						"2.3": {
							"vector": [3.15, 0.3, -0.59]
						},
						"2.4333": {
							"vector": [2, 0, -0.5]
						},
						"3.0": {
							"vector": [2, 0, -0.5]
						},
						"3.3667": {
							"vector": [0, 0, 0]
						}
					}
				},
				"bone": {
					"rotation": {
						"0.5333": {
							"vector": [0, 0, 0]
						},
						"0.8": {
							"vector": [0, -90, 0]
						},
						"0.9": {
							"vector": [0, -87.5, 0]
						},
						"1.0": {
							"vector": [0, -90, 0]
						},
						"3.0": {
							"vector": [0, -90, 0]
						},
						"3.3667": {
							"vector": [0, 0, 0]
						}
					},
					"position": {
						"0.5333": {
							"vector": [0, 0, 0]
						},
						"0.8": {
							"vector": [1.5, 0, 0]
						},
						"0.9": {
							"vector": [1.5, 0, 0]
						},
						"1.0": {
							"vector": [1.5, 0, 0]
						},
						"3.0": {
							"vector": [1.5, 0, 0]
						},
						"3.3667": {
							"vector": [0, 0, 0]
						}
					}
				},
				"spinny": {
					"rotation": {
						"0.5333": {
							"vector": [0, 0, 0]
						},
						"0.8333": {
							"vector": [0, 0, 167.5]
						},
						"2.9333": {
							"vector": [0, 0, 167.5]
						},
						"3.4": {
							"vector": [0, 0, 0]
						}
					}
				}
			},
			"sound_effects": {
				"0.4333": {
					"effect": "foley_start"
				},
				"1.1667": {
					"effect": "magout1"
				},
				"1.6333": {
					"effect": "foley_end"
				},
				"2.5667": {
					"effect": "magout2"
				},
				"3.3333": {
					"effect": "close"
				}
			}
		}
	},
	"geckolib_format_version": 2
}