{
  "loader": "forge:separate_transforms",
  "gui_light": "front",
  "base":
{
  "credit": "Made with Blockbench",
  "parent": "builtin/entity",
  "texture_size": [
    128,
    128
  ],
  "display": {
    "thirdperson_righthand": {
      "translation": [
        0.25,
        -8.5,
        2.75
      ],
      "scale": [
        0.5,
        0.5,
        0.5
      ]
    },
    "thirdperson_lefthand": {
      "translation": [
        0.25,
        -8.5,
        2.75
      ],
      "scale": [
        0.5,
        0.5,
        0.5
      ]
    },
    "firstperson_righthand": {
      "rotation": [
        0,
        0,
        3.5
      ],
      "translation": [
        0,
        -26,
        -7
      ]
    },
    "firstperson_lefthand": {
      "rotation": [
        0,
        0,
        3.5
      ],
      "translation": [
        0,
        -26,
        -6
      ]
    },
    "ground": {
      "translation": [
        0,
        -3.75,
        3.5
      ],
      "scale": [
        0.3,
        0.3,
        0.3
      ]
    },
    "gui": {
      "rotation": [
        44,
        50,
        -40
      ],
      "translation": [
        -2,
        -7.5,
        0
      ],
      "scale": [
        0.38,
        0.38,
        0.38
      ]
    },
    "fixed": {
      "rotation": [
        180,
        -90,
        180
      ],
      "translation": [
        -2,
        -10.25,
        -1
      ],
      "scale": [
        0.62,
        0.62,
        0.62
      ]
    }
  }
},
"perspectives": {
  "gui": {
    "parent": "item/generated",
    "textures": {
      "layer0": "pointblank:item/x_surge.icon"
    }
  }
}
}