{
    "name": "automationcomponent",
    "type": "Attachment",
    "category": "mode",
    "groups": [
    "kp_automation_group",
    "kp_allkit_group"
    ],
    "features": [
        {
            "type": "FireMode",
            "fireModes": [
            {
            "name": "automatic",
            "displayName": "label.pointblank.fireMode.automatic",
            "type": "AUTOMATIC",
            "pelletCount" : 1,
            "pelletSpread" : 0.05,
            "isUsingDefaultMuzzle": true,
            "animationName": "animation.model.animationname"
            }
            ]
           }
        ]
       }
    