{
    "name": "burstcomponent",
    "type": "Attachment",
    "category": "mode",
    "groups": [
    "kp_burst_group",
    "kp_allkit_group"
    ],
    "features": [
        {
            "type": "FireMode",
            "fireModes": [
            {
            "name": "burst",
            "displayName": "label.pointblank.fireMode.burst",
            "type": "BURST",
            "burstShots": 3,
            "pelletCount" : 1,
            "pelletSpread" : 0.04,
            "isUsingDefaultMuzzle": true,
            "animationName": "animation.model.animationname"
            }
            ]
           }
        ]
       }
    