{
    "name": "canisterconverter",
    "type": "Attachment",
    "category": "mode",
    "groups": [
    "kp_canister_group",
    "kp_allkit_group"
    ],
    "features": [
        {
            "type": "FireMode",
            "fireModes": [
            {
            "name": "single",
            "displayName": "label.pointblank.fireMode.slugshot",
            "type": "SINGLE",
            "ammo": "copperslug",
            "damage": "12",
            "maxAmmoCapacity": 4,
            "isUsingDefaultMuzzle": true,
            "animationName": "animation.model.animationname"
            }
            ]
           }
        ]
       }
    