{
  "name" : "cr_meteor_fist",
  "type": "Gun",
  "maxAmmoCapacity" : 1,
  "compatibleAmmo" : ["cased_telescoped_ammunition"],
  "pelletCount" : 1,
  "pelletSpread" : 0.001,
  "damage" : 35.0,
  "rpm" : 120,
  "maxShootingDistance":"50",
  "fireModes" : ["SINGLE"],
  "fireSound" : "cta",
  "drawCooldownDuration" : 1350,
  "gunRecoilInitialAmplitude" : 2.8,
  "shakeRecoilAmplitude" : 0.45,
  "shakeRecoilSpeed" : 1,
  "viewRecoilAmplitude" : 1,
  "inspectCooldownDuration": 4270,
  "aimingEnabled": true,
  "aimingzoom" : 0.1,
  "scopeOverlay" : "textures/gui/kp_longscope.png",
  "bobbing": 0.7,
  "bobbingOnAim": 0.15,
  "phasedReloads": [
    {
      "phase": "RELOADING",
      "condition": "reloadIterationIndex == 0",
      "duration": 2800,
      "animation": "animation.model.reloadempty",
      "shakeEffects": [
        {
          "start": 0,
          "duration": 1500,
          "initialAmplitude": 0.2,
          "rateOfAmplitudeDecay": 0.8
        },
        {
          "start": 250,
          "duration": 1000,
          "initialAmplitude": 0.2,
          "rateOfAmplitudeDecay": 0.5
        },
        {
          "start": 800,
          "duration": 1000,
          "initialAmplitude": 0.15,
          "rateOfAmplitudeDecay": 0.5
        },
        {
          "start": 1100,
          "duration": 600,
          "initialAmplitude": 0.2,
          "rateOfAmplitudeDecay": 0.3
        },
        {
          "start": 1600,
          "duration": 400,
          "initialAmplitude": 0.35,
          "rateOfAmplitudeDecay": 0.3
        }
      ]
    }
  ],
  "effects": [
    { 
      "phase": "hit_scan_acquired",
      "name": "cta_tracer"
      }
    ]
}