{
  "name" : "e_spark",
  "type": "Gun",
  "maxAmmoCapacity" : 50,
  "compatibleAmmo" : ["hotmagiccore"],
  "pelletCount" : 1,
  "pelletSpread" : 0.04,
  "damage" : 4,
  "rpm" : 500,
  "maxShootingDistance":"30",
  "fireModes" : ["SINGLE"],
  "fireSound" : "magicbullet",
  "drawCooldownDuration" : 650,
  "gunRecoilInitialAmplitude" : 1,
  "shakeRecoilAmplitude" : 0.39,
  "shakeRecoilSpeed" : 1,
  "viewRecoilAmplitude" : 2,
  "inspectCooldownDuration": 3700,
  "bobbing": 0.2,
  "bobbingOnAim": 0.1,
  "prepareFireCooldownDuration": 250,
  "compatibleAttachmentGroups": [
    "kp_shortscope_group",
    "kp_grip_group",
    "kp_downrail_group",
    "kp_burst_group",
    "kp_automation_group"
    ],
    "glowingParts": [
      {
        "name": "glowy" 
      },
      {
        "name": "magazine" 
      }
    ],
    "rotations": [
    {
      "phase": "fire",
      "modelPart": "spinny",
      "rpm": 350,
      "acceleration": 4.0,
      "deceleration": 1
    }
  ],
    "features": [
      {
        "type": "Damage",
        "hitScanDamageModifier": 0.8,
        "condition": {
        "selectedFireMode": "BURST"
    }
       },
       {
        "type": "Damage",
        "hitScanDamageModifier": 0.6,
        "condition": {
        "selectedFireMode": "AUTOMATIC"
    }
       },
  {
    "type": "Aiming",
    "zoom": 0.1,
    "condition": {
    "doesNotHaveAttachmentGroup": "kp_allscope_group"
    }
    },
 {
 "type": "MuzzleFlash",
 "effects": [
         { 
     "phase": "firing",
     "name": "kp_magic_flash"
     }
 ]
}
 ],
  "phasedReloads": [
    {
      "phase": "RELOADING",
      "condition": "reloadIterationIndex == 0",
      "duration": 4030,
      "animation": "animation.model.reloadempty",
      "shakeEffects": [
        {
          "start": 0,
          "duration": 1500,
          "initialAmplitude": 0.2,
          "rateOfAmplitudeDecay": 0.8
        },
        {
          "start": 250,
          "duration": 1000,
          "initialAmplitude": 0.2,
          "rateOfAmplitudeDecay": 0.5
        },
        {
          "start": 800,
          "duration": 1000,
          "initialAmplitude": 0.15,
          "rateOfAmplitudeDecay": 0.5
        },
        {
          "start": 1100,
          "duration": 600,
          "initialAmplitude": 0.2,
          "rateOfAmplitudeDecay": 0.3
        },
        {
          "start": 1600,
          "duration": 400,
          "initialAmplitude": 0.35,
          "rateOfAmplitudeDecay": 0.3
        }
      ]
    },
    {
      "phase": "RELOADING",
      "condition": "reloadIterationIndex > 0",
      "duration": 4030,
      "animation": "animation.model.reload",						
      "shakeEffects": [
        {
          "start": 0,
          "duration": 1500,
          "initialAmplitude": 0.2,
          "rateOfAmplitudeDecay": 0.8
        },
        {
          "start": 600,
          "duration": 1000,
          "initialAmplitude": 0.15,
          "rateOfAmplitudeDecay": 0.5
        },
        {
          "start": 900,
          "duration": 800,
          "initialAmplitude": 0.17,
          "rateOfAmplitudeDecay": 0.5
        },
        {
          "start": 1000,
          "duration": 400,
          "initialAmplitude": 0.22,
          "rateOfAmplitudeDecay": 0.6
        }
      ]
    }
  ],
  "effects": [
    { 
      "phase": "hit_scan_acquired",
      "name": "magic_tracer"
      }
    ]
}