{
  "name" : "st_snake_strike",
  "type": "Gun",
  "maxAmmoCapacity" : 2,
  "maxAmmoPerReloadIteration" : 2,
  "compatibleAmmo" : ["dart"],
  "pelletCount" : 1,
  "pelletSpread" : 0.05,
  "damage" : 12.0,
  "rpm" : 68,
  "maxShootingDistance":"50",
  "fireModes" : ["SINGLE"],
  "fireSound" : "steamshot8",
  "drawCooldownDuration" : 650,
  "aimingZoom" : 0.9,
  "gunRecoilInitialAmplitude" : 0.9,
  "shakeRecoilAmplitude" : 0.48,
  "shakeRecoilSpeed" : 1,
  "viewRecoilAmplitude" : 2,
  "inspectCooldownDuration": 4270,
  "bobbing": 0.3,
  "bobbingOnAim": 0.15,
  "prepareFireCooldownDuration": 1000,
  "compatibleAttachmentGroups": [
    "kp_shortscope_group",
    "kp_longscope_group",
    "kp_grip_group",
    "kp_downrail_group",
    "kp_calibrator_group",
    "kp_absorber_group",
     "kp_gassuppressor_group"
    ],
    "rotations": [
    {
      "phase": "fire",
      "modelPart": "spinny",
      "rpm": 300,
      "acceleration": 3.0,
      "deceleration": 1
    }
  ],
    "features": [
  {
    "type": "Aiming",
    "zoom": 0.1,
    "condition": {
    "doesNotHaveAttachmentGroup": "kp_allscope_group"
    }
    },
    {
    "type": "Sound",
    "fireSound": "aug_silenced",
    "fireSoundVolume": 1,
    "condition": {
    "allOf": [
    {
    "hasAttachmentGroup": "kp_allsuppressor_group"
    }
    ]
    }
    }
 ],
  "phasedReloads": [
    {
      "phase": "RELOADING",
      "condition": "reloadIterationIndex == 0",
      "duration": 2400,
      "animation": "animation.model.reloadempty",
      "shakeEffects": [
        {
          "start": 0,
          "duration": 1500,
          "initialAmplitude": 0.2,
          "rateOfAmplitudeDecay": 0.8
        },
        {
          "start": 250,
          "duration": 1000,
          "initialAmplitude": 0.2,
          "rateOfAmplitudeDecay": 0.5
        },
        {
          "start": 800,
          "duration": 1000,
          "initialAmplitude": 0.15,
          "rateOfAmplitudeDecay": 0.5
        },
        {
          "start": 1100,
          "duration": 600,
          "initialAmplitude": 0.2,
          "rateOfAmplitudeDecay": 0.3
        },
        {
          "start": 1600,
          "duration": 400,
          "initialAmplitude": 0.35,
          "rateOfAmplitudeDecay": 0.3
        }
      ]
    },
    {
      "phase": "RELOADING",
      "condition": "reloadIterationIndex > 0",
      "duration": 2400,
      "animation": "animation.model.reload",						
      "shakeEffects": [
        {
          "start": 0,
          "duration": 1500,
          "initialAmplitude": 0.2,
          "rateOfAmplitudeDecay": 0.8
        },
        {
          "start": 600,
          "duration": 1000,
          "initialAmplitude": 0.15,
          "rateOfAmplitudeDecay": 0.5
        },
        {
          "start": 900,
          "duration": 800,
          "initialAmplitude": 0.17,
          "rateOfAmplitudeDecay": 0.5
        },
        {
          "start": 1000,
          "duration": 400,
          "initialAmplitude": 0.22,
          "rateOfAmplitudeDecay": 0.6
        }
      ]
    }
  ],
  "effects": [
    { 
      "phase": "hit_scan_acquired",
      "name": "st_tracer"
      }
    ]
}