{
  "name" : "st_stifle",
  "type": "Gun",
  "maxAmmoCapacity" : 90,
  "compatibleAmmo" : ["dart"],
  "pelletCount" : 1,
  "pelletSpread" : 0.02,
  "damage" : 4.0,
  "rpm" : 500,
  "maxShootingDistance":"35",
  "fireModes" : ["SINGLE"],
  "fireSound" : "steamshot9",
  "drawCooldownDuration" : 1250,
  "aimingZoom" : 0.25,
  "gunRecoilInitialAmplitude" : 1.3,
  "shakeRecoilAmplitude" : 0.39,
  "shakeRecoilSpeed" : 1,
  "viewRecoilAmplitude" : 2,
  "inspectCooldownDuration": 3700,
  "muzzleFlashScale" : 0.001,
  "prepareFireCooldownDuration": 1000,
  "completeFireCooldownDuration": 10,
  "bobbing": 0.7,
  "bobbingOnAim": 0.25,
  "compatibleAttachmentGroups": [
    "kp_sidescope_group",
    "kp_burst_group",
    "kp_calibrator_group",
    "kp_absorber_group",
    "kp_automation_group"
    ],
    "features": [
      {
        "type": "Damage",
        "hitScanDamageModifier": 0.8,
        "condition": {
        "selectedFireMode": "BURST"
    }
       },
       {
        "type": "Damage",
        "hitScanDamageModifier": 0.6,
        "condition": {
        "selectedFireMode": "AUTOMATIC"
    }
       },
  {
    "type": "Aiming",
    "zoom": 0.1,
    "condition": {
    "doesNotHaveAttachmentGroup": "kp_allscope_group"
    }
    },
 {
 "type": "Sound",
 "fireSound": "aug_silenced",
 "fireSoundVolume": 1,
 "condition": {
 "allOf": [
 {
 "hasAttachmentGroup": "kp_allsuppressor_group"
 }
 ]
 }
 }
 ],
 "rotations": [
    {
      "phase": "fire",
      "modelPart": "cogfire",
      "rpm": 300,
      "acceleration": 3.0,
      "deceleration": 1
    }
  ],
  "phasedReloads": [
    {
      "phase": "RELOADING",
      "condition": "reloadIterationIndex == 0",
      "duration": 5000,
      "animation": "animation.model.reloadempty",
      "shakeEffects": [
        {
          "start": 0,
          "duration": 1500,
          "initialAmplitude": 0.2,
          "rateOfAmplitudeDecay": 0.8
        },
        {
          "start": 250,
          "duration": 1000,
          "initialAmplitude": 0.2,
          "rateOfAmplitudeDecay": 0.5
        },
        {
          "start": 800,
          "duration": 1000,
          "initialAmplitude": 0.15,
          "rateOfAmplitudeDecay": 0.5
        },
        {
          "start": 1100,
          "duration": 600,
          "initialAmplitude": 0.2,
          "rateOfAmplitudeDecay": 0.3
        },
        {
          "start": 1600,
          "duration": 400,
          "initialAmplitude": 0.35,
          "rateOfAmplitudeDecay": 0.3
        }
      ]
    },
    {
      "phase": "RELOADING",
      "condition": "reloadIterationIndex > 0",
      "duration": 5000,
      "animation": "animation.model.reload",						
      "shakeEffects": [
        {
          "start": 0,
          "duration": 1500,
          "initialAmplitude": 0.2,
          "rateOfAmplitudeDecay": 0.8
        },
        {
          "start": 600,
          "duration": 1000,
          "initialAmplitude": 0.15,
          "rateOfAmplitudeDecay": 0.5
        },
        {
          "start": 900,
          "duration": 800,
          "initialAmplitude": 0.17,
          "rateOfAmplitudeDecay": 0.5
        },
        {
          "start": 1000,
          "duration": 400,
          "initialAmplitude": 0.22,
          "rateOfAmplitudeDecay": 0.6
        }
      ]
    }
  ],
  "effects": [
    { 
      "phase": "hit_scan_acquired",
      "name": "st_tracer"
      }
    ]
}