{
  "name" : "st_sandstorm",
  "type": "Gun",
  "maxAmmoCapacity" : 36,
  "compatibleAmmo" : ["dart"],
  "pelletCount" : 1,
  "pelletSpread" : 0.05,
  "damage" : 2.5,
  "rpm" : 900,
  "maxShootingDistance":"35",
  "fireModes" : ["SINGLE"],
  "fireSound" : "steamshot11",
  "drawCooldownDuration" : 650,
  "aimingZoom" : 0.35,
  "gunRecoilInitialAmplitude" : 0.6,
  "shakeRecoilAmplitude" : 0.48,
  "shakeRecoilSpeed" : 1.7,
  "viewRecoilAmplitude" : 2,
  "inspectCooldownDuration": 4270,
  "bobbing": 0.3,
  "bobbingOnAim": 0.15,
  "completeFireCooldownDuration": 10,
  "compatibleAttachmentGroups": [
    "kp_shortscope_group",
    "kp_longscope_group",
    "kp_grip_group",
    "kp_downrail_group",
    "kp_burst_group",
    "kp_calibrator_group",
    "kp_absorber_group",
    "kp_automation_group"
    ],
    "rotations": [
    {
      "phase": "fire",
      "modelPart": "spinny",
      "rpm": 300,
      "acceleration": 4.0,
      "deceleration": 1
    }
  ],
    "features": [
      {
        "type": "Damage",
        "hitScanDamageModifier": 0.5,
        "condition": {
        "selectedFireMode": "BURST"
    }
       },
       {
        "type": "Damage",
        "hitScanDamageModifier": 0.4,
        "condition": {
        "selectedFireMode": "AUTOMATIC"
    }
       },
  {
    "type": "Aiming",
    "zoom": 0.1,
    "condition": {
    "doesNotHaveAttachmentGroup": "kp_allscope_group"
    }
    },
 {
 "type": "Sound",
 "fireSound": "aug_silenced",
 "fireSoundVolume": 1,
 "condition": {
 "allOf": [
 {
 "hasAttachmentGroup": "kp_allsuppressor_group"
 }
 ]
 }
 }
 ],
  "phasedReloads": [
    {
      "phase": "RELOADING",
      "condition": "reloadIterationIndex == 0",
      "duration": 2400,
      "animation": "animation.model.reloadempty",
      "shakeEffects": [
        {
          "start": 0,
          "duration": 1500,
          "initialAmplitude": 0.2,
          "rateOfAmplitudeDecay": 0.8
        },
        {
          "start": 250,
          "duration": 1000,
          "initialAmplitude": 0.2,
          "rateOfAmplitudeDecay": 0.5
        },
        {
          "start": 800,
          "duration": 1000,
          "initialAmplitude": 0.15,
          "rateOfAmplitudeDecay": 0.5
        },
        {
          "start": 1100,
          "duration": 600,
          "initialAmplitude": 0.2,
          "rateOfAmplitudeDecay": 0.3
        },
        {
          "start": 1600,
          "duration": 400,
          "initialAmplitude": 0.35,
          "rateOfAmplitudeDecay": 0.3
        }
      ]
    },
    {
      "phase": "RELOADING",
      "condition": "reloadIterationIndex > 0",
      "duration": 1730,
      "animation": "animation.model.reload",						
      "shakeEffects": [
        {
          "start": 0,
          "duration": 1500,
          "initialAmplitude": 0.2,
          "rateOfAmplitudeDecay": 0.8
        },
        {
          "start": 600,
          "duration": 1000,
          "initialAmplitude": 0.15,
          "rateOfAmplitudeDecay": 0.5
        },
        {
          "start": 900,
          "duration": 800,
          "initialAmplitude": 0.17,
          "rateOfAmplitudeDecay": 0.5
        },
        {
          "start": 1000,
          "duration": 400,
          "initialAmplitude": 0.22,
          "rateOfAmplitudeDecay": 0.6
        }
      ]
    }
  ],
  "effects": [
    { 
      "phase": "hit_scan_acquired",
      "name": "st_tracer"
      }
    ]
}