{
  "name" : "x_guard",
  "type": "Gun",
  "maxAmmoCapacity" : 10,
  "maxAmmoPerReloadIteration" : 1,
  "compatibleAmmo" : ["whistle_max"],
  "pelletCount" : 1,
  "pelletSpread" : 0.02,
  "damage" : 16,
  "rpm" : 100,
  "maxShootingDistance":"50",
  "reloadCooldownDuration" : 1100,
  "fireModes" : ["SINGLE"],
  "fireSound" : "steamshot4",
  "drawCooldownDuration" : 800,
  "aimingZoom" : 0.1,
  "gunRecoilInitialAmplitude" : 0.8,
  "shakeRecoilAmplitude" : 0.65,
  "shakeRecoilSpeed" : 2.5,
  "viewRecoilAmplitude" : 5,
  "inspectCooldownDuration" : 4270,
  "bobbing": 0.3,
  "bobbingOnAim": 0.15,
  "compatibleAttachmentGroups": [
    "kp_shortscope_group",
    "kp_longscope_group",
    "kp_grip_group",
    "kp_downrail_group",
    "kp_calibrator_group",
    "kp_absorber_group",
    "kp_barrel_group"
    ],
    "rotations": [
    {
      "phase": "fire",
      "modelPart": "spinny",
      "rpm": 300,
      "acceleration": 3.0,
      "deceleration": 1
    }
  ],
    "features": [
  {
    "type": "Aiming",
    "zoom": 0.1,
    "condition": {
    "doesNotHaveAttachmentGroup": "kp_allscope_group"
    }
    },
 {
 "type": "MuzzleFlash",
 "effects": [
         { 
     "phase": "firing",
     "name": "kp_wflash_small"
     }
 ],
 "condition": {
 "allOf": [
 {
 "isUsingDefaultMuzzle": true
 },
 {
 "doesNotHaveAttachmentGroup": "kp_allsuppressor_group"
 }
 ]
 }
 },
 {
 "type": "Sound",
 "fireSound": "aug_silenced",
 "fireSoundVolume": 1,
 "condition": {
 "allOf": [
 {
 "hasAttachmentGroup": "kp_allsuppressor_group"
 }
 ]
 }
 }
 ],
  "phasedReloads": [
    {
      "phase": "PREPARING",
      "condition": "reloadIterationIndex >= -1",
      "duration": 450,
      "animation": "animation.model.prepare"
    },
    {
      "phase": "RELOADING",
      "condition": "reloadIterationIndex >= 0",
      "duration": 1100,
      "animation": "animation.model.chamberload",						
      "shakeEffects": [
        {
          "start": 0,
          "duration": 1000,
          "initialAmplitude": 0.1,
          "rateOfAmplitudeDecay": 0.8
        },
        {
          "start": 400,
          "duration": 600,
          "initialAmplitude": 0.2,
          "rateOfAmplitudeDecay": 0.5
        }
      ]
    },
    {
      "phase": "COMPLETETING",
      "condition": "reloadIterationIndex >= 0",
      "duration": 330,
      "animation": "animation.model.finish"
    }
  ],
  "effects": [
    { 
      "phase": "hit_scan_acquired",
      "name": "tracerminigun"
      }
    ]
}