{
  "name" : "x_medusa",
  "type": "Gun",
  "maxAmmoCapacity" : 16,
  "compatibleAmmo" : ["dartsheaf"],
  "pelletCount" : 5,
  "pelletSpread" : 0.06,
  "damage" : 2.0,
  "rpm" : 500,
  "maxShootingDistance":"30",
  "fireModes" : ["SINGLE"],
  "fireSound" : "steamshot6",
  "drawCooldownDuration" : 650,
  "aimingZoom" : 0.25,
  "gunRecoilInitialAmplitude" : 1,
  "shakeRecoilAmplitude" : 0.38,
  "shakeRecoilSpeed" : 2,
  "viewRecoilAmplitude" : 2,
  "inspectCooldownDuration": 4270,
  "bobbing": 0.3,
  "bobbingOnAim": 0.2,
  "prepareFireCooldownDuration": 1000,
  "completeFireCooldownDuration": 10,
  "compatibleAttachmentGroups": [
    "kp_sidescope_group",
    "kp_grip_group",
    "kp_downrail_group",
    "kp_burst_group",
    "kp_calibrator_group",
    "kp_absorber_group",
    "kp_automation_group"
    ],
    "rotations": [
    {
      "phase": "fire",
      "modelPart": "spinny",
      "rpm": 300,
      "acceleration": 3.0,
      "deceleration": 1
    }
  ],
    "features": [
      {
        "type": "Damage",
        "hitScanDamageModifier": 0.4,
        "condition": {
        "selectedFireMode": "BURST"
    }
       },
       {
        "type": "Damage",
        "hitScanDamageModifier": 0.3,
        "condition": {
        "selectedFireMode": "AUTOMATIC"
    }
       },
  {
    "type": "Aiming",
    "zoom": 0.1,
    "condition": {
    "doesNotHaveAttachmentGroup": "kp_allscope_group"
    }
    }
 ],
  "phasedReloads": [
    {
      "phase": "RELOADING",
      "condition": "reloadIterationIndex == 0",
      "duration": 2230,
      "animation": "animation.model.reloadempty",
      "shakeEffects": [
        {
          "start": 0,
          "duration": 1500,
          "initialAmplitude": 0.2,
          "rateOfAmplitudeDecay": 0.8
        },
        {
          "start": 250,
          "duration": 1000,
          "initialAmplitude": 0.2,
          "rateOfAmplitudeDecay": 0.5
        },
        {
          "start": 800,
          "duration": 1000,
          "initialAmplitude": 0.15,
          "rateOfAmplitudeDecay": 0.5
        },
        {
          "start": 1100,
          "duration": 600,
          "initialAmplitude": 0.2,
          "rateOfAmplitudeDecay": 0.3
        },
        {
          "start": 1600,
          "duration": 400,
          "initialAmplitude": 0.35,
          "rateOfAmplitudeDecay": 0.3
        }
      ]
    },
    {
      "phase": "RELOADING",
      "condition": "reloadIterationIndex > 0",
      "duration": 2230,
      "animation": "animation.model.reload",						
      "shakeEffects": [
        {
          "start": 0,
          "duration": 1500,
          "initialAmplitude": 0.2,
          "rateOfAmplitudeDecay": 0.8
        },
        {
          "start": 600,
          "duration": 1000,
          "initialAmplitude": 0.15,
          "rateOfAmplitudeDecay": 0.5
        },
        {
          "start": 900,
          "duration": 800,
          "initialAmplitude": 0.17,
          "rateOfAmplitudeDecay": 0.5
        },
        {
          "start": 1000,
          "duration": 400,
          "initialAmplitude": 0.22,
          "rateOfAmplitudeDecay": 0.6
        }
      ]
    }
  ]
}