{
	"format_version": "1.12.0",
	"minecraft:geometry": [
		{
			"description": {
				"identifier": "geometry.unknown",
				"texture_width": 32,
				"texture_height": 32,
				"visible_bounds_width": 2,
				"visible_bounds_height": 1.5,
				"visible_bounds_offset": [0, 0.25, 0]
			},
			"bones": [
				{
					"name": "bb_main",
					"pivot": [0, 0, 0],
					"cubes": [
						{"origin": [-2, 0, -3], "size": [4, 4, 3], "uv": [0, 7]},
						{"origin": [-2, 0, 1], "size": [4, 4, 3], "uv": [0, 0]},
						{"origin": [-1.5, 0.5, 0], "size": [3, 3, 1], "uv": [13, 6]}
					]
				}
			]
		}
	]
}