{
	"format_version": "1.12.0",
	"minecraft:geometry": [
		{
			"description": {
				"identifier": "geometry.unknown",
				"texture_width": 256,
				"texture_height": 256,
				"visible_bounds_width": 8,
				"visible_bounds_height": 4,
				"visible_bounds_offset": [0, 1, 0]
			},
			"bones": [
				{
					"name": "main",
					"pivot": [0, 20, 0]
				},
				{
					"name": "gun",
					"parent": "main",
					"pivot": [1, 11, -1],
					"cubes": [
						{"origin": [-1.75, 14.5, -1], "size": [3.5, 5, 6], "uv": [0, 0]},
						{"origin": [-2, 10.33818, 0.91576], "size": [4, 6, 6], "pivot": [0, 10.83818, 3.91576], "rotation": [25, 0, 0], "uv": [55, 73]},
						{"origin": [-2.01, 8.08818, -0.08424], "size": [4.02, 2, 10], "pivot": [0, 12.58818, 2.91576], "rotation": [25, 0, 0], "uv": [64, 21]},
						{"origin": [-2, 11.13259, 10.40354], "size": [4, 2, 7], "uv": [8, 62]},
						{"origin": [-2, 17.88259, 7.65354], "size": [4, 2, 7], "uv": [59, 11]},
						{"origin": [-1.99, 15.62389, 14.35361], "size": [3.98, 7, 2], "pivot": [0, 16.12389, 22.35361], "rotation": [25, 0, 0], "uv": [76, 84]},
						{"origin": [-1.99, 17.12389, 9.85361], "size": [3.98, 7, 2], "pivot": [0, 16.12389, 22.35361], "rotation": [25, 0, 0], "uv": [1, 84]},
						{"origin": [-1.5, 15, -2], "size": [3, 4, 2], "inflate": -0.1, "uv": [59, 60]},
						{"origin": [-1, 16, -5.5], "size": [2, 3, 1], "inflate": -0.1, "pivot": [1.15, 15.05, -4.55], "rotation": [-21, 0, 0], "uv": [0, 0]},
						{"origin": [-1.5, 15, -7], "size": [3, 4, 1], "inflate": -0.1, "uv": [69, 73]},
						{"origin": [-2, 18, -24], "size": [4, 2, 15], "uv": [23, 57]},
						{"origin": [-1.5, 17, -17], "size": [3, 1, 10], "uv": [28, 62]},
						{"origin": [-2, 14, -19], "size": [4, 3, 12], "uv": [0, 88]},
						{"origin": [-2, 18, -9], "size": [4, 2, 2], "uv": [46, 68]},
						{"origin": [-1.99, 19.25565, 1.77859], "size": [3.98, 2, 5], "pivot": [0.01, 20.25565, 4.77859], "rotation": [20, 0, 0], "uv": [0, 11]},
						{"origin": [-1.5, 25, -24], "size": [3, 1, 17], "uv": [26, 0]},
						{"origin": [-3, 20, -12], "size": [6, 5, 3], "uv": [76, 44]},
						{"origin": [2, 19, -23], "size": [1, 8, 4], "uv": [39, 81]},
						{"origin": [-3, 27, -16], "size": [6, 1, 4], "uv": [81, 60]},
						{"origin": [-3, 19, -16], "size": [1, 8, 4], "uv": [49, 0]},
						{"origin": [2, 19, -16], "size": [1, 8, 4], "uv": [0, 54]},
						{"origin": [-3, 19, -23], "size": [1, 8, 4], "uv": [23, 54]},
						{"origin": [-3, 27, -23], "size": [6, 1, 4], "uv": [82, 21]},
						{"origin": [-2, 21, -30], "size": [4, 4, 18], "uv": [0, 0]},
						{"origin": [-3, 20, 2], "size": [5, 5, 1], "uv": [26, 9]},
						{"origin": [-2, 24, -7], "size": [4, 2, 10], "uv": [77, 83]},
						{"origin": [-2.5, 18, -7], "size": [5, 2, 5], "uv": [30, 74]},
						{"origin": [-2.5, 18, -2], "size": [5, 2, 5], "uv": [64, 34]},
						{"origin": [-2, 20, 3], "size": [4, 5, 4], "uv": [26, 0]},
						{"origin": [-3, 20, -6], "size": [1, 5, 8], "uv": [20, 75]},
						{"origin": [-3, 20, -7], "size": [6, 5, 1], "uv": [24, 22]},
						{"origin": [-1.5, 15, -6.5], "size": [3, 1, 5], "inflate": -0.11, "uv": [48, 62]},
						{"origin": [-2, 26, -14], "size": [4, 1, 15], "uv": [66, 5]}
					]
				},
				{
					"name": "spinny",
					"parent": "gun",
					"pivot": [0, 22, -8],
					"cubes": [
						{"origin": [-0.5, 19, -9], "size": [1, 6, 2], "pivot": [0, 22, -8], "rotation": [0, 0, 90], "uv": [56, 21]},
						{"origin": [-0.5, 19, -9], "size": [1, 6, 2], "pivot": [0, 22, -8], "rotation": [0, 0, 45], "uv": [56, 21]},
						{"origin": [-0.5, 19, -9], "size": [1, 6, 2], "uv": [56, 21]},
						{"origin": [-0.5, 19, -9], "size": [1, 6, 2], "pivot": [0, 22, -8], "rotation": [0, 0, -45], "uv": [56, 21]},
						{"origin": [-1.5, 20.5, -9], "size": [3, 3, 2], "uv": [46, 54]}
					]
				},
				{
					"name": "_cb_grip",
					"parent": "gun",
					"pivot": [0, 14, -11.5],
					"cubes": [
						{"origin": [-0.5, 13.5, -12], "size": [1, 1, 1], "uv": [35, 105]}
					]
				},
				{
					"name": "_cb_scope",
					"parent": "gun",
					"pivot": [0, 28.1, -7.65],
					"cubes": [
						{"origin": [-0.5, 26.5, -7.15], "size": [1, 1, 1], "uv": [35, 105]}
					]
				},
				{
					"name": "_cb_barrel",
					"parent": "gun",
					"pivot": [0, 23.375, -35.75],
					"cubes": [
						{"origin": [-0.5, 22.5, -30.5], "size": [1, 1, 1], "uv": [27, 69]}
					]
				},
				{
					"name": "magazine",
					"parent": "main",
					"pivot": [0.5, 22.5, -2],
					"cubes": [
						{"origin": [-1.5, 20, -6], "size": [21, 4, 8], "uv": [87, 26]}
					]
				},
				{
					"name": "bullet",
					"parent": "magazine",
					"pivot": [-0.65, 21.4, -15.7]
				},
				{
					"name": "rightarm",
					"parent": "main",
					"pivot": [-4.3, 9.8, 18.8],
					"rotation": [-101.81106, -12.40003, -2.46982],
					"cubes": [
						{"origin": [-8.3, -14.2, 14.8], "size": [8, 24, 8], "uv": [32, 22]}
					]
				},
				{
					"name": "leftarm",
					"parent": "main",
					"pivot": [9.7, 4.3, 4.4],
					"rotation": [-119.61483, 1.67666, -38.31282],
					"cubes": [
						{"origin": [7.7, -19.7, 1.4], "size": [8, 24, 8], "uv": [0, 22]}
					]
				},
				{
					"name": "muzzleflash",
					"parent": "main",
					"pivot": [0, 22.85, -30.25],
					"cubes": [
						{"origin": [-0.5, 22.35, -30.55], "size": [1, 1, 1], "inflate": -0.4, "uv": [12, 4]}
					]
				},
				{
					"name": "scope",
					"parent": "main",
					"pivot": [0, 29.55, 13.75],
					"cubes": [
						{"origin": [-0.5, 29.05, 13.45], "size": [1, 1, 1], "inflate": -0.4, "uv": [0, 11]}
					]
				}
			]
		}
	]
}