{
	"format_version": "1.12.0",
	"minecraft:geometry": [
		{
			"description": {
				"identifier": "geometry.unknown",
				"texture_width": 128,
				"texture_height": 128,
				"visible_bounds_width": 8,
				"visible_bounds_height": 4,
				"visible_bounds_offset": [0, 1, 0]
			},
			"bones": [
				{
					"name": "main",
					"pivot": [0, 20, 0]
				},
				{
					"name": "gun",
					"parent": "main",
					"pivot": [1, 11, -1],
					"cubes": [
						{"origin": [-1.25, 14.5, -1], "size": [2.5, 4, 5], "uv": [1, 28]},
						{"origin": [-1.5, 9.5, -0.75], "size": [3, 5, 5], "pivot": [1, 13.5, -1], "rotation": [22.5, 0, 0], "uv": [71, 72]},
						{"origin": [-1.5, 6.5, -1], "size": [3, 3, 10], "pivot": [1, 13.5, -1], "rotation": [22.5, 0, 0], "uv": [65, 28]},
						{"origin": [-1.5, 6.5, 9], "size": [3, 8, 4], "pivot": [1, 13.5, -1], "rotation": [22.5, 0, 0], "uv": [0, 0]},
						{"origin": [-1.5, 15, -2], "size": [3, 4, 2], "inflate": -0.1, "uv": [67, 0]},
						{"origin": [-1, 16, -5.5], "size": [2, 3, 1], "inflate": -0.1, "pivot": [1.15, 15.05, -4.55], "rotation": [-21, 0, 0], "uv": [18, 0]},
						{"origin": [-1.5, 15, -7], "size": [3, 4, 1], "inflate": -0.1, "uv": [41, 27]},
						{"origin": [-1.5, 15, -6.5], "size": [3, 1, 5], "inflate": -0.11, "uv": [26, 55]},
						{"origin": [-1.5, 20, 1], "size": [3, 4, 1], "uv": [0, 12]},
						{"origin": [1.5, 18, 8], "size": [1, 7, 6], "uv": [36, 0]},
						{"origin": [-2.5, 18, 8], "size": [1, 7, 6], "uv": [33, 27]},
						{"origin": [-1.5, 18, 8], "size": [3, 1, 6], "uv": [76, 60]},
						{"origin": [-1.5, 24, 8], "size": [3, 1, 6], "uv": [76, 53]},
						{"origin": [-2.5, 19, -4], "size": [5, 6, 5], "uv": [72, 41]},
						{"origin": [-2.5, 20.5, -24], "size": [5, 6, 17], "uv": [2, 29]},
						{"origin": [-2, 15.5, -25], "size": [4, 10, 1], "uv": [60, 23]},
						{"origin": [-1.5, 19.5, -24], "size": [3, 1, 17], "uv": [33, 27]},
						{"origin": [-2.5, 14.5, -24], "size": [5, 5, 17], "uv": [36, 0]},
						{"origin": [-2.5, 18, -7], "size": [5, 1, 15], "uv": [9, 9]},
						{"origin": [-2, 26.5, -21], "size": [4, 1, 13], "uv": [74, 69]}
					]
				},
				{
					"name": "bone",
					"parent": "gun",
					"pivot": [0, 0, 5],
					"cubes": [
						{"origin": [-2.5, 19, 2], "size": [5, 6, 3], "uv": [32, 77]}
					]
				},
				{
					"name": "bone2",
					"parent": "bone",
					"pivot": [0, 0, 5],
					"cubes": [
						{"origin": [-1.5, 20, 5], "size": [3, 4, 10], "uv": [70, 14]}
					]
				},
				{
					"name": "spinny",
					"parent": "gun",
					"pivot": [0, 22.5, -5.5],
					"cubes": [
						{"origin": [-0.5, 19, -7], "size": [1, 7, 3], "uv": [0, 85]},
						{"origin": [-2, 20.5, -7], "size": [4, 4, 3], "uv": [0, 85]},
						{"origin": [-0.5, 19, -7], "size": [1, 7, 3], "pivot": [0, 22.5, -5.5], "rotation": [0, 0, -45], "uv": [0, 85]},
						{"origin": [-0.5, 19, -7], "size": [1, 7, 3], "pivot": [0, 22.5, -5.5], "rotation": [0, 0, -90], "uv": [0, 85]},
						{"origin": [-0.5, 19, -7], "size": [1, 7, 3], "pivot": [0, 22.5, -5.5], "rotation": [0, 0, -135], "uv": [0, 85]}
					]
				},
				{
					"name": "scope",
					"parent": "gun",
					"pivot": [0, 30.05, -5.25],
					"cubes": [
						{"origin": [-0.5, 28.55, -0.55], "size": [1, 1, 1], "inflate": -0.4, "uv": [0, 0]}
					]
				},
				{
					"name": "_cb_scope",
					"parent": "gun",
					"pivot": [0, 28.6, -15.65],
					"cubes": [
						{"origin": [-0.5, 27, -15.15], "size": [1, 1, 1], "uv": [35, 105]}
					]
				},
				{
					"name": "_cb_grip",
					"parent": "gun",
					"pivot": [0, 14.5, -11.5],
					"cubes": [
						{"origin": [-0.5, 14, -12], "size": [1, 1, 1], "uv": [35, 105]}
					]
				},
				{
					"name": "rightarm",
					"parent": "main",
					"pivot": [-4.3, 8.8, 21.8],
					"rotation": [-101.81106, -12.40003, -2.46982],
					"cubes": [
						{"origin": [-8.3, -15.2, 17.8], "size": [8, 24, 8], "uv": [0, 53]}
					]
				},
				{
					"name": "leftarm",
					"parent": "main",
					"pivot": [9.95, 2.3, 18.4],
					"rotation": [-119.61483, 1.67666, -38.31282],
					"cubes": [
						{"origin": [5.95, -21.7, 14.4], "size": [8, 24, 8], "uv": [44, 45]}
					]
				},
				{
					"name": "muzzleflash",
					"parent": "main",
					"pivot": [0, 22.35, -25.25],
					"cubes": [
						{"origin": [-0.5, 21.85, -25.55], "size": [1, 1, 1], "inflate": -0.4, "uv": [0, 2]}
					]
				}
			]
		}
	]
}