{
	"format_version": "1.12.0",
	"minecraft:geometry": [
		{
			"description": {
				"identifier": "geometry.unknown",
				"texture_width": 128,
				"texture_height": 128,
				"visible_bounds_width": 8,
				"visible_bounds_height": 4,
				"visible_bounds_offset": [0, 1, 0]
			},
			"bones": [
				{
					"name": "main",
					"pivot": [0, 20, 0]
				},
				{
					"name": "gun",
					"parent": "main",
					"pivot": [1, 11, -1],
					"cubes": [
						{"origin": [-2.5, 14.996, -1.21047], "size": [5, 3, 5], "uv": [58, 44]},
						{"origin": [-2.5, 15.996, 3.78953], "size": [5, 2, 2], "uv": [0, 22]},
						{"origin": [-2.5, 10.29344, 0.3977], "size": [5, 6, 5], "inflate": -0.1, "pivot": [0, 10.79344, 3.1477], "rotation": [20, 0, 0], "uv": [0, 55]},
						{"origin": [-3, 4.39344, -0.1023], "size": [6, 6, 6], "pivot": [0, 10.79344, 3.1477], "rotation": [20, 0, 0], "uv": [40, 49]},
						{"origin": [-2, 5.39344, -1.1023], "size": [4, 4, 1], "pivot": [0, 10.79344, 3.1477], "rotation": [20, 0, 0], "uv": [26, 27]},
						{"origin": [4, 5.51298, 2.07565], "size": [1, 4, 4], "pivot": [0, 7.51298, 4.07565], "rotation": [20, 0, 0], "uv": [20, 61]},
						{"origin": [-5, 5.51298, 2.07565], "size": [1, 4, 4], "pivot": [0, 7.51298, 4.07565], "rotation": [20, 0, 0], "uv": [62, 13]},
						{"origin": [-2, 5.39344, 5.8977], "size": [4, 4, 4], "pivot": [0, 10.79344, 3.1477], "rotation": [20, 0, 0], "uv": [0, 0]},
						{"origin": [-1.5, 15, -2.1], "size": [3, 4, 2], "inflate": -0.1, "uv": [24, 55]},
						{"origin": [-1, 16.3, -4.55], "size": [2, 3, 1], "inflate": -0.1, "pivot": [1.15, 15.05, -4.55], "rotation": [-21, 0, 0], "uv": [10, 8]},
						{"origin": [-1.5, 15, -5.6], "size": [3, 1, 4], "inflate": -0.11, "uv": [0, 8]},
						{"origin": [-2, 18, -12], "size": [4, 5, 17], "uv": [0, 0]},
						{"origin": [-3, 19, -12], "size": [6, 5, 3], "uv": [49, 61]},
						{"origin": [-2, 19, -14.5], "size": [4, 4, 3], "uv": [54, 4]},
						{"origin": [-3, 14, -18.5], "size": [6, 4, 13], "uv": [25, 0]},
						{"origin": [-3, 9, 10.5], "size": [1, 2, 12], "uv": [48, 17]},
						{"origin": [-3, 11, 18.5], "size": [1, 1, 4], "uv": [25, 5]},
						{"origin": [2, 11, 18.5], "size": [1, 1, 4], "uv": [0, 26]},
						{"origin": [-3, 11, 10.5], "size": [1, 1, 4], "uv": [25, 0]},
						{"origin": [2, 11, 10.5], "size": [1, 1, 4], "uv": [26, 22]},
						{"origin": [-3, 9, 9.5], "size": [6, 3, 1], "uv": [0, 13]},
						{"origin": [-3, 8, 9.5], "size": [6, 1, 13], "uv": [0, 41]},
						{"origin": [2, 9, 10.5], "size": [1, 2, 12], "uv": [26, 49]}
					]
				},
				{
					"name": "bone2",
					"parent": "gun",
					"pivot": [-3.5, 7.51298, 4.07565],
					"cubes": [
						{"origin": [-4, 4.01298, 3.57565], "size": [1, 7, 1], "pivot": [3.5, 7.51298, 4.07565], "rotation": [20, 0, 0], "uv": [4, 41]},
						{"origin": [-4, 4.01298, 3.57565], "size": [1, 7, 1], "pivot": [3.5, 7.51298, 4.07565], "rotation": [155, 0, 0], "uv": [0, 41]},
						{"origin": [-4, 4.01298, 3.57565], "size": [1, 7, 1], "pivot": [3.5, 7.51298, 4.07565], "rotation": [110, 0, 0], "uv": [36, 26]},
						{"origin": [-4, 4.01298, 3.57565], "size": [1, 7, 1], "pivot": [3.5, 7.51298, 4.07565], "rotation": [65, 0, 0], "uv": [10, 26]}
					]
				},
				{
					"name": "bone3",
					"parent": "gun",
					"pivot": [2.8, 7.51298, 4.07565],
					"cubes": [
						{"origin": [-4, 5.51298, 2.07565], "size": [8, 4, 4], "pivot": [0, 7.51298, 4.07565], "rotation": [20, 0, 0], "uv": [48, 31]},
						{"origin": [3, 4.01298, 3.57565], "size": [1, 7, 1], "pivot": [3.5, 7.51298, 4.07565], "rotation": [20, 0, 0], "uv": [20, 55]},
						{"origin": [3, 4.01298, 3.57565], "size": [1, 7, 1], "pivot": [3.5, 7.51298, 4.07565], "rotation": [65, 0, 0], "uv": [54, 17]},
						{"origin": [3, 4.01298, 3.57565], "size": [1, 7, 1], "pivot": [3.5, 7.51298, 4.07565], "rotation": [110, 0, 0], "uv": [50, 17]},
						{"origin": [3, 4.01298, 3.57565], "size": [1, 7, 1], "pivot": [3.5, 7.51298, 4.07565], "rotation": [155, 0, 0], "uv": [8, 41]}
					]
				},
				{
					"name": "bone",
					"parent": "gun",
					"pivot": [0.65, 18, -9],
					"cubes": [
						{"origin": [-3, 19, -8], "size": [6, 5, 14], "uv": [0, 22]},
						{"origin": [-2, 24, -7], "size": [4, 1, 8], "uv": [34, 17]}
					]
				},
				{
					"name": "_cb_scope",
					"parent": "bone",
					"pivot": [0, 28.1, 1.35],
					"cubes": [
						{"origin": [-0.5, 24.5, -4.15], "size": [1, 1, 1], "uv": [35, 105]}
					]
				},
				{
					"name": "magazine",
					"parent": "main",
					"pivot": [0, 9, 11.5],
					"cubes": [
						{"origin": [-2, 9, 10.5], "size": [4, 8, 14], "uv": [26, 27]}
					]
				},
				{
					"name": "rightarm",
					"parent": "main",
					"pivot": [-4.3, 8.8, 21.8],
					"rotation": [-101.81106, -12.40003, -2.46982],
					"cubes": [
						{"origin": [-8.3, -15.2, 17.8], "size": [8, 24, 8], "uv": [16, 79]}
					]
				},
				{
					"name": "leftarm",
					"parent": "main",
					"pivot": [9.7, 2.3, 17.4],
					"rotation": [-119.61483, 1.67666, -38.31282],
					"cubes": [
						{"origin": [5.7, -21.7, 13.4], "size": [8, 24, 8], "uv": [85, 83]}
					]
				},
				{
					"name": "muzzleflash",
					"parent": "main",
					"pivot": [0, 21.1, -19.25],
					"cubes": [
						{"origin": [-0.5, 20.6, -19.55], "size": [1, 1, 1], "inflate": -0.4, "uv": [0, 8]}
					]
				},
				{
					"name": "scope",
					"parent": "main",
					"pivot": [0, 27.55, 1.75],
					"cubes": [
						{"origin": [-0.5, 27.05, 1.45], "size": [1, 1, 1], "inflate": -0.4, "uv": [0, 2]}
					]
				},
				{
					"name": "_cb_barrel",
					"parent": "main",
					"pivot": [0, 21, -14.5],
					"cubes": [
						{"origin": [-0.5, 20.5, -15], "size": [1, 1, 1], "uv": [0, 0]}
					]
				},
				{
					"name": "_cb_grip",
					"parent": "main",
					"pivot": [0, 14, -10.5],
					"cubes": [
						{"origin": [-0.5, 13.5, -11], "size": [1, 1, 1], "uv": [35, 105]}
					]
				}
			]
		}
	]
}