{
	"format_version": "1.12.0",
	"minecraft:geometry": [
		{
			"description": {
				"identifier": "geometry.unknown",
				"texture_width": 128,
				"texture_height": 128,
				"visible_bounds_width": 8,
				"visible_bounds_height": 4,
				"visible_bounds_offset": [0, 1, 0]
			},
			"bones": [
				{
					"name": "main",
					"pivot": [0, 20, 0]
				},
				{
					"name": "gun",
					"parent": "main",
					"pivot": [1, 11, -1],
					"cubes": [
						{"origin": [-1.75, 13.5, -1], "size": [3.5, 5, 5], "uv": [48, 0]},
						{"origin": [-2, 6.5, -1], "size": [4, 7, 5], "pivot": [1, 13.5, -1], "rotation": [35, 0, 0], "uv": [0, 39]},
						{"origin": [-2, 1.5, 10], "size": [4, 9, 3], "pivot": [1, 13.5, -1], "rotation": [35, 0, 0], "uv": [36, 39]},
						{"origin": [-1.5, 14, -2], "size": [3, 4, 2], "inflate": -0.1, "uv": [36, 51]},
						{"origin": [-1, 15, -4.5], "size": [2, 3, 1], "inflate": -0.1, "pivot": [1.15, 15.05, -4.55], "rotation": [-21, 0, 0], "uv": [0, 0]},
						{"origin": [-1.5, 14, -7], "size": [3, 4, 1], "inflate": -0.1, "uv": [21, 0]},
						{"origin": [-1.5, 14, -6.5], "size": [3, 1, 5], "inflate": -0.11, "uv": [0, 51]},
						{"origin": [-4.5, 17, -23], "size": [9, 9, 30], "uv": [0, 0]},
						{"origin": [-4.5, 17, 10], "size": [9, 9, 2], "uv": [44, 96]},
						{"origin": [-4.5, 17, 13], "size": [9, 9, 2], "uv": [0, 90]},
						{"origin": [3, 29.5, -17], "size": [1, 4, 10], "pivot": [5, 28, -9], "rotation": [0, 0, -90], "uv": [88, 3]},
						{"origin": [-2.5, 14, -17], "size": [5, 3, 10], "uv": [68, 0]},
						{"origin": [-1.5, 10, 5], "size": [3, 3, 10], "uv": [84, 53]},
						{"origin": [-5.5, 16, 14], "size": [11, 11, 3], "uv": [72, 39]},
						{"origin": [-4, 17.5, 10], "size": [8, 8, 3], "uv": [84, 66]},
						{"origin": [-5.5, 26, -20], "size": [11, 1, 3], "uv": [100, 0]},
						{"origin": [-5.5, 16, -20], "size": [11, 1, 3], "uv": [100, 4]},
						{"origin": [4.5, 17, -20], "size": [1, 9, 3], "uv": [100, 51]},
						{"origin": [-5.5, 17, -20], "size": [1, 9, 3], "uv": [100, 39]}
					]
				},
				{
					"name": "bone2",
					"parent": "gun",
					"pivot": [0, 21.5, 8.5],
					"cubes": [
						{"origin": [-1, 15.5, 7], "size": [2, 12, 3], "uv": [96, 96]},
						{"origin": [-4, 17.5, 7], "size": [8, 8, 3], "uv": [22, 91]},
						{"origin": [-1, 15.5, 7], "size": [2, 12, 3], "pivot": [0, 21.5, 8.5], "rotation": [0, 0, 45], "uv": [86, 96]},
						{"origin": [-1, 15.5, 7], "size": [2, 12, 3], "pivot": [0, 21.5, 8.5], "rotation": [0, 0, 90], "uv": [76, 96]},
						{"origin": [-1, 15.5, 7], "size": [2, 12, 3], "pivot": [0, 21.5, 8.5], "rotation": [0, 0, 135], "uv": [66, 96]}
					]
				},
				{
					"name": "bone",
					"parent": "gun",
					"pivot": [-0.46351, 21.94213, 29.66667],
					"cubes": [
						{"origin": [-3.5, 18, 38], "size": [7, 7, 1], "uv": [48, 10]},
						{"origin": [-4.5, 17, 15], "size": [9, 1, 18], "uv": [36, 40]},
						{"origin": [-4.5, 18, 15], "size": [1, 7, 18], "uv": [64, 59]},
						{"origin": [-4.5, 25, 15], "size": [9, 1, 18], "uv": [0, 39]},
						{"origin": [-4.5, 17, 33], "size": [9, 9, 5], "uv": [78, 25]},
						{"origin": [-4.5, 25.5, 27], "size": [3, 3, 9], "pivot": [-5.5, 27.5, 35.5], "rotation": [0, 0, 45], "uv": [79, 84]},
						{"origin": [-5.79289, 16.60051, 27], "size": [3, 3, 9], "pivot": [-4.79289, 17.60051, 32.5], "rotation": [0, 0, 45], "uv": [55, 84]}
					]
				},
				{
					"name": "bone3",
					"parent": "bone",
					"pivot": [4, 25.5, 32],
					"cubes": [
						{"origin": [2.5, 24, 31], "size": [3, 3, 2], "uv": [48, 25]},
						{"origin": [3.5, 18, 15], "size": [1, 7, 18], "uv": [48, 0]}
					]
				},
				{
					"name": "_cb_grip",
					"parent": "gun",
					"pivot": [0, 13.95, -13.225],
					"cubes": [
						{"origin": [-0.5, 13.5, -11], "size": [1, 1, 1], "uv": [35, 105]}
					]
				},
				{
					"name": "_cb_scope",
					"parent": "gun",
					"pivot": [1.5, 27, -11.5],
					"cubes": [
						{"origin": [1, 26.5, -12], "size": [1, 1, 1], "uv": [35, 105]}
					]
				},
				{
					"name": "magazine",
					"parent": "main",
					"pivot": [-12.5, 6.75, -10.25]
				},
				{
					"name": "rocket",
					"parent": "magazine",
					"pivot": [4, 21.38235, 24.5],
					"rotation": [90, 0, 0],
					"cubes": [
						{"origin": [-3.5, 23, 21], "size": [7, 4, 7], "uv": [0, 19]},
						{"origin": [-3, 22, 21.5], "size": [6, 1, 6], "uv": [56, 59]},
						{"origin": [-3.5, 10, 21], "size": [7, 12, 7], "uv": [0, 0]},
						{"origin": [-2.5, 9, 22], "size": [5, 1, 5], "uv": [86, 17]},
						{"origin": [-2.5, 27, 22], "size": [5, 4, 5], "uv": [94, 84]}
					]
				},
				{
					"name": "rightarm",
					"parent": "main",
					"pivot": [-4.3, 8.8, 21.8],
					"rotation": [-101.81106, -12.40003, -2.46982],
					"cubes": [
						{"origin": [-8.3, -15.2, 17.8], "size": [8, 24, 8], "uv": [32, 59]}
					]
				},
				{
					"name": "leftarm",
					"parent": "main",
					"pivot": [10.7, 3.3, 7.4],
					"rotation": [-119.61483, 1.67666, -38.31282],
					"cubes": [
						{"origin": [6.7, -20.7, 3.4], "size": [8, 24, 8], "uv": [0, 58]}
					]
				},
				{
					"name": "muzzleflash",
					"parent": "main",
					"pivot": [0, 21.35, -24.05],
					"cubes": [
						{"origin": [-0.5, 20.85, -24.55], "size": [1, 1, 1], "inflate": -0.4, "uv": [0, 4]}
					]
				},
				{
					"name": "scope",
					"parent": "main",
					"pivot": [9, 22.55, -9.25],
					"cubes": [
						{"origin": [8.5, 22.05, -9.55], "size": [1, 1, 1], "inflate": -0.4, "uv": [27, 69]}
					]
				}
			]
		}
	]
}