{
	"format_version": "1.12.0",
	"minecraft:geometry": [
		{
			"description": {
				"identifier": "geometry.unknown",
				"texture_width": 32,
				"texture_height": 32,
				"visible_bounds_width": 11,
				"visible_bounds_height": 6,
				"visible_bounds_offset": [0, 1, 0]
			},
			"bones": [
				{
					"name": "main",
					"pivot": [0, 20, 6]
				},
				{
					"name": "silencer",
					"parent": "main",
					"pivot": [0, 24.5, -15.55],
					"cubes": [
						{"origin": [-2, 22.5, 1.45], "size": [4, 4, 9], "uv": [0, 0]}
					]
				},
				{
					"name": "muzzleflash",
					"parent": "main",
					"pivot": [0, 24.35, 1.25],
					"cubes": [
						{"origin": [-0.5, 24, 1], "size": [1, 1, 1], "inflate": -0.4, "uv": [3, 1]}
					]
				},
				{
					"name": "_ca_barrel",
					"parent": "main",
					"pivot": [0, 25.375, 10.85],
					"cubes": [
						{"origin": [-0.5, 24, 10], "size": [1, 1, 1], "uv": [0, 2]}
					]
				},
				{
					"name": "_cb_suppressor",
					"parent": "main",
					"pivot": [0, 24.5, 1.5],
					"cubes": [
						{"origin": [-0.5, 24, 1], "size": [1, 1, 1], "uv": [0, 0]}
					]
				}
			]
		}
	]
}