{
	"format_version": "1.12.0",
	"minecraft:geometry": [
		{
			"description": {
				"identifier": "geometry.unknown",
				"texture_width": 16,
				"texture_height": 16,
				"visible_bounds_width": 2,
				"visible_bounds_height": 2.5,
				"visible_bounds_offset": [0, 0.75, 0]
			},
			"bones": [
				{
					"name": "bb_main",
					"pivot": [0, 0, 0],
					"cubes": [
						{"origin": [-1, 1.25, -1], "size": [2, 2, 2], "uv": [0, 0]},
						{"origin": [-1, 0, -1], "size": [2, 1, 2], "inflate": -0.1, "uv": [4, 4]},
						{"origin": [-0.75, 0.75, -0.75], "size": [1.5, 7, 1.5], "uv": [0, 4]}
					]
				}
			]
		}
	]
}