{
	"format_version": "1.12.0",
	"minecraft:geometry": [
		{
			"description": {
				"identifier": "geometry.unknown",
				"texture_width": 32,
				"texture_height": 32,
				"visible_bounds_width": 11,
				"visible_bounds_height": 6,
				"visible_bounds_offset": [0, 1, 0]
			},
			"bones": [
				{
					"name": "main",
					"pivot": [0, 19.25, 0]
				},
				{
					"name": "bone",
					"parent": "main",
					"pivot": [0, 0, 0],
					"cubes": [
						{"origin": [2, 28, -4], "size": [1, 4, 2], "uv": [18, 18]},
						{"origin": [-2, 31, -1], "size": [4, 1, 2], "uv": [0, 15]},
						{"origin": [-3, 28, -1], "size": [1, 4, 2], "uv": [0, 18]},
						{"origin": [2, 28, -1], "size": [1, 4, 2], "uv": [6, 18]},
						{"origin": [2, 26, -5], "size": [1, 2, 3], "uv": [16, 0]},
						{"origin": [2, 26, -1], "size": [1, 2, 4], "uv": [10, 9]},
						{"origin": [-3, 26, -1], "size": [1, 2, 4], "uv": [0, 9]},
						{"origin": [2, 28, 1], "size": [1, 1, 2], "uv": [6, 9]},
						{"origin": [-3, 28, 1], "size": [1, 1, 2], "uv": [0, 5]},
						{"origin": [-3, 26, -5], "size": [1, 2, 3], "uv": [0, 0]},
						{"origin": [-2, 27, -4], "size": [4, 1, 8], "uv": [0, 0]},
						{"origin": [-2, 31, -4], "size": [4, 1, 2], "uv": [12, 15]},
						{"origin": [-3, 28, -4], "size": [1, 4, 2], "uv": [12, 18]},
						{"origin": [-0.5, 29, -0.5], "size": [1, 1, 1], "inflate": -0.4, "uv": [4, 5]},
						{"origin": [-1, 29.5, -3.5], "size": [2, 1, 1], "inflate": -0.4, "uv": [16, 9]},
						{"origin": [-1, 28.5, -3.5], "size": [2, 1, 1], "inflate": -0.4, "uv": [16, 5]},
						{"origin": [0, 28.5, -3.5], "size": [1, 2, 1], "inflate": -0.4, "uv": [20, 11]},
						{"origin": [-1, 28.5, -3.5], "size": [1, 2, 1], "inflate": -0.4, "uv": [0, 9]}
					]
				},
				{
					"name": "scope",
					"parent": "main",
					"pivot": [0, 30.45, 10.3],
					"cubes": [
						{"origin": [-0.5, 29, 10], "size": [1, 1, 1], "inflate": -0.4, "uv": [10, 15]}
					]
				},
				{
					"name": "_ca_scope",
					"parent": "main",
					"pivot": [0, 27.775, -1.65],
					"cubes": [
						{"origin": [-0.5, 26.5, -2], "size": [1, 1, 1], "uv": [10, 9]}
					]
				}
			]
		}
	]
}