{
	"format_version": "1.12.0",
	"minecraft:geometry": [
		{
			"description": {
				"identifier": "geometry.unknown",
				"texture_width": 128,
				"texture_height": 128,
				"visible_bounds_width": 8,
				"visible_bounds_height": 4,
				"visible_bounds_offset": [0, 1, 0]
			},
			"bones": [
				{
					"name": "main",
					"pivot": [0, 20, 0]
				},
				{
					"name": "_cb_grip",
					"parent": "main",
					"pivot": [3, 12, -14.5],
					"cubes": [
						{"origin": [-0.5, 11.5, -15], "size": [1, 1, 1], "uv": [11, 0]}
					]
				},
				{
					"name": "_cb_scope",
					"parent": "main",
					"pivot": [0, 37.1, -17.65],
					"cubes": [
						{"origin": [-0.5, 24.5, -4], "size": [1, 1, 1], "uv": [11, 2]}
					]
				},
				{
					"name": "gun",
					"parent": "main",
					"pivot": [1, 11, -1],
					"cubes": [
						{"origin": [-1.75, 13.5, -1], "size": [3.5, 5, 5], "uv": [50, 30]},
						{"origin": [-2, 6.5, -1], "size": [4, 7, 5], "pivot": [1, 13.5, -1], "rotation": [35, 0, 0], "uv": [25, 41]},
						{"origin": [-2, 7.5, -2], "size": [4, 4, 1], "pivot": [1, 13.5, -1], "rotation": [35, 0, 0], "uv": [38, 41]},
						{"origin": [-3, 6.5, -3], "size": [6, 4, 1], "pivot": [1, 13.5, -1], "rotation": [35, 0, 0], "uv": [0, 63]},
						{"origin": [-3, 6.5, -10], "size": [6, 1, 7], "pivot": [1, 13.5, -1], "rotation": [35, 0, 0], "uv": [0, 0]},
						{"origin": [2, 7.5, -5], "size": [1, 3, 2], "pivot": [1, 13.5, -1], "rotation": [35, 0, 0], "uv": [0, 8]},
						{"origin": [-3, 7.5, -5], "size": [1, 3, 2], "pivot": [1, 13.5, -1], "rotation": [35, 0, 0], "uv": [0, 0]},
						{"origin": [-1.5, 14, -2], "size": [3, 4, 2], "inflate": -0.1, "uv": [71, 12]},
						{"origin": [-1, 15, -5.5], "size": [2, 3, 1], "inflate": -0.1, "pivot": [1.15, 15.05, -4.55], "rotation": [-21, 0, 0], "uv": [0, 18]},
						{"origin": [-1.5, 14, -7], "size": [3, 4, 1], "inflate": -0.1, "uv": [19, 18]},
						{"origin": [-1.5, 14, -6.5], "size": [3, 1, 5], "inflate": -0.11, "uv": [8, 18]},
						{"origin": [-2, 17, -7], "size": [4, 1, 12], "uv": [62, 45]},
						{"origin": [-2, 12, 12], "size": [4, 11, 4], "uv": [39, 0]},
						{"origin": [-2.5, 12, -12], "size": [5, 2, 3], "uv": [24, 57]},
						{"origin": [-1.5, 24, -24.5], "size": [3, 1, 3], "uv": [61, 50]},
						{"origin": [-2, 24.5, -25], "size": [4, 1, 4], "uv": [24, 62]},
						{"origin": [-1.5, 24, -29.5], "size": [3, 1, 3], "uv": [51, 23]},
						{"origin": [-2, 24.5, -30], "size": [4, 1, 4], "uv": [58, 45]},
						{"origin": [-1.5, 24, -19.5], "size": [3, 1, 3], "uv": [62, 65]},
						{"origin": [-2, 24.5, -20], "size": [4, 1, 4], "uv": [65, 0]},
						{"origin": [-2, 24, -10], "size": [4, 1, 14], "uv": [60, 61]},
						{"origin": [-3, 18, -7], "size": [6, 6, 12], "uv": [38, 57]},
						{"origin": [-3, 21, -34], "size": [6, 3, 27], "uv": [0, 0]},
						{"origin": [2, 19, -34], "size": [1, 2, 23], "uv": [25, 32]},
						{"origin": [-2.5, 12, -19], "size": [5, 3, 7], "uv": [0, 8]},
						{"origin": [-2.5, 12, -34], "size": [5, 3, 14], "uv": [0, 55]},
						{"origin": [-2.5, 15, -26], "size": [1, 2, 6], "uv": [50, 45]},
						{"origin": [1.5, 15, -26], "size": [1, 2, 6], "uv": [0, 18]},
						{"origin": [1.5, 15, -19], "size": [1, 2, 4], "uv": [65, 14]},
						{"origin": [-2.5, 15, -19], "size": [1, 2, 4], "uv": [17, 8]},
						{"origin": [-3, 19, -34], "size": [1, 2, 23], "uv": [0, 30]},
						{"origin": [-1.5, 13, -33], "size": [3, 3, 20], "uv": [39, 0]},
						{"origin": [-2, 15, -13], "size": [4, 5, 2], "uv": [62, 58]},
						{"origin": [-2, 15, -9], "size": [4, 6, 2], "uv": [0, 55]}
					]
				},
				{
					"name": "bone",
					"parent": "gun",
					"pivot": [0, 3.3208, -4.8356],
					"cubes": [
						{"origin": [2, 7.5, -10], "size": [1, 3, 3], "pivot": [1, 13.5, -1], "rotation": [35, 0, 0], "uv": [0, 30]},
						{"origin": [-3, 7.5, -10], "size": [1, 3, 3], "pivot": [1, 13.5, -1], "rotation": [35, 0, 0], "uv": [19, 0]},
						{"origin": [-2, 7.5, -10], "size": [4, 3, 1], "pivot": [1, 13.5, -1], "rotation": [35, 0, 0], "uv": [16, 72]},
						{"origin": [1, 6.5, -11], "size": [1, 4, 1], "pivot": [1, 13.5, -1], "rotation": [35, 0, 0], "uv": [25, 30]},
						{"origin": [-2, 6.5, -11], "size": [1, 4, 1], "pivot": [1, 13.5, -1], "rotation": [35, 0, 0], "uv": [8, 18]}
					]
				},
				{
					"name": "glowy",
					"parent": "gun",
					"pivot": [1, 11, -1],
					"cubes": [
						{"origin": [-1, 17, -33], "size": [2, 2, 20], "uv": [50, 23]},
						{"origin": [-1, 25, -29], "size": [2, 1, 2], "uv": [14, 30]},
						{"origin": [-1, 25, -24], "size": [2, 1, 2], "uv": [14, 33]},
						{"origin": [-1, 25, -19], "size": [2, 1, 2], "uv": [40, 30]},
						{"origin": [-1.5, 24, -14.5], "size": [3, 1, 3], "uv": [39, 23]},
						{"origin": [-2, 24.5, -15], "size": [4, 1, 4], "uv": [39, 15]},
						{"origin": [-1, 25, -14], "size": [2, 1, 2], "uv": [12, 24]},
						{"origin": [-2, 19, 5], "size": [4, 4, 7], "uv": [25, 30]},
						{"origin": [-1.5, 13, 4], "size": [3, 3, 8], "uv": [0, 30]}
					]
				},
				{
					"name": "spinny",
					"parent": "gun",
					"pivot": [0, 17.5, -10],
					"cubes": [
						{"origin": [-1, 14, -11], "size": [2, 7, 2], "uv": [8, 72]},
						{"origin": [-1, 14, -11], "size": [2, 7, 2], "pivot": [0, 17.5, -10], "rotation": [0, 0, 45], "uv": [0, 72]},
						{"origin": [-1, 14, -11], "size": [2, 7, 2], "pivot": [0, 17.5, -10], "rotation": [0, 0, 90], "uv": [65, 5]},
						{"origin": [-1, 14, -11], "size": [2, 7, 2], "pivot": [0, 17.5, -10], "rotation": [0, 0, 135], "uv": [40, 57]}
					]
				},
				{
					"name": "magazine",
					"parent": "main",
					"pivot": [0.5, 6.75, -10.25],
					"cubes": [
						{"origin": [-2, 7.5, -9], "size": [4, 4, 6], "pivot": [1, 13.5, -1], "rotation": [35, 0, 0], "uv": [0, 41]}
					]
				},
				{
					"name": "rightarm",
					"parent": "main",
					"pivot": [-4.3, 8.8, 21.8],
					"rotation": [-101.81106, -12.40003, -2.46982],
					"cubes": [
						{"origin": [-8.3, -15.2, 17.8], "size": [8, 24, 8], "uv": [32, 145]}
					]
				},
				{
					"name": "leftarm",
					"parent": "main",
					"pivot": [10.7, 2.3, -0.6],
					"rotation": [-119.61483, 1.67666, -38.31282],
					"cubes": [
						{"origin": [6.7, -21.7, -4.6], "size": [8, 24, 8], "uv": [0, 143]}
					]
				},
				{
					"name": "muzzleflash",
					"parent": "main",
					"pivot": [0, 17.85, -14.25],
					"cubes": [
						{"origin": [-0.5, 17.35, -14.55], "size": [1, 1, 1], "inflate": -0.4, "uv": [0, 13]}
					]
				},
				{
					"name": "scope",
					"parent": "main",
					"pivot": [0, 26.55, 4.75],
					"cubes": [
						{"origin": [-0.5, 26.05, 4.45], "size": [1, 1, 1], "inflate": -0.4, "uv": [0, 5]}
					]
				}
			]
		}
	]
}