{
	"format_version": "1.12.0",
	"minecraft:geometry": [
		{
			"description": {
				"identifier": "geometry.unknown",
				"texture_width": 128,
				"texture_height": 128,
				"visible_bounds_width": 8,
				"visible_bounds_height": 4,
				"visible_bounds_offset": [0, 1, 0]
			},
			"bones": [
				{
					"name": "main",
					"pivot": [0, 20, 0]
				},
				{
					"name": "_cb_grip",
					"parent": "main",
					"pivot": [2.5, 15.65, -18.5],
					"rotation": [0, 0, -90],
					"cubes": [
						{"origin": [2, 15.15, -19], "size": [1, 1, 1], "uv": [11, 0]}
					]
				},
				{
					"name": "_cb_scope",
					"parent": "main",
					"pivot": [0, 37.1, -15.65],
					"cubes": [
						{"origin": [-0.5, 24.5, -2], "size": [1, 1, 1], "uv": [11, 2]}
					]
				},
				{
					"name": "gun",
					"parent": "main",
					"pivot": [1, 11, -1],
					"cubes": [
						{"origin": [-1.75, 13.5, -1], "size": [3.5, 5, 5], "uv": [0, 0]},
						{"origin": [-2, 6.5, -1], "size": [4, 7, 5], "pivot": [1, 13.5, -1], "rotation": [35, 0, 0], "uv": [20, 51]},
						{"origin": [-1.5, 14, -2], "size": [3, 4, 2], "inflate": -0.1, "uv": [40, 63]},
						{"origin": [-1, 15, -5.5], "size": [2, 3, 1], "inflate": -0.1, "pivot": [1.15, 15.05, -4.55], "rotation": [-21, 0, 0], "uv": [34, 5]},
						{"origin": [-1.5, 14, -7], "size": [3, 4, 1], "inflate": -0.1, "uv": [0, 66]},
						{"origin": [-1.5, 14, -6.5], "size": [3, 1, 5], "inflate": -0.11, "uv": [0, 10]},
						{"origin": [-2, 17, -7], "size": [4, 1, 12], "uv": [24, 25]},
						{"origin": [-3, 18, 6], "size": [6, 6, 3], "uv": [52, 12]},
						{"origin": [-3, 9, 10], "size": [6, 15, 5], "uv": [25, 69]},
						{"origin": [-1.5, 10, 5], "size": [3, 3, 5], "uv": [42, 0]},
						{"origin": [-1.5, 24, -17.5], "size": [3, 1, 3], "uv": [12, 51]},
						{"origin": [-2, 24.5, -18], "size": [4, 1, 4], "uv": [60, 31]},
						{"origin": [-1.5, 24, -22.5], "size": [3, 1, 3], "uv": [0, 27]},
						{"origin": [-2, 24.5, -23], "size": [4, 1, 4], "uv": [60, 0]},
						{"origin": [-1.5, 24, -12.5], "size": [3, 1, 3], "uv": [33, 51]},
						{"origin": [-2, 24.5, -13], "size": [4, 1, 4], "uv": [60, 46]},
						{"origin": [-2, 24, -6], "size": [4, 1, 10], "uv": [34, 14]},
						{"origin": [-3, 18, -7], "size": [6, 6, 12], "uv": [0, 19]},
						{"origin": [-3, 21, -25], "size": [6, 3, 18], "uv": [66, 33]},
						{"origin": [2, 19, -25], "size": [1, 2, 14], "uv": [-2, 35]},
						{"origin": [-2.5, 14, -15], "size": [5, 2, 4], "uv": [38, 56]},
						{"origin": [-1.5, 14, -17], "size": [3, 2, 2], "uv": [40, 58]},
						{"origin": [-2.5, 14, -25], "size": [5, 2, 8], "uv": [68, 0]},
						{"origin": [-2.5, 16, -25], "size": [1, 1, 8], "uv": [14, 37]},
						{"origin": [1.5, 16, -25], "size": [1, 1, 8], "uv": [54, 54]},
						{"origin": [1.5, 16, -15], "size": [1, 1, 4], "uv": [30, 63]},
						{"origin": [-2.5, 16, -15], "size": [1, 1, 4], "uv": [28, 5]},
						{"origin": [-3, 19, -25], "size": [1, 2, 14], "uv": [26, -2]},
						{"origin": [-2, 15, -13], "size": [4, 5, 2], "uv": [24, 24]},
						{"origin": [-2, 14, -9], "size": [4, 7, 2], "uv": [0, 16]},
						{"origin": [-3, 9, -14], "size": [6, 5, 7], "uv": [66, 14]},
						{"origin": [-2, 19, 8], "size": [4, 4, 6], "uv": [46, 46]},
						{"origin": [-2, 10, -7], "size": [4, 3, 1], "uv": [24, 19]}
					]
				},
				{
					"name": "bone",
					"parent": "gun",
					"pivot": [0, 3.3208, -4.8356]
				},
				{
					"name": "glowy",
					"parent": "gun",
					"pivot": [1, 11, -1],
					"cubes": [
						{"origin": [-1, 17, -21], "size": [2, 2, 8], "uv": [0, 51]},
						{"origin": [-1, 25, -22], "size": [2, 1, 2], "uv": [0, 46]},
						{"origin": [-1, 25, -17], "size": [2, 1, 2], "uv": [52, 21]},
						{"origin": [-1, 25, -12], "size": [2, 1, 2], "uv": [12, 55]},
						{"origin": [-2, 19, 5], "size": [4, 4, 1], "uv": [64, 56]}
					]
				},
				{
					"name": "spinny",
					"parent": "gun",
					"pivot": [0, 17.5, -10],
					"cubes": [
						{"origin": [-1, 14, -11], "size": [2, 7, 2], "uv": [22, 63]},
						{"origin": [-1, 14, -11], "size": [2, 7, 2], "pivot": [0, 17.5, -10], "rotation": [0, 0, 45], "uv": [61, 36]},
						{"origin": [-1, 14, -11], "size": [2, 7, 2], "pivot": [0, 17.5, -10], "rotation": [0, 0, 90], "uv": [14, 61]},
						{"origin": [-1, 14, -11], "size": [2, 7, 2], "pivot": [0, 17.5, -10], "rotation": [0, 0, 135], "uv": [0, 37]}
					]
				},
				{
					"name": "magazine",
					"parent": "main",
					"pivot": [0.5, 6.75, -10.25],
					"cubes": [
						{"origin": [-2.5, 9.5, -24], "size": [5, 3, 10], "uv": [62, 61]}
					]
				},
				{
					"name": "glowy2",
					"parent": "magazine",
					"pivot": [0.5, 6.75, -11.25],
					"cubes": [
						{"origin": [-2, 10, -19], "size": [4, 4, 6], "uv": [32, 40]},
						{"origin": [-2, 10, -25], "size": [4, 4, 6], "uv": [32, 40]}
					]
				},
				{
					"name": "rightarm",
					"parent": "main",
					"pivot": [-4.3, 8.8, 21.8],
					"rotation": [-101.81106, -12.40003, -2.46982],
					"cubes": [
						{"origin": [-8.3, -15.2, 17.8], "size": [8, 24, 8], "uv": [32, 145]}
					]
				},
				{
					"name": "leftarm",
					"parent": "main",
					"pivot": [10.7, 4.3, 0.4],
					"rotation": [-119.61483, 1.67666, -38.31282],
					"cubes": [
						{"origin": [6.7, -19.7, -3.6], "size": [8, 24, 8], "uv": [0, 143]}
					]
				},
				{
					"name": "muzzleflash",
					"parent": "main",
					"pivot": [0, 17.85, -14.25],
					"cubes": [
						{"origin": [-0.5, 17.35, -14.55], "size": [1, 1, 1], "inflate": -0.4, "uv": [11, 12]}
					]
				},
				{
					"name": "scope",
					"parent": "main",
					"pivot": [0, 26.55, 4.75],
					"cubes": [
						{"origin": [-0.5, 26.05, 4.45], "size": [1, 1, 1], "inflate": -0.4, "uv": [11, 10]}
					]
				}
			]
		}
	]
}