{
	"format_version": "1.12.0",
	"minecraft:geometry": [
		{
			"description": {
				"identifier": "geometry.unknown",
				"texture_width": 64,
				"texture_height": 64,
				"visible_bounds_width": 11,
				"visible_bounds_height": 6,
				"visible_bounds_offset": [0, 1, 0]
			},
			"bones": [
				{
					"name": "main",
					"pivot": [0, 0, 0]
				},
				{
					"name": "silencer",
					"parent": "main",
					"pivot": [0, 24.5, -15.55],
					"cubes": [
						{"origin": [-3, 21.5, -12.55], "size": [6, 6, 17], "uv": [0, 0]},
						{"origin": [-3, 21.5, 5.45], "size": [6, 6, 2], "uv": [0, 0]},
						{"origin": [-1, 21, 4.45], "size": [2, 7, 1], "uv": [6, 23]},
						{"origin": [-1, 21, 4.45], "size": [2, 7, 1], "pivot": [0, 24.5, 4.95], "rotation": [0, 0, 45], "uv": [0, 23]},
						{"origin": [-1, 21, 4.45], "size": [2, 7, 1], "pivot": [0, 24.5, 4.95], "rotation": [0, 0, 90], "uv": [6, 8]},
						{"origin": [-1, 21, 4.45], "size": [2, 7, 1], "pivot": [0, 24.5, 4.95], "rotation": [0, 0, 135], "uv": [0, 8]}
					]
				},
				{
					"name": "muzzleflash",
					"parent": "main",
					"pivot": [0, 24.35, -13.25],
					"cubes": [
						{"origin": [-0.5, 23.85, -13.55], "size": [1, 1, 1], "inflate": -0.4, "uv": [12, 10]}
					]
				},
				{
					"name": "_ca_suppressor",
					"parent": "main",
					"pivot": [0, 24.375, -0.65],
					"cubes": [
						{"origin": [-0.5, 23.875, -1.15], "size": [1, 1, 1], "uv": [12, 8]}
					]
				}
			]
		}
	]
}