{
	"format_version": "1.12.0",
	"minecraft:geometry": [
		{
			"description": {
				"identifier": "geometry.unknown",
				"texture_width": 64,
				"texture_height": 64,
				"visible_bounds_width": 11,
				"visible_bounds_height": 6,
				"visible_bounds_offset": [0, 1, 0]
			},
			"bones": [
				{
					"name": "main",
					"pivot": [0, 0, 0]
				},
				{
					"name": "silencer",
					"parent": "main",
					"pivot": [0, 24.5, -15.55],
					"cubes": [
						{"origin": [-3, 21.5, -12.55], "size": [6, 7, 11], "uv": [0, 0]},
						{"origin": [-3, 21.5, 0.45], "size": [6, 7, 2], "uv": [23, 0]},
						{"origin": [-3, 21.5, -1.55], "size": [6, 4, 2], "uv": [16, 28]},
						{"origin": [1, 22.5, -4.55], "size": [3, 4, 6], "pivot": [5.5, 23.5, 0.95], "rotation": [0, 0, -45], "uv": [18, 18]},
						{"origin": [-4, 22.5, -4.55], "size": [3, 4, 6], "pivot": [-5.5, 23.5, 0.95], "rotation": [0, 0, 45], "uv": [0, 18]}
					]
				},
				{
					"name": "muzzleflash",
					"parent": "main",
					"pivot": [0, 25.35, -13.25],
					"cubes": [
						{"origin": [-0.5, 24.85, -13.55], "size": [1, 1, 1], "inflate": -0.4, "uv": [0, 2]}
					]
				},
				{
					"name": "_ca_suppressor",
					"parent": "main",
					"pivot": [0, 24.375, -5.65],
					"cubes": [
						{"origin": [-0.5, 23.875, -6.15], "size": [1, 1, 1], "uv": [0, 0]}
					]
				}
			]
		}
	]
}