{
	"format_version": "1.12.0",
	"minecraft:geometry": [
		{
			"description": {
				"identifier": "geometry.unknown",
				"texture_width": 64,
				"texture_height": 64,
				"visible_bounds_width": 11,
				"visible_bounds_height": 6,
				"visible_bounds_offset": [0, 1, 0]
			},
			"bones": [
				{
					"name": "main",
					"pivot": [0, 19.25, 0]
				},
				{
					"name": "bone",
					"parent": "main",
					"pivot": [0, 0, 0],
					"cubes": [
						{"origin": [2, 27, -10], "size": [1, 2, 9], "uv": [11, 12]},
						{"origin": [-3, 27, -10], "size": [1, 2, 9], "uv": [0, 10]},
						{"origin": [-5, 29, -8], "size": [10, 1, 2], "uv": [17, 3]},
						{"origin": [-2, 28, -10], "size": [4, 1, 9], "uv": [0, 0]},
						{"origin": [-2, 29, -3], "size": [4, 1, 1], "uv": [11, 10]},
						{"origin": [-1, 31, -7], "size": [2, 1, 1], "inflate": -0.4, "pivot": [0, 32, -6.5], "rotation": [0, 0, -45], "uv": [11, 12]},
						{"origin": [-1, 32, -7], "size": [2, 1, 1], "inflate": -0.4, "pivot": [0, 32, -6.5], "rotation": [0, 0, -45], "uv": [0, 6]},
						{"origin": [0, 31, -7], "size": [1, 2, 1], "inflate": -0.4, "pivot": [0, 32, -6.5], "rotation": [0, 0, -45], "uv": [5, 15]},
						{"origin": [-1, 31, -7], "size": [1, 2, 1], "inflate": -0.4, "pivot": [0, 32, -6.5], "rotation": [0, 0, -45], "uv": [11, 14]},
						{"origin": [-5, 34, -8], "size": [10, 1, 2], "uv": [17, 0]},
						{"origin": [4, 30, -8], "size": [1, 4, 2], "uv": [0, 10]},
						{"origin": [-5, 30, -8], "size": [1, 4, 2], "uv": [0, 0]}
					]
				},
				{
					"name": "scope",
					"parent": "main",
					"pivot": [0, 32.2, 7.3],
					"cubes": [
						{"origin": [-0.5, 31.5, 7], "size": [1, 1, 1], "inflate": -0.4, "uv": [4, 0]}
					]
				},
				{
					"name": "_ca_scope",
					"parent": "main",
					"pivot": [0, 28.275, -5.65],
					"cubes": [
						{"origin": [-0.5, 27.5, -6], "size": [1, 1, 1], "uv": [19, 0]}
					]
				}
			]
		}
	]
}