{
	"format_version": "1.12.0",
	"minecraft:geometry": [
		{
			"description": {
				"identifier": "geometry.unknown",
				"texture_width": 16,
				"texture_height": 16,
				"visible_bounds_width": 3,
				"visible_bounds_height": 3,
				"visible_bounds_offset": [0, 0.5, 0]
			},
			"bones": [
				{
					"name": "rocket",
					"pivot": [0, 0.88235, -0.61765],
					"rotation": [90, 0, 0],
					"cubes": [
						{"origin": [-1.5, -2.61765, -2.11765], "size": [3, 7, 3], "uv": [0, 0]}
					]
				}
			]
		}
	]
}