{
	"format_version": "1.12.0",
	"minecraft:geometry": [
		{
			"description": {
				"identifier": "geometry.unknown",
				"texture_width": 64,
				"texture_height": 64,
				"visible_bounds_width": 11,
				"visible_bounds_height": 6,
				"visible_bounds_offset": [0, 1, 0]
			},
			"bones": [
				{
					"name": "main",
					"pivot": [0, 0, 0]
				},
				{
					"name": "silencer",
					"parent": "main",
					"pivot": [0, 24.5, -15.55],
					"cubes": [
						{"origin": [-1.5, 21, -8.55], "size": [3, 2, 12], "inflate": -0.1, "uv": [0, 0]},
						{"origin": [-1.5, 25, -8.55], "size": [3, 2, 8], "inflate": -0.1, "uv": [14, 17]},
						{"origin": [-2.5, 21.5, -4.55], "size": [5, 5, 6], "uv": [0, 14]},
						{"origin": [-2.5, 21.5, 2.45], "size": [5, 5, 2], "uv": [18, 0]},
						{"origin": [-1.5, 26.5, -0.55], "size": [3, 2, 2], "pivot": [0, 28, -1.05], "rotation": [-45, 0, 0], "uv": [18, 7]},
						{"origin": [0.25, 28, -0.05], "size": [1, 1, 1], "pivot": [0, 28, -1.05], "rotation": [-45, 0, 0], "uv": [0, 2]},
						{"origin": [0.25, 29, -0.05], "size": [1, 1, 4], "pivot": [0, 28, -1.05], "rotation": [-45, 0, 0], "uv": [0, 5]},
						{"origin": [-1.25, 29, -0.05], "size": [1, 1, 4], "pivot": [0, 28, -1.05], "rotation": [-45, 0, 0], "uv": [0, 0]},
						{"origin": [-1.25, 28, -0.05], "size": [1, 1, 1], "pivot": [0, 28, -1.05], "rotation": [-45, 0, 0], "uv": [0, 0]}
					]
				},
				{
					"name": "muzzleflash",
					"parent": "main",
					"pivot": [0, 24.1, -7.25],
					"cubes": [
						{"origin": [-0.5, 23.6, -7.55], "size": [1, 1, 1], "inflate": -0.4, "uv": [0, 2]}
					]
				},
				{
					"name": "_ca_suppressor",
					"parent": "main",
					"pivot": [0, 24.375, -0.15],
					"cubes": [
						{"origin": [-0.5, 23.5, -1], "size": [1, 1, 1], "uv": [0, 5]}
					]
				}
			]
		}
	]
}