{
	"format_version": "1.12.0",
	"minecraft:geometry": [
		{
			"description": {
				"identifier": "geometry.unknown",
				"texture_width": 64,
				"texture_height": 64,
				"visible_bounds_width": 3,
				"visible_bounds_height": 3,
				"visible_bounds_offset": [0, 0.5, 0]
			},
			"bones": [
				{
					"name": "rocket",
					"pivot": [0, 0.88235, 0.5],
					"rotation": [90, 0, 0],
					"cubes": [
						{"origin": [-3.5, 5.5, -3], "size": [7, 4, 7], "uv": [0, 19]},
						{"origin": [-3, 4.5, -2.5], "size": [6, 1, 6], "uv": [21, 0]},
						{"origin": [-3.5, -7.5, -3], "size": [7, 12, 7], "uv": [0, 0]},
						{"origin": [-2.5, -8.5, -2], "size": [5, 1, 5], "uv": [23, 25]},
						{"origin": [-2.5, 9.5, -2], "size": [5, 4, 5], "uv": [23, 14]},
						{"origin": [-8.04074, 0.28033, 0], "size": [6, 4, 1], "pivot": [0, 1.75, 0.5], "rotation": [0, 0, -45], "uv": [0, 30], "mirror": true},
						{"origin": [-8.04074, 4.28033, 0], "size": [4, 4, 1], "pivot": [0, 1.75, 0.5], "rotation": [-90, 45, -90], "uv": [28, 7], "mirror": true},
						{"origin": [4.04074, 4.28033, 0], "size": [4, 4, 1], "pivot": [0, 1.75, 0.5], "rotation": [90, 45, 90], "uv": [28, 7]},
						{"origin": [2.04074, 0.28033, 0], "size": [6, 4, 1], "pivot": [0, 1.75, 0.5], "rotation": [90, 45, 90], "uv": [0, 30]},
						{"origin": [-8.04074, 0.28033, 0], "size": [6, 4, 1], "pivot": [0, 1.75, 0.5], "rotation": [-90, 45, -90], "uv": [0, 30], "mirror": true},
						{"origin": [2.04074, 0.28033, 0], "size": [6, 4, 1], "pivot": [0, 1.75, 0.5], "rotation": [0, 0, 45], "uv": [0, 30]},
						{"origin": [4.04074, 4.28033, 0], "size": [4, 4, 1], "pivot": [0, 1.75, 0.5], "rotation": [0, 0, 45], "uv": [28, 7]},
						{"origin": [-8.04074, 4.28033, 0], "size": [4, 4, 1], "pivot": [0, 1.75, 0.5], "rotation": [0, 0, -45], "uv": [28, 7], "mirror": true}
					]
				},
				{
					"name": "nozzle",
					"pivot": [-0.5, 1, 10.5],
					"cubes": [
						{"origin": [-0.5, 0.5, 10], "size": [1, 1, 1], "inflate": -0.6, "uv": [0, 0]}
					]
				}
			]
		}
	]
}