{
	"format_version": "1.12.0",
	"minecraft:geometry": [
		{
			"description": {
				"identifier": "geometry.unknown",
				"texture_width": 128,
				"texture_height": 128,
				"visible_bounds_width": 8,
				"visible_bounds_height": 4,
				"visible_bounds_offset": [0, 1, 0]
			},
			"bones": [
				{
					"name": "main",
					"pivot": [0, 20, 0]
				},
				{
					"name": "_cb_suppressor",
					"parent": "main",
					"pivot": [0, 21, -25],
					"cubes": [
						{"origin": [-0.5, 20.5, -25.5], "size": [1, 1, 1], "uv": [1, 1]}
					]
				},
				{
					"name": "_cb_scope",
					"parent": "main",
					"pivot": [0, 27.1, -8.65],
					"cubes": [
						{"origin": [-0.5, 24.5, -8.15], "size": [1, 1, 1], "uv": [35, 105]}
					]
				},
				{
					"name": "gun",
					"parent": "main",
					"pivot": [1, 11, -1],
					"cubes": [
						{"origin": [-2.25, 14.5, -1], "size": [4.5, 4, 6], "uv": [68, 47]},
						{"origin": [-2.5, 7.5, -1], "size": [5, 7, 6], "pivot": [1, 13.5, -1], "rotation": [10, 0, 0], "uv": [66, 32]},
						{"origin": [-1.5, 15, -2], "size": [3, 4, 2], "inflate": -0.1, "uv": [14, 81]},
						{"origin": [-1, 16, -5.5], "size": [2, 3, 1], "inflate": -0.1, "pivot": [1.15, 15.05, -4.55], "rotation": [-21, 0, 0], "uv": [60, 44]},
						{"origin": [-1.5, 15, -7], "size": [3, 4, 1], "inflate": -0.1, "uv": [82, 47]},
						{"origin": [-1.5, 15, -6.5], "size": [3, 1, 5], "inflate": -0.11, "uv": [48, 81]},
						{"origin": [-1.5, 14.5, -12], "size": [3, 3, 1], "uv": [86, 5]},
						{"origin": [-1, 15, -24], "size": [2, 2, 6], "uv": [66, 79]},
						{"origin": [-7, 15, -24], "size": [6, 2, 2], "uv": [0, 41]},
						{"origin": [-7, 17, -24], "size": [2, 3, 2], "uv": [83, 15]},
						{"origin": [-7, 18, -22], "size": [2, 2, 1], "uv": [12, 27]},
						{"origin": [-1.5, 14.5, -8], "size": [3, 3, 1], "uv": [82, 84]},
						{"origin": [-2, 14, -14], "size": [4, 4, 2], "uv": [79, -1]},
						{"origin": [-2, 14, -18], "size": [4, 4, 2], "uv": [81, 67]},
						{"origin": [-2, 14, -11], "size": [4, 4, 3], "uv": [0, 81]},
						{"origin": [-9.5, 16, -20], "size": [6, 6, 15], "uv": [53, 58]},
						{"origin": [-8.5, 17, -21], "size": [4, 4, 1], "uv": [76, 79]},
						{"origin": [-3.5, 19, -13], "size": [1, 2, 5], "uv": [24, 49]},
						{"origin": [-8.5, 17, -5], "size": [4, 4, 1], "uv": [59, 79]},
						{"origin": [-3, 18, -14], "size": [6, 6, 21], "uv": [0, 0]},
						{"origin": [-3, 20, -17], "size": [6, 4, 2], "uv": [26, 39]},
						{"origin": [-2, 19, -25], "size": [4, 4, 11], "uv": [36, 4]},
						{"origin": [-2, 24, -13], "size": [4, 1, 14], "uv": [76, 31]}
					]
				},
				{
					"name": "spinny",
					"parent": "gun",
					"pivot": [0, 16, -16],
					"cubes": [
						{"origin": [-0.5, 13, -16], "size": [1, 6, 2], "pivot": [0, 16, -15], "rotation": [0, 0, 90], "uv": [0, 49]},
						{"origin": [-0.5, 13, -16], "size": [1, 6, 2], "pivot": [0, 16, -15], "rotation": [0, 0, 135], "uv": [0, 49]},
						{"origin": [-0.5, 13, -16], "size": [1, 6, 2], "pivot": [0, 16, -15], "rotation": [0, 0, -180], "uv": [0, 49]},
						{"origin": [-2, 14, -16], "size": [4, 4, 2], "pivot": [0, 16, -15], "rotation": [0, 0, -180], "uv": [0, 49]},
						{"origin": [-0.5, 13, -16], "size": [1, 6, 2], "pivot": [0, 16, -15], "rotation": [0, 0, 45], "uv": [0, 49]}
					]
				},
				{
					"name": "bone",
					"parent": "gun",
					"pivot": [0, 17.75, 21.75],
					"cubes": [
						{"origin": [-2, 19, 7], "size": [4, 4, 7], "uv": [11, 38]},
						{"origin": [-2.5, 13, 14], "size": [5, 11, 3], "uv": [29, 87]},
						{"origin": [-2.5, 14, 10], "size": [5, 10, 2], "uv": [32, 73]},
						{"origin": [-1.5, 15, 9], "size": [3, 3, 5], "uv": [80, 58]}
					]
				},
				{
					"name": "bone3",
					"parent": "gun",
					"pivot": [2.5, 21.5, -11.5],
					"cubes": [
						{"origin": [2, 21, -12], "size": [3, 1, 3], "pivot": [2.5, 21.5, -11.5], "rotation": [0, 0, -22.5], "uv": [72, 26]}
					]
				},
				{
					"name": "magazine",
					"parent": "main",
					"pivot": [0.5, 9.75, -10.75],
					"cubes": [
						{"origin": [-1.5, 5.5, -0.5], "size": [3, 11, 4], "pivot": [1, 16.5, -1.5], "rotation": [10, 0, 0], "uv": [33, 0]},
						{"origin": [-3.5, -2.44945, 0.50782], "size": [7, 9, 6], "uv": [60, 0]},
						{"origin": [-2.5, -3.44945, -0.49218], "size": [5, 9, 8], "uv": [46, 21]}
					]
				},
				{
					"name": "bullet",
					"parent": "magazine",
					"pivot": [-0.15, 24.4, -16.2]
				},
				{
					"name": "rightarm",
					"parent": "main",
					"pivot": [-4.3, 7.8, 21.8],
					"rotation": [-101.81106, -12.40003, -2.46982],
					"cubes": [
						{"origin": [-8.3, -16.2, 17.8], "size": [8, 24, 8], "uv": [0, 49]}
					]
				},
				{
					"name": "leftarm",
					"parent": "main",
					"pivot": [9.7, 1.3, 6.4],
					"rotation": [-119.61483, 1.67666, -38.31282],
					"cubes": [
						{"origin": [5.7, -23.7, 2.4], "size": [8, 24, 8], "uv": [36, 41]}
					]
				},
				{
					"name": "muzzleflash",
					"parent": "main",
					"pivot": [0, 21.1, -25.25],
					"cubes": [
						{"origin": [-0.5, 20.6, -25.55], "size": [1, 1, 1], "inflate": -0.4, "uv": [16, 5]}
					]
				},
				{
					"name": "scope",
					"parent": "main",
					"pivot": [0, 28.05, 6.75],
					"cubes": [
						{"origin": [-0.5, 27.55, 6.45], "size": [1, 1, 1], "inflate": -0.4, "uv": [16, 3]}
					]
				},
				{
					"name": "_cb_grip",
					"parent": "main",
					"pivot": [0, 14, -10.5],
					"cubes": [
						{"origin": [-0.5, 13.5, -11], "size": [1, 1, 1], "uv": [35, 105]}
					]
				}
			]
		}
	]
}