{
	"format_version": "1.12.0",
	"minecraft:geometry": [
		{
			"description": {
				"identifier": "geometry.unknown",
				"texture_width": 128,
				"texture_height": 128,
				"visible_bounds_width": 8,
				"visible_bounds_height": 6,
				"visible_bounds_offset": [0, 2, 0]
			},
			"bones": [
				{
					"name": "main",
					"pivot": [0, 20, 0]
				},
				{
					"name": "gun",
					"parent": "main",
					"pivot": [1, 11, -1],
					"cubes": [
						{"origin": [-1.75, 14.5, -1], "size": [3.5, 4, 5], "uv": [29, 30]},
						{"origin": [-2, 7.25, -0.5], "size": [4, 7, 5], "pivot": [1, 13.5, -1], "rotation": [35, 0, 0], "uv": [0, 0]},
						{"origin": [-1.5, 15, -2], "size": [3, 4, 2], "inflate": -0.1, "uv": [60, 82]},
						{"origin": [-1, 16, -5.5], "size": [2, 3, 1], "inflate": -0.1, "pivot": [1.15, 15.05, -4.55], "rotation": [-21, 0, 0], "uv": [13, 0]},
						{"origin": [-1.5, 15, -7], "size": [3, 4, 1], "inflate": -0.1, "uv": [76, 36]},
						{"origin": [-1.5, 15, -6.5], "size": [3, 1, 5], "inflate": -0.11, "uv": [34, 14]},
						{"origin": [-3, 11, -33], "size": [6, 6, 16], "uv": [4, 4]},
						{"origin": [-4, 14, -31], "size": [8, 6, 10], "uv": [60, 0]},
						{"origin": [-2, 12, -17], "size": [4, 4, 1], "uv": [97, 80]},
						{"origin": [-2, 12, -34], "size": [4, 4, 1], "uv": [95, 65]},
						{"origin": [-2.5, 11.5, -16], "size": [5, 5, 1], "uv": [20, 77]},
						{"origin": [-2.5, 11.5, -8], "size": [5, 5, 1], "uv": [46, 67]},
						{"origin": [-3, 18, -35], "size": [6, 11, 17], "uv": [0, 26]},
						{"origin": [-2, 29, -33], "size": [4, 1, 15], "uv": [59, 49]},
						{"origin": [-6.5, 22, -22], "size": [3, 5, 3], "pivot": [-5.5, 27.5, -20.5], "rotation": [0, 0, -45], "uv": [25, 58]},
						{"origin": [-6, 27, -21.5], "size": [2, 3, 2], "pivot": [-5.5, 27.5, -20.5], "rotation": [0, 0, -45], "uv": [82, 49]},
						{"origin": [-6, 28, -19.5], "size": [2, 2, 1], "pivot": [-5.5, 27.5, -20.5], "rotation": [0, 0, -45], "uv": [32, 16]},
						{"origin": [-6.5, 27.5, -18.5], "size": [3, 3, 9], "pivot": [-5.5, 27.5, -20.5], "rotation": [0, 0, -45], "uv": [0, 86]},
						{"origin": [-2, 28, -4], "size": [4, 1, 9], "uv": [3, 76]},
						{"origin": [-2, 18, -7], "size": [4, 4, 12], "uv": [26, 61]},
						{"origin": [-3, 22, -4], "size": [6, 6, 10], "uv": [3, 57]},
						{"origin": [-1.5, 19, 5], "size": [3, 3, 5], "uv": [65, 41]},
						{"origin": [-1.5, 19, -18], "size": [3, 3, 3], "uv": [55, 58]},
						{"origin": [-1.5, 24.5, 6], "size": [3, 3, 1], "uv": [66, 22]},
						{"origin": [-1, 25, 6], "size": [2, 2, 4], "uv": [57, 76]},
						{"origin": [-1.5, 19, 10], "size": [3, 9, 2], "uv": [0, 73]},
						{"origin": [-2, 17, 12], "size": [4, 12, 2], "uv": [0, 26]},
						{"origin": [-1.99, 15.01629, 9.67606], "size": [3.98, 4, 2], "pivot": [0.01, 15.51629, 10.67606], "rotation": [-50, 0, 0], "uv": [88, 98]},
						{"origin": [-3.5, 18, -15], "size": [6, 5, 8], "uv": [24, 78]},
						{"origin": [-4.5, 18.5, -7], "size": [3, 3, 2], "uv": [94, 36]},
						{"origin": [-3, 19, -5], "size": [3, 2, 5], "uv": [54, 39]},
						{"origin": [-2.5, 17, -15], "size": [5, 1, 8], "uv": [86, 0]},
						{"origin": [-3.5, 11, -15], "size": [7, 6, 7], "uv": [76, 23]},
						{"origin": [2.5, 17, -15], "size": [1, 1, 8], "uv": [60, 90]},
						{"origin": [2.5, 24, -15], "size": [1, 1, 8], "uv": [16, 91]},
						{"origin": [2.5, 18, -15], "size": [1, 3, 1], "uv": [12, 30]},
						{"origin": [2.5, 18, -8], "size": [1, 3, 1], "uv": [29, 29]},
						{"origin": [-2.5, 23, -15], "size": [5, 2, 8], "uv": [76, 36]},
						{"origin": [-2.5, 25, -15], "size": [5, 2, 1], "uv": [40, 30]},
						{"origin": [-2.5, 25, -8], "size": [5, 2, 1], "uv": [29, 40]},
						{"origin": [-2.5, 24.9, -8.5], "size": [4, 2, 1], "uv": [0, 64]},
						{"origin": [-2.5, 24.9, -14.5], "size": [4, 2, 1], "uv": [62, 49]},
						{"origin": [-4.5, 23, -15], "size": [2, 4, 8], "uv": [32, 0]},
						{"origin": [-4.08579, 26, -14.99], "size": [2, 3, 7.98], "pivot": [-3.08579, 27, -11], "rotation": [0, 0, 45], "uv": [89, 88]},
						{"origin": [-2, 19, -37], "size": [4, 4, 18], "uv": [28, 36]},
						{"origin": [-2, 24, -37], "size": [4, 4, 18], "uv": [34, 8]}
					]
				},
				{
					"name": "cogfire",
					"parent": "gun",
					"pivot": [0, 25.5, -18.5],
					"cubes": [
						{"origin": [-1, 22, -18], "size": [2, 7, 3], "pivot": [0, 25.5, -16.5], "rotation": [0, 0, -45], "uv": [60, 0]},
						{"origin": [-1, 22, -18], "size": [2, 7, 3], "pivot": [0, 25.5, -16.5], "rotation": [0, 0, 45], "uv": [34, 91]},
						{"origin": [-1, 22, -18], "size": [2, 7, 3], "pivot": [0, 25.5, -16.5], "rotation": [0, 0, 90], "uv": [78, 95]},
						{"origin": [-1, 22, -18.1], "size": [2, 7, 3], "uv": [97, 19]},
						{"origin": [-1, 22, -7], "size": [2, 7, 3], "uv": [51, 98]},
						{"origin": [-1, 22, -7], "size": [2, 7, 3], "pivot": [0, 25.5, -5.5], "rotation": [0, 0, 90], "uv": [98, 46]},
						{"origin": [-1, 22, -7], "size": [2, 7, 3], "pivot": [0, 25.5, -5.5], "rotation": [0, 0, 45], "uv": [41, 98]},
						{"origin": [-1, 22, -7], "size": [2, 7, 3], "pivot": [0, 25.5, -5.5], "rotation": [0, 0, -45], "uv": [0, 98]}
					]
				},
				{
					"name": "trig",
					"parent": "gun",
					"pivot": [-4.5, 20, -8.5],
					"cubes": [
						{"origin": [-5, 19, -13], "size": [1, 2, 7], "uv": [54, 30]}
					]
				},
				{
					"name": "bone3",
					"parent": "gun",
					"pivot": [-2.37868, 28.12132, -13],
					"cubes": [
						{"origin": [-2.37868, 27.12132, -15], "size": [4, 2, 8], "uv": [88, 9]}
					]
				},
				{
					"name": "magazine",
					"parent": "main",
					"pivot": [1.5, 8.75, -10.25],
					"cubes": [
						{"origin": [2.6, 18, -13.5], "size": [1, 5, 5], "uv": [0, 54]},
						{"origin": [19, 3, -14], "size": [12, 9, 6], "pivot": [11, 4.56104, -14.11204], "rotation": [0, 0, -90], "uv": [65, 65]},
						{"origin": [21, 1, -13], "size": [8, 1, 1], "pivot": [11, 4.56104, -14.11204], "rotation": [0, 0, -90], "uv": [0, 17]},
						{"origin": [21, 1, -10], "size": [8, 1, 1], "pivot": [11, 4.56104, -14.11204], "rotation": [0, 0, -90], "uv": [0, 15]},
						{"origin": [28, 2, -10], "size": [1, 1, 1], "pivot": [11, 4.56104, -14.11204], "rotation": [0, 0, -90], "uv": [40, 33]},
						{"origin": [21, 2, -10], "size": [1, 1, 1], "pivot": [11, 4.56104, -14.11204], "rotation": [0, 0, -90], "uv": [12, 38]},
						{"origin": [21, 2, -13], "size": [1, 1, 1], "pivot": [11, 4.56104, -14.11204], "rotation": [0, 0, -90], "uv": [12, 36]},
						{"origin": [28, 2, -13], "size": [1, 1, 1], "pivot": [11, 4.56104, -14.11204], "rotation": [0, 0, -90], "uv": [12, 34]},
						{"origin": [23, 4, -15], "size": [4, 7, 8], "pivot": [11, 4.56104, -14.11204], "rotation": [0, 0, -90], "uv": [44, 83]},
						{"origin": [28, 4, -15], "size": [4, 7, 8], "pivot": [11, 4.56104, -14.11204], "rotation": [0, 0, -90], "uv": [72, 80]},
						{"origin": [18, 4, -15], "size": [4, 7, 8], "pivot": [11, 4.56104, -14.11204], "rotation": [0, 0, -90], "uv": [82, 49]}
					]
				},
				{
					"name": "bone4",
					"parent": "magazine",
					"pivot": [0, 0, 0]
				},
				{
					"name": "bone7",
					"parent": "bone4",
					"pivot": [6.07322, 25.82322, -13],
					"cubes": [
						{"origin": [4.5, 25, -13.5], "size": [2, 2, 5], "uv": [88, 80]},
						{"origin": [6, 25, -13], "size": [2, 1, 4], "pivot": [7, 26, -11], "rotation": [0, 0, 45], "uv": [54, 49]}
					]
				},
				{
					"name": "bone6",
					"parent": "bone7",
					"pivot": [3.625, 26, -13],
					"cubes": [
						{"origin": [2, 25, -13.5], "size": [2, 2, 5], "uv": [73, 16]},
						{"origin": [3.75, 25.5, -13], "size": [1, 1, 4], "uv": [70, 82]}
					]
				},
				{
					"name": "bone5",
					"parent": "bone6",
					"pivot": [1.125, 26, -13],
					"cubes": [
						{"origin": [-0.5, 25, -13.5], "size": [2, 2, 5], "uv": [46, 60]},
						{"origin": [1.25, 25.5, -13], "size": [1, 1, 4], "uv": [82, 16]}
					]
				},
				{
					"name": "rightarm",
					"parent": "main",
					"pivot": [-4.3, 8.8, 21.8],
					"rotation": [-101.81106, -12.40003, -2.46982],
					"cubes": [
						{"origin": [-8.3, -15.2, 17.8], "size": [8, 24, 8], "uv": [32, 58]}
					]
				},
				{
					"name": "leftarm",
					"parent": "main",
					"pivot": [10.45, 1.3, -8.6],
					"rotation": [-119.61483, 1.67666, -38.31282],
					"cubes": [
						{"origin": [6.45, -22.7, -12.6], "size": [8, 24, 8], "uv": [0, 54]}
					]
				},
				{
					"name": "muzzleflash",
					"parent": "main",
					"pivot": [0, 23.35, -39.25],
					"cubes": [
						{"origin": [-0.5, 22.85, -37.55], "size": [1, 1, 1], "inflate": -0.4, "uv": [41, 40]}
					]
				},
				{
					"name": "scope",
					"parent": "main",
					"pivot": [0, 32.55, -5.25],
					"cubes": [
						{"origin": [-0.5, 32.05, -5.55], "size": [1, 1, 1], "inflate": -0.4, "uv": [13, 41]}
					]
				},
				{
					"name": "_cb_scope",
					"parent": "main",
					"pivot": [0, 31.1, -25.65],
					"cubes": [
						{"origin": [-0.5, 29.5, -25.15], "size": [1, 1, 1], "uv": [35, 105]}
					]
				}
			]
		}
	]
}