{
	"format_version": "1.12.0",
	"minecraft:geometry": [
		{
			"description": {
				"identifier": "geometry.unknown",
				"texture_width": 32,
				"texture_height": 32,
				"visible_bounds_width": 11,
				"visible_bounds_height": 6,
				"visible_bounds_offset": [0, 1, 0]
			},
			"bones": [
				{
					"name": "main",
					"pivot": [0, 20, 6]
				},
				{
					"name": "silencer",
					"parent": "main",
					"pivot": [0, 24.5, -15.55],
					"cubes": [
						{"origin": [-3, 25.5, 1.45], "size": [6, 2, 7], "uv": [0, 9]},
						{"origin": [-3, 21.5, 1.45], "size": [6, 2, 7], "uv": [0, 0]},
						{"origin": [-3, 21.5, 8.45], "size": [6, 6, 2], "uv": [0, 18]},
						{"origin": [-3, 21.5, 0.45], "size": [6, 6, 1], "uv": [16, 18]}
					]
				},
				{
					"name": "muzzleflash",
					"parent": "main",
					"pivot": [0, 24.35, 3.75],
					"cubes": [
						{"origin": [-0.5, 23.85, 3.45], "size": [1, 1, 1], "inflate": -0.4, "uv": [0, 2]}
					]
				},
				{
					"name": "_ca_suppressor",
					"parent": "main",
					"pivot": [0, 24.375, 5.35],
					"cubes": [
						{"origin": [-0.5, 23.875, 4.85], "size": [1, 1, 1], "uv": [0, 0]}
					]
				}
			]
		}
	]
}