{
	"format_version": "1.12.0",
	"minecraft:geometry": [
		{
			"description": {
				"identifier": "geometry.unknown",
				"texture_width": 64,
				"texture_height": 64,
				"visible_bounds_width": 11,
				"visible_bounds_height": 6,
				"visible_bounds_offset": [0, 1, 0]
			},
			"bones": [
				{
					"name": "main",
					"pivot": [0, 0, 0]
				},
				{
					"name": "silencer",
					"parent": "main",
					"pivot": [0, 24.5, -15.55],
					"cubes": [
						{"origin": [-2.5, 21.5, -12.55], "size": [5, 5, 12], "uv": [0, 0]},
						{"origin": [-3, 22.5, -4.55], "size": [6, 3, 3], "uv": [0, 17]}
					]
				},
				{
					"name": "muzzleflash",
					"parent": "main",
					"pivot": [0, 24.1, -13.25],
					"cubes": [
						{"origin": [-0.5, 23.6, -13.55], "size": [1, 1, 1], "inflate": -0.4, "uv": [0, 2]}
					]
				},
				{
					"name": "_ca_suppressor",
					"parent": "main",
					"pivot": [0, 23.875, -9.65],
					"cubes": [
						{"origin": [-0.5, 23.375, -10.15], "size": [1, 1, 1], "uv": [0, 0]}
					]
				}
			]
		}
	]
}