{
	"format_version": "1.12.0",
	"minecraft:geometry": [
		{
			"description": {
				"identifier": "geometry.unknown",
				"texture_width": 128,
				"texture_height": 128,
				"visible_bounds_width": 8,
				"visible_bounds_height": 4,
				"visible_bounds_offset": [0, 1, 0]
			},
			"bones": [
				{
					"name": "main",
					"pivot": [0, 20, 0]
				},
				{
					"name": "_cb_suppressor",
					"parent": "main",
					"pivot": [0, 18.875, -25.75],
					"cubes": [
						{"origin": [-0.5, 18, -20.5], "size": [1, 1, 1], "uv": [4, 0]}
					]
				},
				{
					"name": "_cb_scope",
					"parent": "main",
					"pivot": [0, 27.1, -3.65],
					"cubes": [
						{"origin": [-0.5, 25.5, -3.15], "size": [1, 1, 1], "uv": [4, 11]}
					]
				},
				{
					"name": "gun",
					"parent": "main",
					"pivot": [1, 11, -1],
					"cubes": [
						{"origin": [-1.75, 14.5, -1], "size": [3.5, 3, 5], "uv": [18, 48]},
						{"origin": [-2, 7.5, -1], "size": [4, 7, 5], "pivot": [1, 13.5, -1], "rotation": [20, 0, 0], "uv": [56, 48]},
						{"origin": [-2, 7.5, -5], "size": [4, 3, 4], "pivot": [1, 13.5, -1], "rotation": [20, 0, 0], "uv": [58, 0]},
						{"origin": [-1.5, 14, -2], "size": [3, 4, 2], "inflate": -0.1, "uv": [14, 0]},
						{"origin": [-1, 16, -4.5], "size": [2, 3, 1], "inflate": -0.1, "pivot": [1.15, 15.05, -4.55], "rotation": [-21, 0, 0], "uv": [36, 13]},
						{"origin": [-1.5, 14, -6], "size": [3, 4, 1], "inflate": -0.1, "uv": [36, 5]},
						{"origin": [-1.5, 14, -5.5], "size": [3, 1, 4], "inflate": -0.11, "uv": [25, 31]},
						{"origin": [-1.5, 8, 1], "size": [3, 3, 8], "uv": [36, 13]},
						{"origin": [-1.5, 7, -10], "size": [3, 3, 8], "uv": [0, 0]},
						{"origin": [-3, 17, -10], "size": [6, 4, 16], "uv": [8, 8]},
						{"origin": [-3, 17, 9], "size": [6, 4, 5], "uv": [59, 37]},
						{"origin": [-3, 21, 3], "size": [6, 3, 10], "uv": [36, 0]},
						{"origin": [-4, 18, 0], "size": [1, 6, 2], "uv": [0, 11]},
						{"origin": [-4, 24, 0], "size": [2, 1, 2], "uv": [0, 39]},
						{"origin": [-2, 24, -10], "size": [4, 2, 14], "uv": [26, 32]},
						{"origin": [-4, 24, -8], "size": [2, 1, 2], "uv": [25, 36]},
						{"origin": [-4, 18, -8], "size": [1, 6, 2], "uv": [0, 0]},
						{"origin": [-3, 16, -12], "size": [6, 5, 2], "uv": [50, 13]},
						{"origin": [-3, 16, -8], "size": [6, 1, 2], "uv": [25, 28]},
						{"origin": [-2, 16, 13], "size": [4, 7, 10], "uv": [0, 46]},
						{"origin": [-1.5, 17, -20], "size": [3, 3, 8], "uv": [0, 11]},
						{"origin": [-2, 8, 9], "size": [4, 10, 4], "uv": [48, 28]},
						{"origin": [-1.5, 10, -10], "size": [3, 7, 4], "uv": [0, 28]},
						{"origin": [-3, 9, 14], "size": [6, 6, 8], "uv": [28, 48]},
						{"origin": [-2, 10, 13], "size": [4, 4, 1], "uv": [36, 0]},
						{"origin": [-2, 10, 22], "size": [4, 4, 1], "uv": [14, 11]}
					]
				},
				{
					"name": "bone",
					"parent": "gun",
					"pivot": [0, 22.5, 4.5],
					"cubes": [
						{"origin": [-1.5, 22, 1], "size": [3, 1, 3], "uv": [38, 28]}
					]
				},
				{
					"name": "spinny",
					"parent": "gun",
					"pivot": [0, 19, 7.5],
					"cubes": [
						{"origin": [-0.5, 16, 6], "size": [1, 6, 3], "uv": [0, 46]},
						{"origin": [-0.5, 16, 6], "size": [1, 6, 3], "pivot": [0, 19, 7.5], "rotation": [0, 0, -45], "uv": [0, 46]},
						{"origin": [-0.5, 16, 6], "size": [1, 6, 3], "pivot": [0, 19, 7.5], "rotation": [0, 0, -90], "uv": [0, 46]},
						{"origin": [-0.5, 16, 6], "size": [1, 6, 3], "pivot": [0, 19, 7.5], "rotation": [0, 0, -135], "uv": [0, 46]},
						{"origin": [-2, 17, 6], "size": [4, 4, 3], "uv": [60, 20]}
					]
				},
				{
					"name": "magazine",
					"parent": "main",
					"pivot": [0, 22.5, 5],
					"cubes": [
						{"origin": [-2.5, 21, -11], "size": [5, 3, 13], "uv": [2, 30]},
						{"origin": [-2.5, 21, -12], "size": [5, 1, 1], "uv": [14, 42]},
						{"origin": [-2.5, 21, 2], "size": [5, 1, 1], "uv": [14, 42]},
						{"origin": [-2.5, 23, -12], "size": [5, 1, 1], "uv": [14, 42]},
						{"origin": [-2.5, 23, 2], "size": [5, 1, 1], "uv": [14, 42]},
						{"origin": [1.5, 22, -12], "size": [1, 1, 1], "uv": [14, 42]},
						{"origin": [-2.5, 22, -12], "size": [1, 1, 1], "uv": [14, 42]}
					]
				},
				{
					"name": "rightarm",
					"parent": "main",
					"pivot": [-4.3, 8.8, 21.8],
					"rotation": [-101.81106, -12.40003, -2.46982],
					"cubes": [
						{"origin": [-8.3, -15.2, 17.8], "size": [8, 24, 8], "uv": [0, 63]}
					]
				},
				{
					"name": "leftarm",
					"parent": "main",
					"pivot": [8.7, 4.3, 10.4],
					"rotation": [-119.61483, 1.67666, -38.31282],
					"cubes": [
						{"origin": [4.7, -19.7, 6.4], "size": [8, 24, 8], "uv": [48, 60]}
					]
				},
				{
					"name": "muzzleflash",
					"parent": "main",
					"pivot": [0, 18.35, -20.25],
					"cubes": [
						{"origin": [-0.5, 17.85, -20.55], "size": [1, 1, 1], "inflate": -0.4, "uv": [14, 16]}
					]
				},
				{
					"name": "scope",
					"parent": "main",
					"pivot": [0, 27.55, 7.75],
					"cubes": [
						{"origin": [-0.5, 27.05, 7.45], "size": [1, 1, 1], "inflate": -0.4, "uv": [14, 6]}
					]
				}
			]
		}
	]
}