{
	"format_version": "1.12.0",
	"minecraft:geometry": [
		{
			"description": {
				"identifier": "geometry.unknown",
				"texture_width": 128,
				"texture_height": 128,
				"visible_bounds_width": 8,
				"visible_bounds_height": 4,
				"visible_bounds_offset": [0, 1, 0]
			},
			"bones": [
				{
					"name": "main",
					"pivot": [0, 20, 0]
				},
				{
					"name": "gun",
					"parent": "main",
					"pivot": [1, 11, -1],
					"cubes": [
						{"origin": [-1.75, 14, -1], "size": [3.5, 5, 2], "uv": [70, 71]},
						{"origin": [-1.5, 7.5, -1], "size": [3, 7, 3], "pivot": [1, 13.5, -1], "rotation": [35, 0, 0], "uv": [36, 66]},
						{"origin": [-1.5, 10.5, 4], "size": [3, 4, 3], "pivot": [1, 13.5, -1], "rotation": [35, 0, 0], "uv": [60, 66]},
						{"origin": [-1.5, 7.5, 2], "size": [3, 3, 5], "pivot": [1, 13.5, -1], "rotation": [35, 0, 0], "uv": [55, 12]},
						{"origin": [-1.5, 14, -2], "size": [3, 4, 2], "inflate": -0.1, "uv": [48, 73]},
						{"origin": [-1, 16, -4.5], "size": [2, 3, 1], "inflate": -0.1, "pivot": [1.15, 15.05, -4.55], "rotation": [-21, 0, 0], "uv": [0, 5]},
						{"origin": [-1.5, 14, -6], "size": [3, 4, 1], "inflate": -0.1, "uv": [0, 0]},
						{"origin": [-1.5, 14, -5.5], "size": [3, 1, 4], "inflate": -0.11, "uv": [67, 59]},
						{"origin": [-2.5, 17, -28], "size": [5, 2, 28], "uv": [0, 0]},
						{"origin": [-1.5, 17, 0], "size": [3, 2, 5], "inflate": -0.1, "uv": [56, 59]},
						{"origin": [-4.5, 19, -28], "size": [9, 9, 18], "uv": [0, 30]},
						{"origin": [-4.5, 19, -29], "size": [9, 1, 1], "uv": [56, 46]},
						{"origin": [3.5, 20, -29], "size": [1, 7, 1], "uv": [4, 18]},
						{"origin": [-4.5, 20, -29], "size": [1, 7, 1], "uv": [0, 18]},
						{"origin": [-4.5, 27, -29], "size": [9, 1, 1], "uv": [36, 46]},
						{"origin": [-2.5, 25, -29], "size": [5, 1, 1], "uv": [63, 26]},
						{"origin": [-2.5, 21, -29], "size": [5, 1, 1], "uv": [0, 45]},
						{"origin": [1.5, 22, -29], "size": [1, 3, 1], "uv": [19, 4]},
						{"origin": [-2.5, 22, -29], "size": [1, 3, 1], "uv": [19, 0]},
						{"origin": [-2.5, 14, -10], "size": [5, 2, 4], "uv": [0, 39]},
						{"origin": [-1.5, 16, -28], "size": [3, 1, 9], "uv": [0, 18]},
						{"origin": [-2.5, 14, -28], "size": [5, 2, 9], "uv": [45, 48]},
						{"origin": [-1.5, 16, -10], "size": [3, 1, 4], "uv": [64, 48]},
						{"origin": [-0.5, 29, -23], "size": [4, 1, 11], "uv": [38, 0]},
						{"origin": [-3.5, 19, -2], "size": [7, 8, 1], "uv": [0, 30]},
						{"origin": [-4.5, 19, -10], "size": [9, 9, 7], "uv": [36, 30]},
						{"origin": [-4.5, 19, -3], "size": [9, 9, 1], "uv": [57, 0]},
						{"origin": [-9.5, 18, -11], "size": [5, 9, 9], "uv": [0, 0]},
						{"origin": [4.5, 20, -19], "size": [4, 6, 9], "uv": [38, 12]},
						{"origin": [4.5, 23, -23], "size": [1, 2, 4], "uv": [73, 6]},
						{"origin": [4.5, 20, -23], "size": [1, 2, 4], "uv": [72, 64]},
						{"origin": [-5.5, 24, -16], "size": [1, 2, 5], "uv": [48, 66]},
						{"origin": [-5.5, 20, -16], "size": [1, 2, 5], "uv": [66, 10]},
						{"origin": [0.5, 26, -23], "size": [5, 3, 3], "uv": [64, 20]},
						{"origin": [0.5, 26, -15], "size": [5, 3, 3], "uv": [61, 30]},
						{"origin": [-2.5, 20.5, 1], "size": [5, 5, 8], "uv": [0, 57]},
						{"origin": [-1.5, 21.5, 9], "size": [3, 3, 2], "uv": [18, 57]},
						{"origin": [-1.5, 15.5, 18], "size": [3, 10, 2], "uv": [26, 66]},
						{"origin": [-1.5, 17.5, 11], "size": [3, 7, 2], "uv": [38, 0]},
						{"origin": [-1.5, 17.5, 13], "size": [3, 2, 5], "uv": [40, 59]}
					]
				},
				{
					"name": "spinny",
					"parent": "gun",
					"pivot": [0, 23, -0.5],
					"cubes": [
						{"origin": [-1, 19, -1], "size": [2, 8, 2], "uv": [16, 70]},
						{"origin": [-1, 19, -1], "size": [2, 8, 2], "pivot": [0, 23, -0.5], "rotation": [0, 0, -45], "uv": [8, 70]},
						{"origin": [-1, 19, -1], "size": [2, 8, 2], "pivot": [0, 23, -0.5], "rotation": [0, 0, -90], "uv": [0, 70]},
						{"origin": [-1, 19, -1], "size": [2, 8, 2], "pivot": [0, 23, -0.5], "rotation": [0, 0, -135], "uv": [68, 36]}
					]
				},
				{
					"name": "pump",
					"parent": "gun",
					"pivot": [1, 11, -5],
					"cubes": [
						{"origin": [5.5, 21, -14], "size": [2, 4, 5], "uv": [26, 57]},
						{"origin": [4.5, 20, -9], "size": [4, 6, 2], "uv": [15, 18]}
					]
				},
				{
					"name": "magazine",
					"parent": "main",
					"pivot": [0, 20.5, -7.5],
					"cubes": [
						{"origin": [-1.5, 19, -11], "size": [3, 3, 7], "uv": [51, 73]}
					]
				},
				{
					"name": "rightarm",
					"parent": "main",
					"pivot": [-4.3, 9.8, 20.8],
					"rotation": [-101.81106, -12.40003, -2.46982],
					"cubes": [
						{"origin": [-8.3, -14.2, 16.8], "size": [8, 24, 8], "uv": [72, 70]}
					]
				},
				{
					"name": "leftarm",
					"parent": "main",
					"pivot": [11.7, 6.3, -4.6],
					"rotation": [-119.61483, 1.67666, -38.31282],
					"cubes": [
						{"origin": [7.7, -17.7, -8.6], "size": [8, 24, 8], "uv": [77, 18]}
					]
				},
				{
					"name": "muzzleflash",
					"parent": "main",
					"pivot": [0, 23.35, -29.25],
					"cubes": [
						{"origin": [-0.5, 22.85, -29.55], "size": [1, 1, 1], "inflate": -0.4, "uv": [27, 69]}
					]
				},
				{
					"name": "scope",
					"parent": "main",
					"pivot": [1, 32.55, 4.75],
					"cubes": [
						{"origin": [0.5, 32.05, 4.45], "size": [1, 1, 1], "inflate": -0.4, "uv": [27, 69]}
					]
				},
				{
					"name": "_cb_grip",
					"parent": "main",
					"pivot": [0, 13.95, -26.225],
					"cubes": [
						{"origin": [-0.5, 13.5, -24], "size": [1, 1, 1], "uv": [22, 3]}
					]
				},
				{
					"name": "_cb_scope",
					"parent": "main",
					"pivot": [1.5, 31.1, -12.65],
					"cubes": [
						{"origin": [1, 29.5, -18.15], "size": [1, 1, 1], "uv": [35, 105]}
					]
				}
			]
		}
	]
}