{
	"format_version": "1.12.0",
	"minecraft:geometry": [
		{
			"description": {
				"identifier": "geometry.unknown",
				"texture_width": 128,
				"texture_height": 128,
				"visible_bounds_width": 8,
				"visible_bounds_height": 4,
				"visible_bounds_offset": [0, 1, 0]
			},
			"bones": [
				{
					"name": "main",
					"pivot": [0, 20, 0]
				},
				{
					"name": "gun",
					"parent": "main",
					"pivot": [1, 11, -1],
					"cubes": [
						{"origin": [-1.75, 14, -1], "size": [3.5, 4, 5], "uv": [32, 15]},
						{"origin": [-2, 7, -1], "size": [4, 7, 5], "pivot": [1, 14, -1], "rotation": [35, 0, 0], "uv": [0, 61]},
						{"origin": [-1.5, 14, -2], "size": [3, 4, 2], "inflate": -0.1, "uv": [32, 67]},
						{"origin": [-1, 15, -5.5], "size": [2, 3, 1], "inflate": -0.1, "pivot": [1.15, 15.05, -4.55], "rotation": [-21, 0, 0], "uv": [0, 32]},
						{"origin": [-1.5, 14, -7], "size": [3, 4, 1], "inflate": -0.1, "uv": [0, 0]},
						{"origin": [-1.5, 14, -6.5], "size": [3, 1, 5], "inflate": -0.11, "uv": [60, 60]},
						{"origin": [-3, 20, -6], "size": [6, 5, 11], "uv": [0, 45]},
						{"origin": [-3, 17, -7], "size": [6, 3, 12], "uv": [32, 0]},
						{"origin": [-1.5, 21, 5], "size": [3, 3, 8], "uv": [0, 32]},
						{"origin": [-1, 18, 5], "size": [2, 2, 1], "uv": [0, 5]},
						{"origin": [-2, 14, 13], "size": [4, 11, 3], "uv": [18, 67]},
						{"origin": [-2, 26, -11], "size": [4, 1, 11], "uv": [56, 0]},
						{"origin": [-2, 17, -21], "size": [4, 3, 4], "uv": [48, 15]},
						{"origin": [-3, 16, -17], "size": [6, 4, 10], "uv": [46, 46]},
						{"origin": [-3, 20, -11], "size": [6, 6, 2], "uv": [24, 0]},
						{"origin": [-2, 25, -6], "size": [4, 1, 10], "uv": [24, 56]},
						{"origin": [2, 19, -22], "size": [1, 1, 3], "uv": [0, 36]},
						{"origin": [-3, 19, -22], "size": [1, 1, 3], "uv": [0, 36]},
						{"origin": [-3, 19, -23], "size": [1, 5, 1], "uv": [40, 0]},
						{"origin": [2, 19, -23], "size": [1, 5, 1], "uv": [40, 0]},
						{"origin": [-3, 24, -23], "size": [6, 1, 1], "uv": [13, 61]}
					]
				},
				{
					"name": "bone5",
					"parent": "gun",
					"pivot": [1, 10, -1],
					"cubes": [
						{"origin": [3, 20, -5], "size": [1, 4, 4], "uv": [14, 32]},
						{"origin": [1, 20.5, -4.5], "size": [2, 3, 3], "uv": [42, 60]}
					]
				},
				{
					"name": "spinny",
					"parent": "gun",
					"pivot": [0, 23, -7.5],
					"cubes": [
						{"origin": [-0.5, 20, -9], "size": [1, 6, 3], "uv": [56, 37]},
						{"origin": [-2, 21, -9], "size": [4, 4, 3], "uv": [68, 47]},
						{"origin": [-0.5, 20, -9], "size": [1, 6, 3], "pivot": [0, 23, -7.5], "rotation": [0, 0, 45], "uv": [56, 0]},
						{"origin": [-0.5, 20, -9], "size": [1, 6, 3], "pivot": [0, 23, -7.5], "rotation": [0, 0, 90], "uv": [48, 22]},
						{"origin": [-0.5, 20, -9], "size": [1, 6, 3], "pivot": [0, 23, -7.5], "rotation": [0, 0, 135], "uv": [0, 43]}
					]
				},
				{
					"name": "spinny2",
					"parent": "gun",
					"pivot": [0, 23.5, -15.25],
					"cubes": [
						{"origin": [-2, 20, -22], "size": [4, 7, 8], "uv": [44, 60]},
						{"origin": [-2, 20, -14], "size": [4, 7, 3], "uv": [68, 37]}
					]
				},
				{
					"name": "magazine",
					"parent": "main",
					"pivot": [0.5, 6.75, -10.25],
					"cubes": [
						{"origin": [-2, 3, -16], "size": [4, 14, 8], "uv": [56, 15]}
					]
				},
				{
					"name": "bullet",
					"parent": "magazine",
					"pivot": [-0.15, 21.4, -15.7],
					"cubes": [
						{"origin": [-0.4, 15.9, -15], "size": [2, 2, 6], "pivot": [-0.15, 17.4, -12], "rotation": [0, 0, 45], "uv": [68, 66]}
					]
				},
				{
					"name": "magazine2",
					"parent": "main",
					"pivot": [0.5, 6.75, -10.25],
					"cubes": [
						{"origin": [-2, 3, -16], "size": [4, 14, 8], "uv": [56, 15]}
					]
				},
				{
					"name": "bullet2",
					"parent": "magazine2",
					"pivot": [-0.15, 21.4, -15.7],
					"cubes": [
						{"origin": [-0.4, 15.9, -15], "size": [2, 2, 6], "pivot": [-0.15, 17.4, -12], "rotation": [0, 0, 45], "uv": [68, 66]}
					]
				},
				{
					"name": "rightarm",
					"parent": "main",
					"pivot": [-4.3, 8.8, 21.8],
					"rotation": [-101.81106, -12.40003, -2.46982],
					"cubes": [
						{"origin": [-8.3, -15.2, 17.8], "size": [8, 24, 8], "uv": [24, 24]}
					]
				},
				{
					"name": "leftarm",
					"parent": "main",
					"pivot": [10.7, 6.3, -0.6],
					"rotation": [-119.61483, 1.67666, -38.31282],
					"cubes": [
						{"origin": [6.7, -17.7, -4.6], "size": [8, 24, 8], "uv": [0, 0]}
					]
				},
				{
					"name": "muzzleflash",
					"parent": "main",
					"pivot": [0, 21.85, -23.25],
					"cubes": [
						{"origin": [-0.5, 21.35, -23.55], "size": [1, 1, 1], "inflate": -0.4, "uv": [32, 10]}
					]
				},
				{
					"name": "scope",
					"parent": "main",
					"pivot": [0, 29.55, 4.75],
					"cubes": [
						{"origin": [-0.5, 29.05, 4.45], "size": [1, 1, 1], "inflate": -0.4, "uv": [32, 8]}
					]
				},
				{
					"name": "_cb_grip",
					"parent": "main",
					"pivot": [0, 17, -19.5],
					"cubes": [
						{"origin": [-0.5, 16.5, -20], "size": [1, 1, 1], "uv": [35, 105]}
					]
				},
				{
					"name": "_cb_scope",
					"parent": "main",
					"pivot": [0, 28.1, -6.65],
					"cubes": [
						{"origin": [-0.5, 26.5, -6.15], "size": [1, 1, 1], "uv": [35, 105]}
					]
				},
				{
					"name": "_cb_barrel",
					"parent": "main",
					"pivot": [0, 22.375, -27.75],
					"cubes": [
						{"origin": [-0.5, 21.5, -22.5], "size": [1, 1, 1], "uv": [27, 69]}
					]
				}
			]
		}
	]
}